FactID,DateTime,LastBid,High,Low,Open,Volume,MarketCap,Beta,SecurityID
1,2021-05-28 09:30:00.0000000,125.56740,125.65000,125.35000,125.57000,2697703,2095420000000,1.200,1
2,2021-05-28 09:31:00.0000000,125.30000,125.80000,125.30000,125.56000,570700,2090960000000,1.200,1
3,2021-05-28 09:32:00.0000000,125.02010,125.32000,124.95000,125.32000,1014174,2086290000000,1.200,1
4,2021-05-28 09:33:00.0000000,125.01000,125.16690,124.95000,125.03000,532281,2086120000000,1.200,1
5,2021-05-28 09:34:00.0000000,124.77000,125.04500,124.74000,125.00000,609531,2082120000000,1.200,1
6,2021-05-28 09:35:00.0000000,124.82870,124.88000,124.58000,124.77000,691049,2083100000000,1.200,1
7,2021-05-28 09:36:00.0000000,124.85000,124.89000,124.59000,124.82000,524049,2083450000000,1.200,1
8,2021-05-28 09:37:00.0000000,124.86500,124.94000,124.84000,124.85500,428989,2083700000000,1.200,1
9,2021-05-28 09:38:00.0000000,124.90500,124.94000,124.82000,124.86000,313510,2084370000000,1.200,1
10,2021-05-28 09:39:00.0000000,124.89500,124.91000,124.81000,124.84000,441232,2084200000000,1.200,1
11,2021-05-28 09:40:00.0000000,125.05000,125.07000,124.87000,124.88500,444847,2086790000000,1.200,1
12,2021-05-28 09:41:00.0000000,125.01000,125.12000,124.99000,125.05500,338645,2086120000000,1.200,1
13,2021-05-28 09:42:00.0000000,125.20200,125.21000,124.90000,125.01000,395965,2089320000000,1.200,1
14,2021-05-28 09:43:00.0000000,125.31000,125.35000,125.18000,125.20500,412383,2091130000000,1.200,1
15,2021-05-28 09:44:00.0000000,125.25000,125.34770,125.15250,125.31000,416046,2090130000000,1.200,1
16,2021-05-28 09:45:00.0000000,125.24000,125.29000,125.18000,125.25000,233483,2089960000000,1.200,1
17,2021-05-28 09:46:00.0000000,125.30930,125.35000,125.23000,125.24990,208123,2091120000000,1.200,1
18,2021-05-28 09:47:00.0000000,125.25000,125.38000,125.18000,125.31000,325786,2090130000000,1.200,1
19,2021-05-28 09:48:00.0000000,125.14500,125.31000,125.04820,125.25000,295520,2088370000000,1.200,1
20,2021-05-28 09:49:00.0000000,125.09000,125.15000,125.00000,125.14000,356951,2087460000000,1.200,1
21,2021-05-28 09:50:00.0000000,125.18000,125.19500,125.06000,125.08000,282028,2088960000000,1.200,1
22,2021-05-28 09:51:00.0000000,125.15000,125.23000,125.12550,125.18500,210693,2088460000000,1.200,1
23,2021-05-28 09:52:00.0000000,125.23500,125.25000,125.08000,125.15500,291873,2089880000000,1.200,1
24,2021-05-28 09:53:00.0000000,125.26000,125.28000,125.21000,125.24500,230220,2090290000000,1.200,1
25,2021-05-28 09:54:00.0000000,125.44000,125.48000,125.26000,125.26000,356482,2093300000000,1.200,1
26,2021-05-28 09:55:00.0000000,125.41000,125.46990,125.35440,125.45000,205268,2092800000000,1.200,1
27,2021-05-28 09:56:00.0000000,125.50010,125.51500,125.39000,125.40500,255436,2094300000000,1.200,1
28,2021-05-28 09:57:00.0000000,125.42500,125.52000,125.41000,125.50500,234597,2093050000000,1.200,1
29,2021-05-28 09:58:00.0000000,125.47000,125.49000,125.41000,125.42000,145560,2093800000000,1.200,1
30,2021-05-28 09:59:00.0000000,125.46000,125.48000,125.39000,125.48000,152808,2093630000000,1.200,1
31,2021-05-28 10:00:00.0000000,125.44000,125.59000,125.44000,125.46000,280192,2093300000000,1.200,1
32,2021-05-28 10:01:00.0000000,125.45000,125.51000,125.43000,125.43500,174794,2093460000000,1.200,1
33,2021-05-28 10:02:00.0000000,125.41500,125.49000,125.39000,125.45080,200344,2092880000000,1.200,1
34,2021-05-28 10:03:00.0000000,125.38500,125.46280,125.32000,125.42000,163923,2092380000000,1.200,1
35,2021-05-28 10:04:00.0000000,125.38000,125.42500,125.27000,125.39000,252751,2092300000000,1.200,1
36,2021-05-28 10:05:00.0000000,125.38500,125.40000,125.34010,125.37000,122716,2092380000000,1.200,1
37,2021-05-28 10:06:00.0000000,125.56860,125.58000,125.37500,125.39000,177736,2095440000000,1.200,1
38,2021-05-28 10:07:00.0000000,125.48820,125.57500,125.48000,125.56920,216131,2094100000000,1.200,1
39,2021-05-28 10:08:00.0000000,125.50000,125.51000,125.45000,125.49000,128625,2094300000000,1.200,1
40,2021-05-28 10:09:00.0000000,125.43820,125.54000,125.43000,125.50000,170272,2093270000000,1.200,1
41,2021-05-28 10:10:00.0000000,125.58870,125.58940,125.43000,125.43710,142449,2095780000000,1.200,1
42,2021-05-28 10:11:00.0000000,125.64000,125.65000,125.58000,125.59000,223171,2096630000000,1.200,1
43,2021-05-28 10:12:00.0000000,125.54000,125.65000,125.54000,125.64500,166110,2094970000000,1.200,1
44,2021-05-28 10:13:00.0000000,125.44000,125.57520,125.44000,125.54500,221116,2093300000000,1.200,1
45,2021-05-28 10:14:00.0000000,125.39000,125.45500,125.35000,125.44000,221863,2092460000000,1.200,1
46,2021-05-28 10:15:00.0000000,125.43220,125.55000,125.38000,125.38500,201108,2093170000000,1.200,1
47,2021-05-28 10:16:00.0000000,125.50000,125.50000,125.43000,125.43500,103364,2094300000000,1.200,1
48,2021-05-28 10:17:00.0000000,125.61000,125.63000,125.49500,125.49920,172704,2096130000000,1.200,1
49,2021-05-28 10:18:00.0000000,125.69020,125.70000,125.59030,125.60100,200067,2097470000000,1.200,1
50,2021-05-28 10:19:00.0000000,125.61000,125.71000,125.58220,125.69500,221180,2096130000000,1.200,1
51,2021-05-28 10:20:00.0000000,125.43500,125.61710,125.42000,125.61270,285585,2093210000000,1.200,1
52,2021-05-28 10:21:00.0000000,125.42500,125.45560,125.33580,125.44450,211154,2093050000000,1.200,1
53,2021-05-28 10:22:00.0000000,125.46000,125.49000,125.42500,125.42500,125745,2093630000000,1.200,1
54,2021-05-28 10:23:00.0000000,125.42000,125.50000,125.36500,125.46970,147624,2092960000000,1.200,1
55,2021-05-28 10:24:00.0000000,125.31500,125.43000,125.30000,125.42000,236673,2091210000000,1.200,1
56,2021-05-28 10:25:00.0000000,125.24750,125.32000,125.20000,125.31500,195735,2090080000000,1.200,1
57,2021-05-28 10:26:00.0000000,125.32500,125.33000,125.22500,125.24500,204618,2091380000000,1.200,1
58,2021-05-28 10:27:00.0000000,125.18500,125.32000,125.18000,125.31000,163705,2089040000000,1.200,1
59,2021-05-28 10:28:00.0000000,125.20000,125.23000,125.15000,125.19000,156929,2089290000000,1.200,1
60,2021-05-28 10:29:00.0000000,125.18790,125.23000,125.16000,125.20500,135638,2089090000000,1.200,1
61,2021-05-28 10:30:00.0000000,125.32000,125.34000,125.19000,125.19820,182281,2091290000000,1.200,1
62,2021-05-28 10:31:00.0000000,125.40000,125.42000,125.32000,125.32000,195115,2092630000000,1.200,1
63,2021-05-28 10:32:00.0000000,125.39500,125.42720,125.37000,125.40880,147802,2092550000000,1.200,1
64,2021-05-28 10:33:00.0000000,125.31500,125.43000,125.31000,125.39500,202700,2091210000000,1.200,1
65,2021-05-28 10:34:00.0000000,125.40540,125.41000,125.28000,125.31000,101922,2092720000000,1.200,1
66,2021-05-28 10:35:00.0000000,125.42000,125.43000,125.38010,125.40500,87736,2092960000000,1.200,1
67,2021-05-28 10:36:00.0000000,125.49500,125.51000,125.42000,125.42500,187105,2094210000000,1.200,1
68,2021-05-28 10:37:00.0000000,125.54000,125.55000,125.46510,125.49000,119354,2094970000000,1.200,1
69,2021-05-28 10:38:00.0000000,125.57770,125.60000,125.53500,125.54000,122292,2095590000000,1.200,1
70,2021-05-28 10:39:00.0000000,125.59000,125.62000,125.57500,125.57890,141542,2095800000000,1.200,1
71,2021-05-28 10:40:00.0000000,125.57500,125.61000,125.55000,125.59550,113033,2095550000000,1.200,1
72,2021-05-28 10:41:00.0000000,125.54500,125.60000,125.52000,125.57000,136039,2095050000000,1.200,1
73,2021-05-28 10:42:00.0000000,125.53000,125.58000,125.53000,125.54010,100706,2094800000000,1.200,1
74,2021-05-28 10:43:00.0000000,125.52000,125.54500,125.46000,125.53500,233465,2094630000000,1.200,1
75,2021-05-28 10:44:00.0000000,125.40000,125.52000,125.39000,125.52000,138234,2092630000000,1.200,1
76,2021-05-28 10:45:00.0000000,125.43870,125.45000,125.39000,125.39500,156527,2093270000000,1.200,1
77,2021-05-28 10:46:00.0000000,125.41010,125.45000,125.41000,125.44000,202283,2092800000000,1.200,1
78,2021-05-28 10:47:00.0000000,125.42500,125.45000,125.40000,125.42000,93699,2093050000000,1.200,1
79,2021-05-28 10:48:00.0000000,125.36000,125.44500,125.36000,125.44000,131132,2091960000000,1.200,1
80,2021-05-28 10:49:00.0000000,125.30500,125.37000,125.25000,125.37000,277814,2091040000000,1.200,1
81,2021-05-28 10:50:00.0000000,125.28100,125.34000,125.27010,125.31000,124205,2090640000000,1.200,1
82,2021-05-28 10:51:00.0000000,125.32000,125.35000,125.28500,125.29000,137518,2091290000000,1.200,1
83,2021-05-28 10:52:00.0000000,125.36840,125.36840,125.32260,125.32260,113502,2092100000000,1.200,1
84,2021-05-28 10:53:00.0000000,125.35270,125.38000,125.33000,125.36000,119005,2091840000000,1.200,1
85,2021-05-28 10:54:00.0000000,125.30500,125.37850,125.29000,125.36000,154605,2091040000000,1.200,1
86,2021-05-28 10:55:00.0000000,125.27500,125.33000,125.27500,125.30200,93090,2090540000000,1.200,1
87,2021-05-28 10:56:00.0000000,125.24000,125.28000,125.20000,125.28000,220910,2089960000000,1.200,1
88,2021-05-28 10:57:00.0000000,125.15500,125.26000,125.15000,125.24090,143690,2088540000000,1.200,1
89,2021-05-28 10:58:00.0000000,125.15000,125.22550,125.14000,125.16000,132918,2088460000000,1.200,1
90,2021-05-28 10:59:00.0000000,125.17000,125.18500,125.13000,125.15500,125257,2088790000000,1.200,1
91,2021-05-28 11:00:00.0000000,125.16000,125.20000,125.16000,125.18000,176707,2088620000000,1.200,1
92,2021-05-28 11:01:00.0000000,125.15990,125.17000,125.13000,125.16000,106561,2088620000000,1.200,1
93,2021-05-28 11:02:00.0000000,125.11000,125.16000,125.11000,125.15280,132628,2087790000000,1.200,1
94,2021-05-28 11:03:00.0000000,125.01500,125.13000,124.97500,125.12000,338827,2086200000000,1.200,1
95,2021-05-28 11:04:00.0000000,125.02000,125.06000,124.99000,125.01000,188610,2086290000000,1.200,1
96,2021-05-28 11:05:00.0000000,124.91000,125.03500,124.88000,125.01500,268434,2084450000000,1.200,1
97,2021-05-28 11:06:00.0000000,124.97500,124.98000,124.91000,124.92000,138762,2085540000000,1.200,1
98,2021-05-28 11:07:00.0000000,125.01000,125.01500,124.93000,124.97570,166950,2086120000000,1.200,1
99,2021-05-28 11:08:00.0000000,125.00000,125.03000,124.95000,125.01500,186426,2085950000000,1.200,1
100,2021-05-28 11:09:00.0000000,125.07000,125.08500,125.00500,125.00990,205030,2087120000000,1.200,1
101,2021-05-28 11:10:00.0000000,125.06010,125.09000,125.06000,125.06500,144910,2086960000000,1.200,1
102,2021-05-28 11:11:00.0000000,125.03100,125.10000,125.03000,125.06400,157153,2086470000000,1.200,1
103,2021-05-28 11:12:00.0000000,125.00000,125.04000,124.99500,125.03400,162145,2085950000000,1.200,1
104,2021-05-28 11:13:00.0000000,125.01050,125.02920,124.96000,125.00000,143341,2086130000000,1.200,1
105,2021-05-28 11:14:00.0000000,124.99660,125.03000,124.98000,125.02000,96064,2085900000000,1.200,1
106,2021-05-28 11:15:00.0000000,125.00720,125.01500,124.96000,125.00000,107848,2086070000000,1.200,1
107,2021-05-28 11:16:00.0000000,124.93000,125.01000,124.93000,125.00200,108749,2084790000000,1.200,1
108,2021-05-28 11:17:00.0000000,124.97000,124.97900,124.92000,124.93500,159836,2085450000000,1.200,1
109,2021-05-28 11:18:00.0000000,124.97500,124.99000,124.94000,124.96500,79655,2085540000000,1.200,1
110,2021-05-28 11:19:00.0000000,124.95000,124.98000,124.94000,124.97500,105176,2085120000000,1.200,1
111,2021-05-28 11:20:00.0000000,124.95500,124.96000,124.94000,124.94570,70935,2085200000000,1.200,1
112,2021-05-28 11:21:00.0000000,124.98000,125.01000,124.95500,124.95990,191498,2085620000000,1.200,1
113,2021-05-28 11:22:00.0000000,124.95270,124.98500,124.94000,124.98130,87481,2085160000000,1.200,1
114,2021-05-28 11:23:00.0000000,124.96880,124.97000,124.94000,124.95000,102170,2085430000000,1.200,1
115,2021-05-28 11:24:00.0000000,125.00500,125.00990,124.96000,124.96500,103213,2086040000000,1.200,1
116,2021-05-28 11:25:00.0000000,125.04000,125.08000,125.00000,125.00500,475870,2086620000000,1.200,1
117,2021-05-28 11:26:00.0000000,125.06790,125.09000,125.02500,125.03500,98715,2087090000000,1.200,1
118,2021-05-28 11:27:00.0000000,125.00500,125.07000,124.98000,125.07000,165502,2086040000000,1.200,1
119,2021-05-28 11:28:00.0000000,124.99000,125.00500,124.95000,125.00500,131009,2085790000000,1.200,1
120,2021-05-28 11:29:00.0000000,125.06000,125.07550,124.97010,124.98000,136830,2086950000000,1.200,1
121,2021-05-28 11:30:00.0000000,125.05110,125.09000,125.04000,125.06480,111351,2086810000000,1.200,1
122,2021-05-28 11:31:00.0000000,125.10500,125.13000,125.03000,125.05500,141211,2087710000000,1.200,1
123,2021-05-28 11:32:00.0000000,125.13500,125.17000,125.10000,125.10440,114648,2088210000000,1.200,1
124,2021-05-28 11:33:00.0000000,125.14000,125.16000,125.12000,125.13500,77086,2088290000000,1.200,1
125,2021-05-28 11:34:00.0000000,125.09380,125.15700,125.07500,125.14500,113788,2087520000000,1.200,1
126,2021-05-28 11:35:00.0000000,125.14000,125.15000,125.08000,125.09500,88248,2088290000000,1.200,1
127,2021-05-28 11:36:00.0000000,125.12500,125.14500,125.08000,125.14500,124151,2088040000000,1.200,1
128,2021-05-28 11:37:00.0000000,125.11000,125.14000,125.10000,125.12500,71915,2087790000000,1.200,1
129,2021-05-28 11:38:00.0000000,125.14800,125.16000,125.10470,125.11010,90058,2088420000000,1.200,1
130,2021-05-28 11:39:00.0000000,125.15700,125.17000,125.14000,125.15000,76914,2088570000000,1.200,1
131,2021-05-28 11:40:00.0000000,125.15500,125.16000,125.13000,125.16000,79962,2088540000000,1.200,1
132,2021-05-28 11:41:00.0000000,125.18000,125.20000,125.15000,125.15500,137596,2088960000000,1.200,1
133,2021-05-28 11:42:00.0000000,125.18510,125.21000,125.16000,125.18000,103249,2089040000000,1.200,1
134,2021-05-28 11:43:00.0000000,125.16010,125.18990,125.15500,125.18900,80837,2088630000000,1.200,1
135,2021-05-28 11:44:00.0000000,125.15550,125.19000,125.15000,125.17000,87817,2088550000000,1.200,1
136,2021-05-28 11:45:00.0000000,125.18190,125.19000,125.13000,125.15000,203422,2088990000000,1.200,1
137,2021-05-28 11:46:00.0000000,125.20500,125.22000,125.16000,125.19000,187283,2089370000000,1.200,1
138,2021-05-28 11:47:00.0000000,125.21500,125.23000,125.18000,125.20780,136649,2089540000000,1.200,1
139,2021-05-28 11:48:00.0000000,125.16500,125.22000,125.16000,125.21500,108276,2088710000000,1.200,1
140,2021-05-28 11:49:00.0000000,125.17010,125.18000,125.14000,125.16030,82686,2088790000000,1.200,1
141,2021-05-28 11:50:00.0000000,125.13000,125.19000,125.11000,125.18000,140508,2088120000000,1.200,1
142,2021-05-28 11:51:00.0000000,125.12500,125.17000,125.12500,125.14000,81317,2088040000000,1.200,1
143,2021-05-28 11:52:00.0000000,125.10500,125.15000,125.10000,125.12170,80379,2087710000000,1.200,1
144,2021-05-28 11:53:00.0000000,125.10000,125.13000,125.09000,125.11000,85273,2087620000000,1.200,1
145,2021-05-28 11:54:00.0000000,125.13340,125.15000,125.10000,125.10000,86837,2088180000000,1.200,1
146,2021-05-28 11:55:00.0000000,125.13500,125.14000,125.12500,125.14000,35361,2088210000000,1.200,1
147,2021-05-28 11:56:00.0000000,125.20000,125.20000,125.13000,125.13500,122006,2089290000000,1.200,1
148,2021-05-28 11:57:00.0000000,125.22000,125.23000,125.20000,125.20000,107360,2089630000000,1.200,1
149,2021-05-28 11:58:00.0000000,125.21990,125.22980,125.19000,125.22500,90927,2089620000000,1.200,1
150,2021-05-28 11:59:00.0000000,125.19500,125.23000,125.19000,125.21990,76905,2089210000000,1.200,1
151,2021-05-28 12:00:00.0000000,125.17000,125.20000,125.16000,125.19500,51870,2088790000000,1.200,1
152,2021-05-28 12:01:00.0000000,125.19500,125.20000,125.17450,125.17500,57626,2089210000000,1.200,1
153,2021-05-28 12:02:00.0000000,125.22500,125.24000,125.19300,125.19990,111959,2089710000000,1.200,1
154,2021-05-28 12:03:00.0000000,125.25260,125.26000,125.21000,125.22500,89126,2090170000000,1.200,1
155,2021-05-28 12:04:00.0000000,125.24870,125.27000,125.22000,125.26000,93731,2090100000000,1.200,1
156,2021-05-28 12:05:00.0000000,125.26500,125.28000,125.24000,125.24910,87935,2090380000000,1.200,1
157,2021-05-28 12:06:00.0000000,125.30500,125.31000,125.26010,125.26500,109418,2091040000000,1.200,1
158,2021-05-28 12:07:00.0000000,125.31990,125.32000,125.29000,125.30500,97745,2091290000000,1.200,1
159,2021-05-28 12:08:00.0000000,125.36000,125.36500,125.30000,125.31500,160087,2091960000000,1.200,1
160,2021-05-28 12:09:00.0000000,125.36000,125.41000,125.36000,125.36300,177118,2091960000000,1.200,1
161,2021-05-28 12:10:00.0000000,125.30010,125.36800,125.30010,125.35290,108879,2090960000000,1.200,1
162,2021-05-28 12:11:00.0000000,125.32010,125.35000,125.30000,125.30500,73429,2091300000000,1.200,1
163,2021-05-28 12:12:00.0000000,125.32000,125.34510,125.32000,125.32500,67341,2091290000000,1.200,1
164,2021-05-28 12:13:00.0000000,125.30500,125.33000,125.28000,125.32450,107139,2091040000000,1.200,1
165,2021-05-28 12:14:00.0000000,125.31500,125.33000,125.30150,125.30500,81177,2091210000000,1.200,1
166,2021-05-28 12:15:00.0000000,125.28830,125.33000,125.28100,125.31700,74841,2090760000000,1.200,1
167,2021-05-28 12:16:00.0000000,125.31000,125.32500,125.28500,125.28640,78222,2091130000000,1.200,1
168,2021-05-28 12:17:00.0000000,125.27000,125.30560,125.23000,125.30500,96878,2090460000000,1.200,1
169,2021-05-28 12:18:00.0000000,125.22700,125.26990,125.22000,125.26990,69409,2089740000000,1.200,1
170,2021-05-28 12:19:00.0000000,125.24410,125.25000,125.19500,125.23000,126084,2090030000000,1.200,1
171,2021-05-28 12:20:00.0000000,125.16500,125.24500,125.16000,125.24500,114674,2088710000000,1.200,1
172,2021-05-28 12:21:00.0000000,125.17000,125.19750,125.14000,125.16500,107257,2088790000000,1.200,1
173,2021-05-28 12:22:00.0000000,125.18500,125.19000,125.15000,125.16000,64351,2089040000000,1.200,1
174,2021-05-28 12:23:00.0000000,125.24000,125.25000,125.18000,125.18500,140401,2089960000000,1.200,1
175,2021-05-28 12:24:00.0000000,125.30500,125.32000,125.24000,125.24000,123169,2091040000000,1.200,1
176,2021-05-28 12:25:00.0000000,125.27000,125.31000,125.26000,125.30610,111200,2090460000000,1.200,1
177,2021-05-28 12:26:00.0000000,125.20000,125.27000,125.19070,125.27000,84378,2089290000000,1.200,1
178,2021-05-28 12:27:00.0000000,125.21500,125.21500,125.17000,125.20510,134717,2089540000000,1.200,1
179,2021-05-28 12:28:00.0000000,125.22500,125.24000,125.20000,125.21000,97075,2089710000000,1.200,1
180,2021-05-28 12:29:00.0000000,125.23500,125.24000,125.19490,125.23000,82725,2089880000000,1.200,1
181,2021-05-28 12:30:00.0000000,125.21000,125.24000,125.19000,125.23500,94507,2089460000000,1.200,1
182,2021-05-28 12:31:00.0000000,125.20000,125.21500,125.18500,125.20500,81927,2089290000000,1.200,1
183,2021-05-28 12:32:00.0000000,125.20500,125.22000,125.19000,125.20100,62113,2089370000000,1.200,1
184,2021-05-28 12:33:00.0000000,125.16500,125.21000,125.16000,125.20170,59418,2088710000000,1.200,1
185,2021-05-28 12:34:00.0000000,125.24990,125.25000,125.16500,125.16500,99225,2090120000000,1.200,1
186,2021-05-28 12:35:00.0000000,125.25050,125.31720,125.24000,125.24990,160880,2090130000000,1.200,1
187,2021-05-28 12:36:00.0000000,125.22500,125.27750,125.22000,125.25500,72896,2089710000000,1.200,1
188,2021-05-28 12:37:00.0000000,125.24500,125.27500,125.23000,125.23000,80903,2090040000000,1.200,1
189,2021-05-28 12:38:00.0000000,125.28010,125.29000,125.24000,125.24500,65773,2090630000000,1.200,1
190,2021-05-28 12:39:00.0000000,125.31990,125.32000,125.26000,125.27500,94710,2091290000000,1.200,1
191,2021-05-28 12:40:00.0000000,125.27500,125.31000,125.27000,125.31000,71078,2090540000000,1.200,1
192,2021-05-28 12:41:00.0000000,125.26500,125.30000,125.26000,125.27500,101284,2090380000000,1.200,1
193,2021-05-28 12:42:00.0000000,125.25080,125.27000,125.24000,125.26500,50704,2090140000000,1.200,1
194,2021-05-28 12:43:00.0000000,125.24500,125.25500,125.21400,125.25000,97120,2090040000000,1.200,1
195,2021-05-28 12:44:00.0000000,125.23000,125.25000,125.23000,125.25000,51275,2089790000000,1.200,1
196,2021-05-28 12:45:00.0000000,125.23500,125.27000,125.23000,125.24000,80967,2089880000000,1.200,1
197,2021-05-28 12:46:00.0000000,125.27500,125.30000,125.22500,125.24000,85700,2090540000000,1.200,1
198,2021-05-28 12:47:00.0000000,125.27500,125.29000,125.26000,125.27500,44192,2090540000000,1.200,1
199,2021-05-28 12:48:00.0000000,125.24500,125.28000,125.14000,125.28000,234640,2090040000000,1.200,1
200,2021-05-28 12:49:00.0000000,125.25100,125.25500,125.21000,125.25000,101485,2090140000000,1.200,1
201,2021-05-28 12:50:00.0000000,125.17500,125.25500,125.17500,125.25500,120239,2088870000000,1.200,1
202,2021-05-28 12:51:00.0000000,125.19500,125.20000,125.16200,125.19000,71323,2089210000000,1.200,1
203,2021-05-28 12:52:00.0000000,125.22500,125.23500,125.19000,125.19980,67400,2089710000000,1.200,1
204,2021-05-28 12:53:00.0000000,125.20000,125.22500,125.18000,125.22100,91315,2089290000000,1.200,1
205,2021-05-28 12:54:00.0000000,125.15000,125.20000,125.14000,125.20000,113207,2088460000000,1.200,1
206,2021-05-28 12:55:00.0000000,125.15000,125.17500,125.14210,125.15500,68026,2088460000000,1.200,1
207,2021-05-28 12:56:00.0000000,125.17500,125.19630,125.15000,125.16000,99953,2088870000000,1.200,1
208,2021-05-28 12:57:00.0000000,125.21850,125.21850,125.17000,125.17500,82574,2089600000000,1.200,1
209,2021-05-28 12:58:00.0000000,125.25740,125.25740,125.20500,125.21000,81964,2090250000000,1.200,1
210,2021-05-28 12:59:00.0000000,125.29000,125.29560,125.25000,125.25180,74967,2090790000000,1.200,1
211,2021-05-28 13:00:00.0000000,125.32500,125.36000,125.29320,125.30000,204284,2091380000000,1.200,1
212,2021-05-28 13:01:00.0000000,125.29100,125.32800,125.29100,125.32000,74040,2090810000000,1.200,1
213,2021-05-28 13:02:00.0000000,125.35000,125.35000,125.29000,125.29500,87651,2091790000000,1.200,1
214,2021-05-28 13:03:00.0000000,125.36000,125.37990,125.34000,125.35500,91644,2091960000000,1.200,1
215,2021-05-28 13:04:00.0000000,125.32990,125.37000,125.31000,125.36500,119220,2091460000000,1.200,1
216,2021-05-28 13:05:00.0000000,125.31500,125.35000,125.31000,125.32500,104647,2091210000000,1.200,1
217,2021-05-28 13:06:00.0000000,125.34500,125.35000,125.30500,125.31300,98020,2091710000000,1.200,1
218,2021-05-28 13:07:00.0000000,125.26500,125.35000,125.25000,125.34500,169363,2090380000000,1.200,1
219,2021-05-28 13:08:00.0000000,125.23150,125.28000,125.19000,125.27000,144923,2089820000000,1.200,1
220,2021-05-28 13:09:00.0000000,125.20000,125.25500,125.19000,125.23390,111298,2089290000000,1.200,1
221,2021-05-28 13:10:00.0000000,125.19500,125.20700,125.16000,125.20700,89146,2089210000000,1.200,1
222,2021-05-28 13:11:00.0000000,125.17000,125.19000,125.16000,125.16500,179570,2088790000000,1.200,1
223,2021-05-28 13:12:00.0000000,125.13000,125.17000,125.12000,125.16500,162804,2088120000000,1.200,1
224,2021-05-28 13:13:00.0000000,125.11020,125.16000,125.09000,125.13500,135308,2087790000000,1.200,1
225,2021-05-28 13:14:00.0000000,125.05000,125.12000,125.04000,125.11010,199787,2086790000000,1.200,1
226,2021-05-28 13:15:00.0000000,125.03000,125.07000,125.01000,125.05030,168867,2086450000000,1.200,1
227,2021-05-28 13:16:00.0000000,124.98500,125.04000,124.97000,125.03500,280395,2085700000000,1.200,1
228,2021-05-28 13:17:00.0000000,124.98000,125.01000,124.97000,124.98500,181200,2085620000000,1.200,1
229,2021-05-28 13:18:00.0000000,124.97500,124.99000,124.97000,124.98250,143802,2085540000000,1.200,1
230,2021-05-28 13:19:00.0000000,124.98000,125.00000,124.96410,124.97500,127893,2085620000000,1.200,1
231,2021-05-28 13:20:00.0000000,124.91500,124.99000,124.91000,124.98990,134097,2084540000000,1.200,1
232,2021-05-28 13:21:00.0000000,124.87500,124.91700,124.86000,124.91500,230695,2083870000000,1.200,1
233,2021-05-28 13:22:00.0000000,124.86000,124.89500,124.83500,124.87000,197369,2083620000000,1.200,1
234,2021-05-28 13:23:00.0000000,124.86000,124.88000,124.85000,124.85500,115379,2083620000000,1.200,1
235,2021-05-28 13:24:00.0000000,124.86000,124.90000,124.85000,124.87000,140155,2083620000000,1.200,1
236,2021-05-28 13:25:00.0000000,124.92500,124.93000,124.83000,124.86500,222227,2084700000000,1.200,1
237,2021-05-28 13:26:00.0000000,124.92000,124.93500,124.89000,124.93000,182635,2084620000000,1.200,1
238,2021-05-28 13:27:00.0000000,124.93500,124.95000,124.90000,124.91500,108628,2084870000000,1.200,1
239,2021-05-28 13:28:00.0000000,124.90090,124.95000,124.86000,124.93140,127586,2084300000000,1.200,1
240,2021-05-28 13:29:00.0000000,124.84000,124.90500,124.83000,124.90500,115071,2083280000000,1.200,1
241,2021-05-28 13:30:00.0000000,124.88900,124.89000,124.82000,124.84500,125303,2084100000000,1.200,1
242,2021-05-28 13:31:00.0000000,124.96500,124.97500,124.88250,124.89000,154996,2085370000000,1.200,1
243,2021-05-28 13:32:00.0000000,124.96000,124.97000,124.93000,124.96500,88892,2085290000000,1.200,1
244,2021-05-28 13:33:00.0000000,124.97000,124.97000,124.91000,124.96000,85624,2085450000000,1.200,1
245,2021-05-28 13:34:00.0000000,124.94490,124.97500,124.93000,124.97000,67375,2085030000000,1.200,1
246,2021-05-28 13:35:00.0000000,124.94450,124.96000,124.93000,124.94010,51322,2085030000000,1.200,1
247,2021-05-28 13:36:00.0000000,124.90850,124.95000,124.90000,124.94310,95038,2084430000000,1.200,1
248,2021-05-28 13:37:00.0000000,124.90500,124.92500,124.88000,124.90500,102112,2084370000000,1.200,1
249,2021-05-28 13:38:00.0000000,124.89830,124.91000,124.88000,124.90500,72114,2084260000000,1.200,1
250,2021-05-28 13:39:00.0000000,124.83500,124.92000,124.79000,124.90000,300153,2083200000000,1.200,1
251,2021-05-28 13:40:00.0000000,124.81500,124.84000,124.77500,124.83750,171068,2082870000000,1.200,1
252,2021-05-28 13:41:00.0000000,124.86500,124.88000,124.80000,124.81000,106466,2083700000000,1.200,1
253,2021-05-28 13:42:00.0000000,124.88000,124.89000,124.86000,124.86500,73997,2083950000000,1.200,1
254,2021-05-28 13:43:00.0000000,124.88000,124.88990,124.84000,124.87600,74754,2083950000000,1.200,1
255,2021-05-28 13:44:00.0000000,124.88000,124.90000,124.87000,124.88020,68203,2083950000000,1.200,1
256,2021-05-28 13:45:00.0000000,124.78740,124.89000,124.77000,124.88000,196799,2082410000000,1.200,1
257,2021-05-28 13:46:00.0000000,124.80620,124.81500,124.73500,124.78500,233031,2082720000000,1.200,1
258,2021-05-28 13:47:00.0000000,124.78000,124.80670,124.76000,124.80000,102601,2082280000000,1.200,1
259,2021-05-28 13:48:00.0000000,124.75010,124.78000,124.74000,124.78000,150112,2081780000000,1.200,1
260,2021-05-28 13:49:00.0000000,124.79500,124.81000,124.74000,124.75750,150627,2082530000000,1.200,1
261,2021-05-28 13:50:00.0000000,124.82310,124.83000,124.77500,124.79850,78242,2083000000000,1.200,1
262,2021-05-28 13:51:00.0000000,124.89000,124.89000,124.82260,124.82500,189464,2084120000000,1.200,1
263,2021-05-28 13:52:00.0000000,124.90000,124.91500,124.86420,124.88500,79887,2084290000000,1.200,1
264,2021-05-28 13:53:00.0000000,124.90540,124.93890,124.90000,124.90500,121801,2084380000000,1.200,1
265,2021-05-28 13:54:00.0000000,124.94640,124.94640,124.88000,124.90000,87278,2085060000000,1.200,1
266,2021-05-28 13:55:00.0000000,124.90010,124.94700,124.88500,124.94700,112286,2084290000000,1.200,1
267,2021-05-28 13:56:00.0000000,124.91500,124.93000,124.86000,124.89000,79097,2084540000000,1.200,1
268,2021-05-28 13:57:00.0000000,124.88500,124.92000,124.86000,124.91500,99675,2084030000000,1.200,1
269,2021-05-28 13:58:00.0000000,124.88500,124.90500,124.86270,124.88820,83166,2084030000000,1.200,1
270,2021-05-28 13:59:00.0000000,124.87000,124.89000,124.85000,124.89000,98974,2083780000000,1.200,1
271,2021-05-28 14:00:00.0000000,124.82250,124.90150,124.82000,124.88000,115613,2082990000000,1.200,1
272,2021-05-28 14:01:00.0000000,124.87500,124.90000,124.81180,124.82230,140976,2083870000000,1.200,1
273,2021-05-28 14:02:00.0000000,124.90500,124.91760,124.86780,124.88000,113016,2084370000000,1.200,1
274,2021-05-28 14:03:00.0000000,124.98000,124.99000,124.90000,124.90000,119750,2085620000000,1.200,1
275,2021-05-28 14:04:00.0000000,124.98020,125.00000,124.97000,124.98500,254912,2085620000000,1.200,1
276,2021-05-28 14:05:00.0000000,124.97000,124.98000,124.95000,124.98000,84247,2085450000000,1.200,1
277,2021-05-28 14:06:00.0000000,124.97520,124.97520,124.93000,124.96000,86501,2085540000000,1.200,1
278,2021-05-28 14:07:00.0000000,124.97500,125.01000,124.96500,124.97300,151980,2085540000000,1.200,1
279,2021-05-28 14:08:00.0000000,124.96000,124.97600,124.90000,124.97000,144187,2085290000000,1.200,1
280,2021-05-28 14:09:00.0000000,124.91220,124.97000,124.91220,124.95000,86442,2084490000000,1.200,1
281,2021-05-28 14:10:00.0000000,124.90000,124.94250,124.90000,124.92000,89355,2084290000000,1.200,1
282,2021-05-28 14:11:00.0000000,124.90500,124.92000,124.86000,124.90000,130307,2084370000000,1.200,1
283,2021-05-28 14:12:00.0000000,124.95920,124.97000,124.90000,124.90720,101409,2085270000000,1.200,1
284,2021-05-28 14:13:00.0000000,124.96500,124.97990,124.95000,124.95160,81400,2085370000000,1.200,1
285,2021-05-28 14:14:00.0000000,124.94990,124.99000,124.92000,124.96000,91893,2085120000000,1.200,1
286,2021-05-28 14:15:00.0000000,124.95500,124.98000,124.91000,124.94000,86156,2085200000000,1.200,1
287,2021-05-28 14:16:00.0000000,124.98000,124.99500,124.96000,124.96000,95396,2085620000000,1.200,1
288,2021-05-28 14:17:00.0000000,124.97500,124.99000,124.96100,124.98000,83670,2085540000000,1.200,1
289,2021-05-28 14:18:00.0000000,125.04000,125.04500,124.97500,124.97550,135917,2086620000000,1.200,1
290,2021-05-28 14:19:00.0000000,125.02820,125.04170,125.00000,125.04000,82603,2086420000000,1.200,1
291,2021-05-28 14:20:00.0000000,125.03050,125.04000,124.99500,125.02000,66285,2086460000000,1.200,1
292,2021-05-28 14:21:00.0000000,125.03670,125.05000,125.01500,125.03500,151536,2086570000000,1.200,1
293,2021-05-28 14:22:00.0000000,125.03110,125.06000,125.03000,125.03840,73165,2086470000000,1.200,1
294,2021-05-28 14:23:00.0000000,124.99840,125.04000,124.95000,125.03540,152909,2085930000000,1.200,1
295,2021-05-28 14:24:00.0000000,125.00820,125.02000,124.99000,124.99210,53575,2086090000000,1.200,1
296,2021-05-28 14:25:00.0000000,124.98000,125.01000,124.97000,125.00000,86971,2085620000000,1.200,1
297,2021-05-28 14:26:00.0000000,124.99330,125.02000,124.98000,124.98130,53680,2085840000000,1.200,1
298,2021-05-28 14:27:00.0000000,125.05000,125.07000,124.99010,124.99710,87865,2086790000000,1.200,1
299,2021-05-28 14:28:00.0000000,125.05010,125.06000,125.03000,125.05500,65919,2086790000000,1.200,1
300,2021-05-28 14:29:00.0000000,125.07500,125.09000,125.05000,125.06000,129019,2087210000000,1.200,1
301,2021-05-28 14:30:00.0000000,125.02700,125.08000,125.02000,125.07500,72554,2086400000000,1.200,1
302,2021-05-28 14:31:00.0000000,125.03280,125.05500,125.02000,125.03000,69409,2086500000000,1.200,1
303,2021-05-28 14:32:00.0000000,125.01220,125.04900,125.01000,125.03880,68801,2086160000000,1.200,1
304,2021-05-28 14:33:00.0000000,125.01500,125.02800,124.99200,125.01230,71554,2086200000000,1.200,1
305,2021-05-28 14:34:00.0000000,125.04020,125.04980,125.01010,125.01500,46875,2086620000000,1.200,1
306,2021-05-28 14:35:00.0000000,125.03800,125.05000,125.02000,125.04000,100997,2086590000000,1.200,1
307,2021-05-28 14:36:00.0000000,125.02500,125.04500,125.02000,125.04000,57547,2086370000000,1.200,1
308,2021-05-28 14:37:00.0000000,125.02500,125.05000,125.02000,125.02990,45907,2086370000000,1.200,1
309,2021-05-28 14:38:00.0000000,125.00800,125.02890,125.00000,125.02500,59704,2086090000000,1.200,1
310,2021-05-28 14:39:00.0000000,125.02240,125.02730,124.99000,125.01000,81348,2086330000000,1.200,1
311,2021-05-28 14:40:00.0000000,125.02500,125.03910,125.01000,125.02000,55144,2086370000000,1.200,1
312,2021-05-28 14:41:00.0000000,125.03000,125.05000,125.02500,125.02500,47183,2086450000000,1.200,1
313,2021-05-28 14:42:00.0000000,125.02130,125.03000,125.00000,125.02000,69897,2086310000000,1.200,1
314,2021-05-28 14:43:00.0000000,125.04000,125.04000,125.01200,125.02500,57566,2086620000000,1.200,1
315,2021-05-28 14:44:00.0000000,125.06500,125.08000,125.04000,125.04290,134092,2087040000000,1.200,1
316,2021-05-28 14:45:00.0000000,125.08160,125.09000,125.06010,125.06010,83335,2087320000000,1.200,1
317,2021-05-28 14:46:00.0000000,125.07000,125.09000,125.06000,125.08000,72757,2087120000000,1.200,1
318,2021-05-28 14:47:00.0000000,125.09500,125.11000,125.06500,125.07000,92564,2087540000000,1.200,1
319,2021-05-28 14:48:00.0000000,125.07860,125.11000,125.07000,125.09500,84653,2087270000000,1.200,1
320,2021-05-28 14:49:00.0000000,125.09500,125.10730,125.07500,125.07500,49978,2087540000000,1.200,1
321,2021-05-28 14:50:00.0000000,125.10500,125.11000,125.09000,125.09990,49502,2087710000000,1.200,1
322,2021-05-28 14:51:00.0000000,125.04000,125.14000,125.04000,125.11000,135244,2086620000000,1.200,1
323,2021-05-28 14:52:00.0000000,125.03500,125.05000,125.01000,125.04000,141291,2086540000000,1.200,1
324,2021-05-28 14:53:00.0000000,125.03500,125.06500,125.03010,125.03500,74510,2086540000000,1.200,1
325,2021-05-28 14:54:00.0000000,125.07000,125.07000,125.03000,125.03500,58747,2087120000000,1.200,1
326,2021-05-28 14:55:00.0000000,125.05000,125.09000,125.05000,125.07360,50464,2086790000000,1.200,1
327,2021-05-28 14:56:00.0000000,125.09300,125.10000,125.05500,125.05500,59762,2087510000000,1.200,1
328,2021-05-28 14:57:00.0000000,125.08000,125.10000,125.06000,125.09500,83063,2087290000000,1.200,1
329,2021-05-28 14:58:00.0000000,125.05630,125.09000,125.04500,125.08000,73923,2086890000000,1.200,1
330,2021-05-28 14:59:00.0000000,125.07820,125.10500,125.05100,125.05100,75360,2087260000000,1.200,1
331,2021-05-28 15:00:00.0000000,125.07000,125.07500,125.01500,125.07500,108303,2087120000000,1.200,1
332,2021-05-28 09:30:00.0000000,237.41000,237.47000,236.21001,236.21001,59846,136405000000,0.720,2
333,2021-05-28 09:31:00.0000000,237.50000,237.57001,237.22009,237.39999,5983,136457000000,0.720,2
334,2021-05-28 09:32:00.0000000,238.00000,238.00000,237.30000,237.49001,16327,136744000000,0.720,2
335,2021-05-28 09:33:00.0000000,237.72000,238.55000,237.72000,238.09000,13333,136583000000,0.720,2
336,2021-05-28 09:34:00.0000000,238.30000,238.42999,237.50000,237.50000,12317,136916000000,0.720,2
337,2021-05-28 09:35:00.0000000,238.75000,238.75000,238.30000,238.45000,11490,137175000000,0.720,2
338,2021-05-28 09:36:00.0000000,238.00000,238.90500,237.99001,238.71690,18509,136744000000,0.720,2
339,2021-05-28 09:37:00.0000000,238.31000,238.42000,237.89999,238.05000,8224,136922000000,0.720,2
340,2021-05-28 09:38:00.0000000,238.53999,238.70000,238.34000,238.34000,6070,137054000000,0.720,2
341,2021-05-28 09:39:00.0000000,238.42999,238.78000,238.42999,238.56960,8639,136991000000,0.720,2
342,2021-05-28 09:40:00.0000000,238.61000,238.69000,238.53000,238.57001,2760,137094000000,0.720,2
343,2021-05-28 09:41:00.0000000,238.68770,238.75349,238.68770,238.70000,2393,137139000000,0.720,2
344,2021-05-28 09:42:00.0000000,238.82001,238.86000,238.74001,238.74001,3234,137215000000,0.720,2
345,2021-05-28 09:43:00.0000000,238.67999,238.82001,238.44000,238.82001,9066,137135000000,0.720,2
346,2021-05-28 09:44:00.0000000,238.45000,238.72000,238.35001,238.67000,12636,137002000000,0.720,2
347,2021-05-28 09:45:00.0000000,238.55000,238.58000,238.45000,238.45000,2758,137060000000,0.720,2
348,2021-05-28 09:46:00.0000000,238.27000,238.78000,238.27000,238.64999,5956,136899000000,0.720,2
349,2021-05-28 09:47:00.0000000,238.70000,238.74710,238.42000,238.42000,7431,137146000000,0.720,2
350,2021-05-28 09:48:00.0000000,238.38499,238.69000,238.33000,238.66000,4494,136965000000,0.720,2
351,2021-05-28 09:49:00.0000000,238.02000,238.33501,238.02000,238.31000,5385,136755000000,0.720,2
352,2021-05-28 09:50:00.0000000,237.78000,238.10001,237.73000,238.05000,7742,136617000000,0.720,2
353,2021-05-28 09:51:00.0000000,237.89000,238.05000,237.78790,237.83000,6941,136681000000,0.720,2
354,2021-05-28 09:52:00.0000000,237.93500,238.06990,237.83000,237.98000,5702,136707000000,0.720,2
355,2021-05-28 09:53:00.0000000,238.00999,238.07001,237.83000,237.93500,18270,136750000000,0.720,2
356,2021-05-28 09:54:00.0000000,237.99001,238.05000,237.92999,237.97000,8517,136738000000,0.720,2
357,2021-05-28 09:55:00.0000000,237.83000,238.07001,237.83000,237.99001,9718,136646000000,0.720,2
358,2021-05-28 09:56:00.0000000,237.85001,237.85001,237.68500,237.70000,4074,136658000000,0.720,2
359,2021-05-28 09:57:00.0000000,237.84000,237.84000,237.62000,237.78999,5062,136652000000,0.720,2
360,2021-05-28 09:58:00.0000000,237.74001,237.83000,237.70000,237.82001,6003,136594000000,0.720,2
361,2021-05-28 09:59:00.0000000,237.71001,237.74001,237.64000,237.70000,4670,136577000000,0.720,2
362,2021-05-28 10:00:00.0000000,237.58000,237.75000,237.46001,237.73000,4894,136503000000,0.720,2
363,2021-05-28 10:01:00.0000000,237.81000,237.83000,237.73000,237.73000,3101,136635000000,0.720,2
364,2021-05-28 10:02:00.0000000,237.98000,237.98000,237.80499,237.80499,3459,136732000000,0.720,2
365,2021-05-28 10:03:00.0000000,237.87000,238.02000,237.84000,237.98000,8432,136669000000,0.720,2
366,2021-05-28 10:04:00.0000000,238.35001,238.35001,237.86000,237.86000,10924,136945000000,0.720,2
367,2021-05-28 10:05:00.0000000,238.56000,238.57690,238.25340,238.25340,5331,137066000000,0.720,2
368,2021-05-28 10:06:00.0000000,238.48000,238.70000,238.45500,238.56000,14352,137020000000,0.720,2
369,2021-05-28 10:07:00.0000000,238.75751,238.75751,238.47580,238.47580,9970,137179000000,0.720,2
370,2021-05-28 10:08:00.0000000,238.69000,238.74001,238.57001,238.72900,5259,137140000000,0.720,2
371,2021-05-28 10:09:00.0000000,238.89999,238.89999,238.70700,238.70700,7537,137261000000,0.720,2
372,2021-05-28 10:10:00.0000000,238.88000,238.89999,238.75000,238.84000,7208,137249000000,0.720,2
373,2021-05-28 10:11:00.0000000,239.16000,239.16000,238.75999,238.75999,5427,137410000000,0.720,2
374,2021-05-28 10:12:00.0000000,239.03000,239.17999,239.03000,239.14670,5112,137336000000,0.720,2
375,2021-05-28 10:13:00.0000000,238.95500,239.07950,238.91000,238.98000,3575,137293000000,0.720,2
376,2021-05-28 10:14:00.0000000,238.98000,239.07001,238.89999,238.94200,3389,137307000000,0.720,2
377,2021-05-28 10:15:00.0000000,238.80000,239.06660,238.80000,239.06000,3695,137203000000,0.720,2
378,2021-05-28 10:16:00.0000000,238.88000,238.94501,238.83501,238.83501,2855,137249000000,0.720,2
379,2021-05-28 10:17:00.0000000,238.78000,238.86000,238.71069,238.86000,3450,137192000000,0.720,2
380,2021-05-28 10:18:00.0000000,238.89000,238.89000,238.72000,238.84500,3699,137255000000,0.720,2
381,2021-05-28 10:19:00.0000000,238.92000,238.96001,238.77000,238.88000,10604,137272000000,0.720,2
382,2021-05-28 10:20:00.0000000,238.82500,238.90500,238.77000,238.89000,4744,137218000000,0.720,2
383,2021-05-28 10:21:00.0000000,238.82001,238.82001,238.72000,238.75000,1895,137215000000,0.720,2
384,2021-05-28 10:22:00.0000000,239.10500,239.10500,238.72920,238.85001,6215,137379000000,0.720,2
385,2021-05-28 10:23:00.0000000,238.80000,239.12000,238.78999,239.12000,6068,137203000000,0.720,2
386,2021-05-28 10:24:00.0000000,238.91000,239.00000,238.78999,238.83000,12222,137267000000,0.720,2
387,2021-05-28 10:25:00.0000000,239.09840,239.12030,238.85001,238.94000,8523,137375000000,0.720,2
388,2021-05-28 10:26:00.0000000,239.17999,239.17999,239.09500,239.13000,4806,137422000000,0.720,2
389,2021-05-28 10:27:00.0000000,239.25999,239.33000,239.14000,239.24001,5136,137468000000,0.720,2
390,2021-05-28 10:28:00.0000000,239.05000,239.20000,239.00999,239.20000,6722,137347000000,0.720,2
391,2021-05-28 10:29:00.0000000,239.11000,239.11000,238.96500,239.05000,16194,137382000000,0.720,2
392,2021-05-28 10:30:00.0000000,239.11000,239.20000,239.05000,239.09000,15554,137382000000,0.720,2
393,2021-05-28 10:31:00.0000000,238.87000,239.20000,238.87000,239.17000,17598,137244000000,0.720,2
394,2021-05-28 10:32:00.0000000,238.85001,238.91000,238.83000,238.84000,2736,137232000000,0.720,2
395,2021-05-28 10:33:00.0000000,238.91000,238.91000,238.83000,238.89999,2354,137267000000,0.720,2
396,2021-05-28 10:34:00.0000000,239.05000,239.05000,238.96001,238.96001,1048,137347000000,0.720,2
397,2021-05-28 10:35:00.0000000,239.02000,239.02521,238.97000,238.97000,2691,137330000000,0.720,2
398,2021-05-28 10:36:00.0000000,238.99001,239.03000,238.86000,238.96001,11199,137313000000,0.720,2
399,2021-05-28 10:37:00.0000000,238.97000,239.07001,238.95000,238.96001,6906,137301000000,0.720,2
400,2021-05-28 10:38:00.0000000,239.08000,239.08000,238.99001,238.99001,1519,137364000000,0.720,2
401,2021-05-28 10:39:00.0000000,239.05000,239.10001,239.02870,239.10001,3552,137347000000,0.720,2
402,2021-05-28 10:40:00.0000000,238.99500,239.03999,238.92999,239.02000,7333,137316000000,0.720,2
403,2021-05-28 10:41:00.0000000,239.05000,239.05000,238.94000,238.95000,3301,137347000000,0.720,2
404,2021-05-28 10:42:00.0000000,239.17999,239.17999,239.06000,239.08000,6146,137422000000,0.720,2
405,2021-05-28 10:43:00.0000000,239.36740,239.37000,239.20000,239.20000,6232,137529000000,0.720,2
406,2021-05-28 10:44:00.0000000,239.42999,239.42999,239.33000,239.35001,2738,137565000000,0.720,2
407,2021-05-28 10:45:00.0000000,239.53000,239.53000,239.42999,239.45000,3263,137623000000,0.720,2
408,2021-05-28 10:46:00.0000000,239.46500,239.59000,239.42000,239.48660,10835,137586000000,0.720,2
409,2021-05-28 10:47:00.0000000,239.38000,239.58000,239.38000,239.49001,6233,137537000000,0.720,2
410,2021-05-28 10:48:00.0000000,239.39999,239.41000,239.32001,239.34000,3341,137548000000,0.720,2
411,2021-05-28 10:49:00.0000000,239.42999,239.48000,239.39000,239.39000,5042,137565000000,0.720,2
412,2021-05-28 10:50:00.0000000,239.41000,239.53999,239.37000,239.43649,9655,137554000000,0.720,2
413,2021-05-28 10:51:00.0000000,239.27000,239.46500,239.25999,239.42000,5997,137474000000,0.720,2
414,2021-05-28 10:52:00.0000000,239.34000,239.34000,239.12000,239.24001,4038,137514000000,0.720,2
415,2021-05-28 10:53:00.0000000,239.27000,239.28999,239.21001,239.28999,5998,137474000000,0.720,2
416,2021-05-28 10:54:00.0000000,239.31000,239.31000,239.25999,239.30000,1710,137497000000,0.720,2
417,2021-05-28 10:55:00.0000000,239.14000,239.31000,239.11000,239.31000,7882,137399000000,0.720,2
418,2021-05-28 10:56:00.0000000,239.14000,239.20000,239.13499,239.14999,3981,137399000000,0.720,2
419,2021-05-28 10:57:00.0000000,239.17000,239.17000,239.09000,239.13000,2828,137416000000,0.720,2
420,2021-05-28 10:58:00.0000000,239.21500,239.21500,239.17000,239.18130,1473,137442000000,0.720,2
421,2021-05-28 10:59:00.0000000,239.25999,239.27000,239.18590,239.26500,4721,137468000000,0.720,2
422,2021-05-28 11:00:00.0000000,239.25999,239.30000,239.19000,239.24001,4205,137468000000,0.720,2
423,2021-05-28 11:01:00.0000000,239.14999,239.31000,239.09000,239.31000,8306,137405000000,0.720,2
424,2021-05-28 11:02:00.0000000,239.03000,239.16000,238.95000,239.11000,5881,137336000000,0.720,2
425,2021-05-28 11:03:00.0000000,239.13000,239.21500,239.00000,239.00000,4374,137393000000,0.720,2
426,2021-05-28 11:04:00.0000000,239.22000,239.27000,239.13000,239.13000,4080,137445000000,0.720,2
427,2021-05-28 11:05:00.0000000,239.22000,239.27000,239.20000,239.25000,3026,137445000000,0.720,2
428,2021-05-28 11:06:00.0000000,238.99001,239.17999,238.92000,239.17999,4072,137313000000,0.720,2
429,2021-05-28 11:07:00.0000000,238.58121,239.00000,238.58121,238.95500,7624,137078000000,0.720,2
430,2021-05-28 11:08:00.0000000,238.34000,238.60001,238.28000,238.60001,20661,136939000000,0.720,2
431,2021-05-28 11:09:00.0000000,238.44000,238.44000,238.35001,238.35001,2953,136997000000,0.720,2
432,2021-05-28 11:10:00.0000000,238.46001,238.46001,238.33000,238.42000,2381,137008000000,0.720,2
433,2021-05-28 11:11:00.0000000,238.52000,238.52000,238.42999,238.49001,2578,137043000000,0.720,2
434,2021-05-28 11:12:00.0000000,238.52000,238.58990,238.48500,238.54500,3180,137043000000,0.720,2
435,2021-05-28 11:13:00.0000000,238.45000,238.53999,238.45000,238.53999,2064,137002000000,0.720,2
436,2021-05-28 11:14:00.0000000,238.50999,238.50999,238.42999,238.42999,808,137037000000,0.720,2
437,2021-05-28 11:15:00.0000000,238.37000,238.45000,238.31000,238.45000,2257,136956000000,0.720,2
438,2021-05-28 11:16:00.0000000,238.32001,238.38000,238.32001,238.38000,1379,136928000000,0.720,2
439,2021-05-28 11:17:00.0000000,238.21001,238.37000,238.21001,238.37000,1996,136865000000,0.720,2
440,2021-05-28 11:18:00.0000000,238.17000,238.21001,238.12000,238.17000,2310,136842000000,0.720,2
441,2021-05-28 11:19:00.0000000,238.27499,238.31000,238.27499,238.28050,1661,136902000000,0.720,2
442,2021-05-28 11:20:00.0000000,238.25000,238.25000,238.25000,238.25000,298,136887000000,0.720,2
443,2021-05-28 11:21:00.0000000,238.25999,238.25999,238.11000,238.20000,2991,136893000000,0.720,2
444,2021-05-28 11:22:00.0000000,238.21111,238.21111,238.12650,238.16000,1318,136865000000,0.720,2
445,2021-05-28 11:23:00.0000000,237.86000,238.14000,237.86000,238.13000,5750,136663000000,0.720,2
446,2021-05-28 11:24:00.0000000,238.06000,238.06000,237.89999,237.89999,4201,136778000000,0.720,2
447,2021-05-28 11:25:00.0000000,237.93500,238.08000,237.93500,238.08000,1849,136707000000,0.720,2
448,2021-05-28 11:26:00.0000000,238.00999,238.03000,238.00999,238.03000,1286,136750000000,0.720,2
449,2021-05-28 11:27:00.0000000,237.99001,238.00000,237.92999,237.92999,2994,136738000000,0.720,2
450,2021-05-28 11:28:00.0000000,237.92000,238.00000,237.88000,237.96001,3020,136698000000,0.720,2
451,2021-05-28 11:29:00.0000000,237.78999,237.90500,237.78999,237.87000,5361,136623000000,0.720,2
452,2021-05-28 11:30:00.0000000,237.81000,237.85001,237.78999,237.81000,1624,136635000000,0.720,2
453,2021-05-28 11:31:00.0000000,237.85680,237.92999,237.85010,237.89999,3131,136662000000,0.720,2
454,2021-05-28 11:32:00.0000000,238.06230,238.10001,238.03999,238.05000,2537,136780000000,0.720,2
455,2021-05-28 11:33:00.0000000,238.00999,238.11000,238.00999,238.08000,1089,136750000000,0.720,2
456,2021-05-28 11:34:00.0000000,238.25000,238.25000,238.00000,238.04500,3512,136887000000,0.720,2
457,2021-05-28 11:35:00.0000000,238.32291,238.39999,238.17999,238.20000,4950,136929000000,0.720,2
458,2021-05-28 11:36:00.0000000,238.62000,238.62000,238.35001,238.35001,4434,137100000000,0.720,2
459,2021-05-28 11:37:00.0000000,238.45000,238.67999,238.45000,238.61501,13653,137002000000,0.720,2
460,2021-05-28 11:38:00.0000000,238.33000,238.58000,238.33000,238.58000,2744,136933000000,0.720,2
461,2021-05-28 11:39:00.0000000,238.44501,238.49001,238.41000,238.42000,2929,137000000000,0.720,2
462,2021-05-28 11:40:00.0000000,238.64500,238.64999,238.45500,238.45500,5560,137114000000,0.720,2
463,2021-05-28 11:41:00.0000000,238.57001,238.71989,238.57001,238.64999,2735,137071000000,0.720,2
464,2021-05-28 11:42:00.0000000,238.58000,238.62000,238.55000,238.58000,1846,137077000000,0.720,2
465,2021-05-28 11:43:00.0000000,238.56979,238.61000,238.50000,238.61000,3592,137071000000,0.720,2
466,2021-05-28 11:44:00.0000000,238.28999,238.54500,238.28000,238.54500,6965,136910000000,0.720,2
467,2021-05-28 11:45:00.0000000,238.19470,238.32001,238.17999,238.30000,3946,136856000000,0.720,2
468,2021-05-28 11:46:00.0000000,238.12000,238.20000,238.11000,238.14000,2053,136813000000,0.720,2
469,2021-05-28 11:47:00.0000000,237.92000,238.08000,237.87000,238.06000,2792,136698000000,0.720,2
470,2021-05-28 11:48:00.0000000,237.89999,237.97000,237.89999,237.92000,2871,136686000000,0.720,2
471,2021-05-28 11:49:00.0000000,237.95000,237.97000,237.86000,237.94501,3221,136715000000,0.720,2
472,2021-05-28 11:50:00.0000000,238.01500,238.01500,237.92999,237.92999,2174,136752000000,0.720,2
473,2021-05-28 11:51:00.0000000,238.03999,238.05000,237.86000,237.96001,2702,136767000000,0.720,2
474,2021-05-28 11:52:00.0000000,238.10001,238.11000,238.05000,238.05000,1909,136801000000,0.720,2
475,2021-05-28 11:53:00.0000000,238.03909,238.03909,237.95000,238.00000,1978,136766000000,0.720,2
476,2021-05-28 11:54:00.0000000,237.91521,238.02000,237.91521,238.01500,2023,136695000000,0.720,2
477,2021-05-28 11:55:00.0000000,237.92500,237.92500,237.77000,237.86501,3233,136701000000,0.720,2
478,2021-05-28 11:56:00.0000000,237.82001,237.88000,237.81500,237.82500,2740,136640000000,0.720,2
479,2021-05-28 11:57:00.0000000,237.92000,237.92999,237.82500,237.82500,2067,136698000000,0.720,2
480,2021-05-28 11:58:00.0000000,237.82001,237.92000,237.82001,237.86000,1999,136640000000,0.720,2
481,2021-05-28 11:59:00.0000000,237.80499,237.81000,237.71001,237.77000,3119,136632000000,0.720,2
482,2021-05-28 12:00:00.0000000,237.84000,237.88000,237.75999,237.86000,3106,136652000000,0.720,2
483,2021-05-28 12:01:00.0000000,237.87000,237.87000,237.87000,237.87000,708,136669000000,0.720,2
484,2021-05-28 12:02:00.0000000,237.75999,237.87000,237.75999,237.84000,1587,136606000000,0.720,2
485,2021-05-28 12:03:00.0000000,237.74001,237.74001,237.64000,237.73000,1463,136594000000,0.720,2
486,2021-05-28 12:04:00.0000000,237.74500,237.82001,237.67999,237.82001,3829,136597000000,0.720,2
487,2021-05-28 12:05:00.0000000,237.81500,237.86090,237.81000,237.82001,2650,136638000000,0.720,2
488,2021-05-28 12:06:00.0000000,237.87590,237.87590,237.79539,237.79539,2019,136673000000,0.720,2
489,2021-05-28 12:07:00.0000000,238.07001,238.08000,237.92000,237.92000,2245,136784000000,0.720,2
490,2021-05-28 12:08:00.0000000,238.13000,238.14000,238.00000,238.05000,3817,136819000000,0.720,2
491,2021-05-28 12:09:00.0000000,237.92000,238.09000,237.84000,238.09000,10740,136698000000,0.720,2
492,2021-05-28 12:10:00.0000000,237.96500,238.00090,237.89999,237.92999,2179,136724000000,0.720,2
493,2021-05-28 12:11:00.0000000,237.88000,237.95000,237.84000,237.95000,1435,136675000000,0.720,2
494,2021-05-28 12:12:00.0000000,237.80499,237.86000,237.78000,237.80000,2646,136632000000,0.720,2
495,2021-05-28 12:13:00.0000000,237.83501,237.86000,237.83501,237.86000,1676,136649000000,0.720,2
496,2021-05-28 12:14:00.0000000,238.01500,238.03000,237.95000,237.95000,3409,136752000000,0.720,2
497,2021-05-28 12:15:00.0000000,238.05000,238.17999,237.99001,238.06000,9293,136773000000,0.720,2
498,2021-05-28 12:16:00.0000000,237.97000,238.04440,237.89999,238.04440,2941,136727000000,0.720,2
499,2021-05-28 12:17:00.0000000,237.96001,238.00020,237.96001,238.00000,1473,136721000000,0.720,2
500,2021-05-28 12:18:00.0000000,237.96001,238.00500,237.95000,237.98500,4041,136721000000,0.720,2
501,2021-05-28 12:19:00.0000000,237.81500,237.95500,237.75000,237.95500,5379,136638000000,0.720,2
502,2021-05-28 12:20:00.0000000,237.91000,237.96001,237.80000,237.85001,2613,136692000000,0.720,2
503,2021-05-28 12:21:00.0000000,237.93610,237.94000,237.87000,237.88000,2052,136707000000,0.720,2
504,2021-05-28 12:22:00.0000000,237.89400,237.91000,237.85500,237.89999,3951,136683000000,0.720,2
505,2021-05-28 12:23:00.0000000,237.96001,238.08000,237.89999,237.89999,3802,136721000000,0.720,2
506,2021-05-28 12:24:00.0000000,238.10001,238.11000,237.99001,237.99001,2812,136801000000,0.720,2
507,2021-05-28 12:25:00.0000000,238.02000,238.12000,238.00999,238.08000,4994,136755000000,0.720,2
508,2021-05-28 12:26:00.0000000,238.12000,238.12000,238.00000,238.00999,3646,136813000000,0.720,2
509,2021-05-28 12:27:00.0000000,238.91000,239.13000,238.22000,238.22000,72251,137267000000,0.720,2
510,2021-05-28 12:28:00.0000000,238.78000,238.92000,238.67000,238.91000,22479,137192000000,0.720,2
511,2021-05-28 12:29:00.0000000,239.39000,240.00000,238.78000,238.84000,54637,137542000000,0.720,2
512,2021-05-28 12:30:00.0000000,239.67999,240.00000,239.30000,239.31000,44890,137709000000,0.720,2
513,2021-05-28 12:31:00.0000000,239.97501,240.00000,239.63000,239.75999,36103,137879000000,0.720,2
514,2021-05-28 12:32:00.0000000,240.03000,240.21001,239.75000,239.96001,34207,137910000000,0.720,2
515,2021-05-28 12:33:00.0000000,240.10001,240.39000,240.00999,240.13000,33374,137950000000,0.720,2
516,2021-05-28 12:34:00.0000000,240.14999,240.21989,240.03999,240.11501,14371,137979000000,0.720,2
517,2021-05-28 12:35:00.0000000,240.33000,240.33000,240.07001,240.07001,7207,138083000000,0.720,2
518,2021-05-28 12:36:00.0000000,240.16000,240.87000,240.16000,240.37000,29338,137985000000,0.720,2
519,2021-05-28 12:37:00.0000000,239.89500,240.14000,239.81000,240.14000,13629,137833000000,0.720,2
520,2021-05-28 12:38:00.0000000,239.67999,239.86501,239.64000,239.81000,23219,137709000000,0.720,2
521,2021-05-28 12:39:00.0000000,239.33000,239.66499,239.33000,239.66499,8492,137508000000,0.720,2
522,2021-05-28 12:40:00.0000000,239.34500,239.44000,239.22000,239.44000,14098,137517000000,0.720,2
523,2021-05-28 12:41:00.0000000,238.94000,239.30000,238.92999,239.30000,8490,137284000000,0.720,2
524,2021-05-28 12:42:00.0000000,239.00000,239.00000,238.83000,238.89000,8198,137318000000,0.720,2
525,2021-05-28 12:43:00.0000000,238.70000,238.97000,238.70000,238.97000,3589,137146000000,0.720,2
526,2021-05-28 12:44:00.0000000,238.64999,238.67000,238.58501,238.60001,3241,137117000000,0.720,2
527,2021-05-28 12:45:00.0000000,238.61000,238.67999,238.50000,238.67999,4059,137094000000,0.720,2
528,2021-05-28 12:46:00.0000000,238.63000,238.66000,238.52000,238.60001,5008,137106000000,0.720,2
529,2021-05-28 12:47:00.0000000,238.53999,238.69000,238.53999,238.59000,8789,137054000000,0.720,2
530,2021-05-28 12:48:00.0000000,238.38000,238.61000,238.14999,238.56000,22722,136962000000,0.720,2
531,2021-05-28 12:49:00.0000000,238.56880,238.56880,238.27000,238.37000,22613,137071000000,0.720,2
532,2021-05-28 12:50:00.0000000,239.00000,239.07001,238.57001,238.60001,24533,137318000000,0.720,2
533,2021-05-28 12:51:00.0000000,238.87500,239.08000,238.86000,238.94009,21746,137247000000,0.720,2
534,2021-05-28 12:52:00.0000000,238.74500,238.88000,238.72000,238.87500,9081,137172000000,0.720,2
535,2021-05-28 12:53:00.0000000,238.75999,238.77000,238.70000,238.70000,6183,137181000000,0.720,2
536,2021-05-28 12:54:00.0000000,238.66000,238.75999,238.62000,238.74001,7560,137123000000,0.720,2
537,2021-05-28 12:55:00.0000000,238.66000,238.73000,238.58000,238.58000,7880,137123000000,0.720,2
538,2021-05-28 12:56:00.0000000,238.67999,238.72980,238.64810,238.71001,5475,137135000000,0.720,2
539,2021-05-28 12:57:00.0000000,238.57001,238.68919,238.53000,238.67999,5780,137071000000,0.720,2
540,2021-05-28 12:58:00.0000000,238.50000,238.66000,238.50000,238.57001,8051,137031000000,0.720,2
541,2021-05-28 12:59:00.0000000,238.46500,238.55000,238.42000,238.49001,6361,137011000000,0.720,2
542,2021-05-28 13:00:00.0000000,238.45000,238.53900,238.45000,238.46899,9697,137002000000,0.720,2
543,2021-05-28 13:01:00.0000000,238.45500,238.46001,238.29500,238.42999,3907,137005000000,0.720,2
544,2021-05-28 13:02:00.0000000,238.39500,238.42999,238.37000,238.42999,2803,136971000000,0.720,2
545,2021-05-28 13:03:00.0000000,238.46001,238.50000,238.39500,238.39500,3466,137008000000,0.720,2
546,2021-05-28 13:04:00.0000000,238.30000,238.42000,238.30000,238.42000,3013,136916000000,0.720,2
547,2021-05-28 13:05:00.0000000,238.13000,238.28751,238.12000,238.28000,6669,136819000000,0.720,2
548,2021-05-28 13:06:00.0000000,237.98000,238.19000,237.98000,238.15500,10526,136732000000,0.720,2
549,2021-05-28 13:07:00.0000000,237.59000,237.99001,237.50999,237.99001,26850,136508000000,0.720,2
550,2021-05-28 13:08:00.0000000,237.48000,237.58710,237.42000,237.53999,9772,136445000000,0.720,2
551,2021-05-28 13:09:00.0000000,237.28999,237.49001,237.25000,237.49001,16465,136336000000,0.720,2
552,2021-05-28 13:10:00.0000000,237.45000,237.50999,237.17999,237.25000,9595,136428000000,0.720,2
553,2021-05-28 13:11:00.0000000,237.45500,237.53000,237.42000,237.49001,10184,136431000000,0.720,2
554,2021-05-28 13:12:00.0000000,237.45500,237.49001,237.37000,237.42000,4466,136431000000,0.720,2
555,2021-05-28 13:13:00.0000000,237.42000,237.53999,237.38000,237.43790,8443,136411000000,0.720,2
556,2021-05-28 13:14:00.0000000,237.44000,237.47000,237.38000,237.41000,8635,136422000000,0.720,2
557,2021-05-28 13:15:00.0000000,237.84000,237.84000,237.46001,237.49001,6604,136652000000,0.720,2
558,2021-05-28 13:16:00.0000000,237.82001,237.94501,237.72000,237.84000,10787,136640000000,0.720,2
559,2021-05-28 13:17:00.0000000,237.70000,237.82001,237.70000,237.75999,4788,136571000000,0.720,2
560,2021-05-28 13:18:00.0000000,237.77890,237.81000,237.67000,237.67000,3076,136617000000,0.720,2
561,2021-05-28 13:19:00.0000000,237.80000,237.80000,237.73000,237.77000,3370,136629000000,0.720,2
562,2021-05-28 13:20:00.0000000,237.77000,237.84000,237.75000,237.75000,3052,136612000000,0.720,2
563,2021-05-28 13:21:00.0000000,237.74001,237.82001,237.74001,237.78000,4778,136594000000,0.720,2
564,2021-05-28 13:22:00.0000000,237.63000,237.78000,237.63000,237.72000,4167,136531000000,0.720,2
565,2021-05-28 13:23:00.0000000,237.60500,237.67210,237.57001,237.67210,4905,136517000000,0.720,2
566,2021-05-28 13:24:00.0000000,237.37730,237.61000,237.33000,237.61000,13093,136386000000,0.720,2
567,2021-05-28 13:25:00.0000000,237.31000,237.31000,237.14000,237.30000,10005,136347000000,0.720,2
568,2021-05-28 13:26:00.0000000,237.27000,237.39000,237.27000,237.38000,5481,136324000000,0.720,2
569,2021-05-28 13:27:00.0000000,237.21001,237.23000,237.13000,237.23000,2483,136290000000,0.720,2
570,2021-05-28 13:28:00.0000000,237.30000,237.32001,237.17500,237.17999,5101,136342000000,0.720,2
571,2021-05-28 13:29:00.0000000,237.17999,237.28990,237.14999,237.21010,6416,136273000000,0.720,2
572,2021-05-28 13:30:00.0000000,237.20000,237.25999,237.14999,237.22000,5446,136284000000,0.720,2
573,2021-05-28 13:31:00.0000000,237.23500,237.27000,237.19000,237.25000,4887,136304000000,0.720,2
574,2021-05-28 13:32:00.0000000,236.75000,237.16000,236.64000,237.14999,36691,136026000000,0.720,2
575,2021-05-28 13:33:00.0000000,237.08000,237.08000,236.78999,236.82001,5685,136215000000,0.720,2
576,2021-05-28 13:34:00.0000000,237.10001,237.14999,237.06000,237.06000,3247,136227000000,0.720,2
577,2021-05-28 13:35:00.0000000,237.20000,237.23000,237.12000,237.16000,2362,136284000000,0.720,2
578,2021-05-28 13:36:00.0000000,236.91000,237.20000,236.81000,237.20000,12140,136118000000,0.720,2
579,2021-05-28 13:37:00.0000000,237.02499,237.05830,236.81000,236.88000,3498,136184000000,0.720,2
580,2021-05-28 13:38:00.0000000,236.98000,237.03000,236.92999,236.97000,5599,136158000000,0.720,2
581,2021-05-28 13:39:00.0000000,236.77000,236.98000,236.77000,236.96001,10395,136037000000,0.720,2
582,2021-05-28 13:40:00.0000000,236.75000,236.86000,236.75000,236.78000,4414,136026000000,0.720,2
583,2021-05-28 13:41:00.0000000,236.78999,236.79500,236.75000,236.75999,1998,136049000000,0.720,2
584,2021-05-28 13:42:00.0000000,236.92999,236.92999,236.78999,236.78999,3380,136129000000,0.720,2
585,2021-05-28 13:43:00.0000000,236.85500,236.99001,236.78999,236.96001,4731,136086000000,0.720,2
586,2021-05-28 13:44:00.0000000,236.81000,236.87000,236.81000,236.82001,3079,136060000000,0.720,2
587,2021-05-28 13:45:00.0000000,236.66991,236.75990,236.64000,236.72501,2247,135980000000,0.720,2
588,2021-05-28 13:46:00.0000000,236.47000,236.63000,236.28999,236.63000,14011,135865000000,0.720,2
589,2021-05-28 13:47:00.0000000,236.42500,236.52000,236.42500,236.46001,9265,135839000000,0.720,2
590,2021-05-28 13:48:00.0000000,236.35001,236.44000,236.32500,236.42500,5961,135796000000,0.720,2
591,2021-05-28 13:49:00.0000000,236.40500,236.41000,236.37000,236.38000,2624,135827000000,0.720,2
592,2021-05-28 13:50:00.0000000,236.38000,236.48500,236.37000,236.40500,4156,135813000000,0.720,2
593,2021-05-28 13:51:00.0000000,236.58670,236.58670,236.41499,236.41499,3917,135932000000,0.720,2
594,2021-05-28 13:52:00.0000000,236.49001,236.58000,236.48000,236.54500,3695,135876000000,0.720,2
595,2021-05-28 13:53:00.0000000,236.43230,236.48000,236.41000,236.45000,5862,135843000000,0.720,2
596,2021-05-28 13:54:00.0000000,236.25000,236.39000,236.25000,236.39000,3938,135738000000,0.720,2
597,2021-05-28 13:55:00.0000000,236.21001,236.28000,236.13000,236.28000,7006,135715000000,0.720,2
598,2021-05-28 13:56:00.0000000,236.44000,236.45731,236.23500,236.23500,4419,135848000000,0.720,2
599,2021-05-28 13:57:00.0000000,236.33000,236.49001,236.33000,236.49001,5472,135784000000,0.720,2
600,2021-05-28 13:58:00.0000000,236.44720,236.44720,236.28999,236.32001,6040,135852000000,0.720,2
601,2021-05-28 13:59:00.0000000,236.50610,236.50610,236.42999,236.46001,3454,135886000000,0.720,2
602,2021-05-28 14:00:00.0000000,236.27499,236.52000,236.26860,236.48500,5558,135753000000,0.720,2
603,2021-05-28 14:01:00.0000000,236.36000,236.36000,236.27499,236.28500,3904,135802000000,0.720,2
604,2021-05-28 14:02:00.0000000,236.29500,236.36501,236.27499,236.35001,2670,135764000000,0.720,2
605,2021-05-28 14:03:00.0000000,236.25000,236.30000,236.20000,236.29500,2506,135738000000,0.720,2
606,2021-05-28 14:04:00.0000000,236.28500,236.28500,236.22169,236.22169,2312,135758000000,0.720,2
607,2021-05-28 14:05:00.0000000,236.52000,236.52000,236.30000,236.30000,6139,135894000000,0.720,2
608,2021-05-28 14:06:00.0000000,236.60001,236.66499,236.51500,236.53999,11239,135939000000,0.720,2
609,2021-05-28 14:07:00.0000000,236.66499,236.72000,236.56000,236.63000,4597,135977000000,0.720,2
610,2021-05-28 14:08:00.0000000,236.69000,236.81000,236.69000,236.71001,5057,135991000000,0.720,2
611,2021-05-28 14:09:00.0000000,236.64999,236.74001,236.64999,236.74001,3638,135968000000,0.720,2
612,2021-05-28 14:10:00.0000000,236.58501,236.61000,236.56500,236.60001,3510,135931000000,0.720,2
613,2021-05-28 14:11:00.0000000,236.47000,236.64000,236.42000,236.48000,3444,135865000000,0.720,2
614,2021-05-28 14:12:00.0000000,236.31000,236.45000,236.20000,236.45000,10219,135773000000,0.720,2
615,2021-05-28 14:13:00.0000000,236.35500,236.36000,236.27000,236.31610,4889,135799000000,0.720,2
616,2021-05-28 14:14:00.0000000,236.49001,236.50999,236.37000,236.38000,4039,135876000000,0.720,2
617,2021-05-28 14:15:00.0000000,236.55000,236.58000,236.47000,236.49001,3485,135911000000,0.720,2
618,2021-05-28 14:16:00.0000000,236.58000,236.58000,236.52000,236.53000,2126,135928000000,0.720,2
619,2021-05-28 14:17:00.0000000,236.62000,236.62000,236.47000,236.50000,5735,135951000000,0.720,2
620,2021-05-28 14:18:00.0000000,236.50000,236.58000,236.49001,236.57001,4668,135882000000,0.720,2
621,2021-05-28 14:19:00.0000000,236.47000,236.50000,236.44000,236.50000,2856,135865000000,0.720,2
622,2021-05-28 14:20:00.0000000,236.45081,236.48000,236.39999,236.48000,3121,135854000000,0.720,2
623,2021-05-28 14:21:00.0000000,236.38000,236.42000,236.38000,236.39999,2155,135813000000,0.720,2
624,2021-05-28 14:22:00.0000000,236.25000,236.41000,236.23000,236.37000,9017,135738000000,0.720,2
625,2021-05-28 14:23:00.0000000,236.31500,236.31500,236.24001,236.25000,3370,135776000000,0.720,2
626,2021-05-28 14:24:00.0000000,236.28000,236.32500,236.25000,236.32500,2039,135756000000,0.720,2
627,2021-05-28 14:25:00.0000000,236.20000,236.26500,236.15500,236.26500,3346,135710000000,0.720,2
628,2021-05-28 14:26:00.0000000,236.25000,236.25000,236.17999,236.20000,3913,135738000000,0.720,2
629,2021-05-28 14:27:00.0000000,236.31500,236.35001,236.24319,236.28999,2149,135776000000,0.720,2
630,2021-05-28 14:28:00.0000000,236.31500,236.36000,236.28000,236.36000,1729,135776000000,0.720,2
631,2021-05-28 14:29:00.0000000,236.44000,236.59000,236.32001,236.33000,11855,135848000000,0.720,2
632,2021-05-28 14:30:00.0000000,236.57500,236.57500,236.44000,236.47040,5507,135925000000,0.720,2
633,2021-05-28 14:31:00.0000000,236.46500,236.55370,236.46500,236.53999,3763,135862000000,0.720,2
634,2021-05-28 14:32:00.0000000,236.77000,236.77000,236.48000,236.48000,9935,136037000000,0.720,2
635,2021-05-28 14:33:00.0000000,237.17999,237.17999,236.78999,236.78999,7910,136273000000,0.720,2
636,2021-05-28 14:34:00.0000000,237.25000,237.28000,237.11000,237.21001,10916,136313000000,0.720,2
637,2021-05-28 14:35:00.0000000,237.34000,237.35001,237.23000,237.25000,8775,136365000000,0.720,2
638,2021-05-28 14:36:00.0000000,237.34000,237.42500,237.28999,237.31000,9155,136365000000,0.720,2
639,2021-05-28 14:37:00.0000000,237.57500,237.57500,237.37000,237.37000,2976,136500000000,0.720,2
640,2021-05-28 14:38:00.0000000,237.61060,237.61060,237.44000,237.59500,8835,136520000000,0.720,2
641,2021-05-28 14:39:00.0000000,237.69501,237.78999,237.67999,237.70000,8488,136569000000,0.720,2
642,2021-05-28 14:40:00.0000000,237.82230,237.85201,237.63000,237.63000,6339,136642000000,0.720,2
643,2021-05-28 14:41:00.0000000,237.88000,237.89999,237.81000,237.81000,6900,136675000000,0.720,2
644,2021-05-28 14:42:00.0000000,237.88000,237.92999,237.85001,237.87000,7027,136675000000,0.720,2
645,2021-05-28 14:43:00.0000000,237.94501,238.03000,237.87860,237.87860,6454,136712000000,0.720,2
646,2021-05-28 14:44:00.0000000,238.02000,238.07001,237.89999,237.89999,6399,136755000000,0.720,2
647,2021-05-28 14:45:00.0000000,238.03000,238.25000,238.00410,238.02000,12411,136761000000,0.720,2
648,2021-05-28 14:46:00.0000000,238.24001,238.25000,238.00000,238.06000,4982,136882000000,0.720,2
649,2021-05-28 14:47:00.0000000,238.34500,238.36000,238.20000,238.23849,3296,136942000000,0.720,2
650,2021-05-28 14:48:00.0000000,238.29750,238.48000,238.25000,238.42999,12899,136915000000,0.720,2
651,2021-05-28 14:49:00.0000000,238.44000,238.45000,238.30499,238.31000,3573,136997000000,0.720,2
652,2021-05-28 14:50:00.0000000,238.31500,238.46001,238.28101,238.45000,8933,136925000000,0.720,2
653,2021-05-28 14:51:00.0000000,238.27000,238.35001,238.23000,238.28999,5690,136899000000,0.720,2
654,2021-05-28 14:52:00.0000000,238.35001,238.39999,238.23000,238.23000,5853,136945000000,0.720,2
655,2021-05-28 14:53:00.0000000,238.59000,238.60001,238.49001,238.49001,3529,137083000000,0.720,2
656,2021-05-28 14:54:00.0000000,238.50000,238.60500,238.49001,238.55499,9392,137031000000,0.720,2
657,2021-05-28 14:55:00.0000000,238.42999,238.56129,238.40781,238.55000,8722,136991000000,0.720,2
658,2021-05-28 14:56:00.0000000,238.56000,238.63000,238.41000,238.44000,6891,137066000000,0.720,2
659,2021-05-28 14:57:00.0000000,238.52000,238.56500,238.35001,238.56500,7642,137043000000,0.720,2
660,2021-05-28 14:58:00.0000000,238.58501,238.63000,238.53000,238.53999,4870,137080000000,0.720,2
661,2021-05-28 14:59:00.0000000,238.53999,238.67000,238.53999,238.63000,5782,137054000000,0.720,2
662,2021-05-28 15:00:00.0000000,238.24500,238.48000,238.14999,238.48000,8701,136885000000,0.720,2
663,2021-05-28 09:30:00.0000000,159.82001,160.41000,159.82001,160.25999,62512,128384000000,1.300,3
664,2021-05-28 09:31:00.0000000,159.88000,160.14999,159.48000,160.00999,34288,128432000000,1.300,3
665,2021-05-28 09:32:00.0000000,159.30000,159.80000,159.24001,159.71820,18718,127966000000,1.300,3
666,2021-05-28 09:33:00.0000000,159.58000,159.58000,158.96001,159.14999,15903,128191000000,1.300,3
667,2021-05-28 09:34:00.0000000,159.86000,159.86000,159.42000,159.52200,8143,128416000000,1.300,3
668,2021-05-28 09:35:00.0000000,159.67000,159.84000,159.49400,159.84000,6223,128263000000,1.300,3
669,2021-05-28 09:36:00.0000000,159.31500,159.56000,159.19501,159.50000,3902,127978000000,1.300,3
670,2021-05-28 09:37:00.0000000,159.02300,159.35500,159.02000,159.18500,5609,127744000000,1.300,3
671,2021-05-28 09:38:00.0000000,159.11000,159.27000,158.92000,159.03000,7565,127814000000,1.300,3
672,2021-05-28 09:39:00.0000000,159.50999,159.50999,159.31000,159.31000,6081,128135000000,1.300,3
673,2021-05-28 09:40:00.0000000,159.23000,159.50999,159.08000,159.50999,6460,127910000000,1.300,3
674,2021-05-28 09:41:00.0000000,159.17999,159.45000,159.17000,159.31000,3959,127870000000,1.300,3
675,2021-05-28 09:42:00.0000000,159.14000,159.28999,159.05000,159.25500,6452,127838000000,1.300,3
676,2021-05-28 09:43:00.0000000,159.34000,159.37000,159.08501,159.08501,1823,127998000000,1.300,3
677,2021-05-28 09:44:00.0000000,159.44000,159.49001,159.33000,159.33430,4329,128079000000,1.300,3
678,2021-05-28 09:45:00.0000000,159.58000,159.63000,159.47000,159.53000,11312,128191000000,1.300,3
679,2021-05-28 09:46:00.0000000,159.70500,159.75000,159.46001,159.52000,4299,128292000000,1.300,3
680,2021-05-28 09:47:00.0000000,159.49001,159.80000,159.49001,159.71500,7676,128119000000,1.300,3
681,2021-05-28 09:48:00.0000000,159.69000,159.77000,159.49001,159.55000,6253,128279000000,1.300,3
682,2021-05-28 09:49:00.0000000,159.78999,159.78999,159.66000,159.72000,7470,128360000000,1.300,3
683,2021-05-28 09:50:00.0000000,159.59000,159.78999,159.56000,159.77000,4558,128199000000,1.300,3
684,2021-05-28 09:51:00.0000000,159.25000,159.53000,159.25000,159.53000,4845,127926000000,1.300,3
685,2021-05-28 09:52:00.0000000,159.59000,159.59000,159.34000,159.34000,4971,128199000000,1.300,3
686,2021-05-28 09:53:00.0000000,159.63000,159.72000,159.58000,159.66000,2254,128231000000,1.300,3
687,2021-05-28 09:54:00.0000000,159.67000,159.67000,159.58000,159.66000,2337,128263000000,1.300,3
688,2021-05-28 09:55:00.0000000,159.75000,159.77000,159.61000,159.72000,3054,128328000000,1.300,3
689,2021-05-28 09:56:00.0000000,159.58000,159.72000,159.47501,159.68550,5708,128191000000,1.300,3
690,2021-05-28 09:57:00.0000000,159.67000,159.67999,159.53999,159.64000,2080,128263000000,1.300,3
691,2021-05-28 09:58:00.0000000,159.67000,159.72000,159.52000,159.67000,6244,128263000000,1.300,3
692,2021-05-28 09:59:00.0000000,159.80000,159.80000,159.67999,159.67999,2915,128368000000,1.300,3
693,2021-05-28 10:00:00.0000000,159.72000,159.81500,159.70000,159.80000,6953,128304000000,1.300,3
694,2021-05-28 10:01:00.0000000,159.53999,159.66000,159.48000,159.64000,4546,128159000000,1.300,3
695,2021-05-28 10:02:00.0000000,159.55000,159.64000,159.47000,159.55000,7245,128167000000,1.300,3
696,2021-05-28 10:03:00.0000000,159.78999,159.85001,159.66000,159.66000,1589,128360000000,1.300,3
697,2021-05-28 10:04:00.0000000,159.66499,159.86000,159.46001,159.86000,8569,128259000000,1.300,3
698,2021-05-28 10:05:00.0000000,159.50000,159.69501,159.47000,159.69000,3070,128127000000,1.300,3
699,2021-05-28 10:06:00.0000000,159.39999,159.52000,159.30000,159.49001,6389,128046000000,1.300,3
700,2021-05-28 10:07:00.0000000,159.37000,159.46001,159.33000,159.42999,4355,128022000000,1.300,3
701,2021-05-28 10:08:00.0000000,159.33000,159.49001,159.33000,159.38000,3762,127990000000,1.300,3
702,2021-05-28 10:09:00.0000000,159.48000,159.48000,159.25999,159.32001,3239,128111000000,1.300,3
703,2021-05-28 10:10:00.0000000,159.49001,159.49001,159.36000,159.41000,3228,128119000000,1.300,3
704,2021-05-28 10:11:00.0000000,159.38000,159.48000,159.38000,159.44000,1947,128030000000,1.300,3
705,2021-05-28 10:12:00.0000000,159.25000,159.32001,159.25000,159.30000,4456,127926000000,1.300,3
706,2021-05-28 10:13:00.0000000,159.34000,159.34000,159.24001,159.24001,2463,127998000000,1.300,3
707,2021-05-28 10:14:00.0000000,159.22000,159.28999,159.17999,159.22000,3594,127902000000,1.300,3
708,2021-05-28 10:15:00.0000000,159.37000,159.37000,159.22000,159.27000,7017,128022000000,1.300,3
709,2021-05-28 10:16:00.0000000,159.42999,159.42999,159.33000,159.33000,2055,128071000000,1.300,3
710,2021-05-28 10:17:00.0000000,159.27000,159.41000,159.27000,159.39000,3020,127942000000,1.300,3
711,2021-05-28 10:18:00.0000000,159.17000,159.33000,159.12000,159.28000,11544,127862000000,1.300,3
712,2021-05-28 10:19:00.0000000,159.14500,159.14500,159.10001,159.12000,2244,127842000000,1.300,3
713,2021-05-28 10:20:00.0000000,159.10001,159.13000,159.05000,159.08000,3257,127806000000,1.300,3
714,2021-05-28 10:21:00.0000000,159.11000,159.13000,159.05000,159.10001,3441,127814000000,1.300,3
715,2021-05-28 10:22:00.0000000,158.91000,159.17999,158.86000,159.17000,7815,127653000000,1.300,3
716,2021-05-28 10:23:00.0000000,158.99500,159.00999,158.89999,158.89999,3160,127721000000,1.300,3
717,2021-05-28 10:24:00.0000000,159.00999,159.09990,159.00999,159.03000,2386,127733000000,1.300,3
718,2021-05-28 10:25:00.0000000,159.00000,159.07001,159.00000,159.00999,3067,127725000000,1.300,3
719,2021-05-28 10:26:00.0000000,159.11000,159.11000,159.03059,159.03999,1772,127814000000,1.300,3
720,2021-05-28 10:27:00.0000000,159.14000,159.17000,159.13000,159.14000,1605,127838000000,1.300,3
721,2021-05-28 10:28:00.0000000,159.08000,159.16000,159.03999,159.14000,7170,127789000000,1.300,3
722,2021-05-28 10:29:00.0000000,159.07500,159.08000,159.04500,159.07001,1330,127785000000,1.300,3
723,2021-05-28 10:30:00.0000000,159.09000,159.28000,159.09000,159.10001,4619,127797000000,1.300,3
724,2021-05-28 10:31:00.0000000,159.06500,159.14999,159.05000,159.14999,1406,127777000000,1.300,3
725,2021-05-28 10:32:00.0000000,159.10001,159.14000,159.09000,159.09000,2985,127806000000,1.300,3
726,2021-05-28 10:33:00.0000000,159.13000,159.13000,159.08000,159.08000,1599,127830000000,1.300,3
727,2021-05-28 10:34:00.0000000,159.10001,159.17000,159.10001,159.16000,4388,127806000000,1.300,3
728,2021-05-28 10:35:00.0000000,159.14999,159.17999,159.13000,159.14000,2545,127846000000,1.300,3
729,2021-05-28 10:36:00.0000000,159.02000,159.14999,158.99001,159.14999,3215,127741000000,1.300,3
730,2021-05-28 10:37:00.0000000,158.98000,159.09000,158.98000,159.00000,1618,127709000000,1.300,3
731,2021-05-28 10:38:00.0000000,159.03000,159.03000,158.98000,158.99001,6907,127749000000,1.300,3
732,2021-05-28 10:39:00.0000000,159.05499,159.07001,159.03830,159.03999,2747,127769000000,1.300,3
733,2021-05-28 10:40:00.0000000,159.12000,159.16000,159.03999,159.03999,1715,127822000000,1.300,3
734,2021-05-28 10:41:00.0000000,159.14999,159.17999,159.13000,159.14000,2344,127846000000,1.300,3
735,2021-05-28 10:42:00.0000000,159.22000,159.22000,159.10001,159.16000,3204,127902000000,1.300,3
736,2021-05-28 10:43:00.0000000,159.32001,159.32001,159.25000,159.28000,3394,127982000000,1.300,3
737,2021-05-28 10:44:00.0000000,159.30000,159.35001,159.30000,159.35001,1866,127966000000,1.300,3
738,2021-05-28 10:45:00.0000000,159.23000,159.32919,159.23000,159.28000,733,127910000000,1.300,3
739,2021-05-28 10:46:00.0000000,159.20500,159.27000,159.16000,159.27000,4633,127890000000,1.300,3
740,2021-05-28 10:47:00.0000000,159.27499,159.27499,159.19000,159.19000,2906,127946000000,1.300,3
741,2021-05-28 10:48:00.0000000,159.19000,159.28000,159.18170,159.25000,3448,127878000000,1.300,3
742,2021-05-28 10:49:00.0000000,159.09000,159.16000,159.09000,159.14000,3507,127797000000,1.300,3
743,2021-05-28 10:50:00.0000000,159.14999,159.17000,159.07001,159.13000,9346,127846000000,1.300,3
744,2021-05-28 10:51:00.0000000,159.24001,159.24001,159.05000,159.11000,8570,127918000000,1.300,3
745,2021-05-28 10:52:00.0000000,159.34000,159.34000,159.22000,159.23000,6764,127998000000,1.300,3
746,2021-05-28 10:53:00.0000000,159.50000,159.50000,159.30499,159.35390,8806,128127000000,1.300,3
747,2021-05-28 10:54:00.0000000,159.55000,159.55000,159.53999,159.53999,1111,128167000000,1.300,3
748,2021-05-28 10:55:00.0000000,159.59000,159.59000,159.53000,159.58000,4064,128199000000,1.300,3
749,2021-05-28 10:56:00.0000000,159.53999,159.63000,159.50999,159.58000,2151,128159000000,1.300,3
750,2021-05-28 10:57:00.0000000,159.53999,159.53999,159.48000,159.48000,2087,128159000000,1.300,3
751,2021-05-28 10:58:00.0000000,159.53000,159.59000,159.47501,159.58000,3371,128151000000,1.300,3
752,2021-05-28 10:59:00.0000000,159.60001,159.63000,159.55499,159.55499,3703,128207000000,1.300,3
753,2021-05-28 11:00:00.0000000,159.68700,159.71001,159.64999,159.67999,1556,128277000000,1.300,3
754,2021-05-28 11:01:00.0000000,159.67999,159.70000,159.63000,159.64211,5472,128271000000,1.300,3
755,2021-05-28 11:02:00.0000000,159.70000,159.72000,159.67999,159.69000,2463,128287000000,1.300,3
756,2021-05-28 11:03:00.0000000,159.70000,159.75999,159.67999,159.72211,5698,128287000000,1.300,3
757,2021-05-28 11:04:00.0000000,159.74210,159.78000,159.67000,159.67000,4313,128321000000,1.300,3
758,2021-05-28 11:05:00.0000000,159.79500,159.86000,159.75000,159.75000,4137,128364000000,1.300,3
759,2021-05-28 11:06:00.0000000,159.71500,159.77000,159.66000,159.76691,2657,128300000000,1.300,3
760,2021-05-28 11:07:00.0000000,159.70641,159.74001,159.70000,159.73000,4110,128293000000,1.300,3
761,2021-05-28 11:08:00.0000000,159.78000,159.83000,159.72099,159.72099,2936,128352000000,1.300,3
762,2021-05-28 11:09:00.0000000,159.69000,159.70000,159.64999,159.70000,3202,128279000000,1.300,3
763,2021-05-28 11:10:00.0000000,159.72000,159.73000,159.69000,159.70000,1697,128304000000,1.300,3
764,2021-05-28 11:11:00.0000000,159.64999,159.70500,159.63499,159.68640,3101,128247000000,1.300,3
765,2021-05-28 11:12:00.0000000,159.61400,159.66000,159.60001,159.62000,2402,128218000000,1.300,3
766,2021-05-28 11:13:00.0000000,159.67999,159.67999,159.63000,159.63000,2801,128271000000,1.300,3
767,2021-05-28 11:14:00.0000000,159.67999,159.67999,159.63000,159.66000,3514,128271000000,1.300,3
768,2021-05-28 11:15:00.0000000,159.78999,159.78999,159.64999,159.67999,4687,128360000000,1.300,3
769,2021-05-28 11:16:00.0000000,159.75000,159.77000,159.69000,159.75000,1869,128328000000,1.300,3
770,2021-05-28 11:17:00.0000000,159.86000,159.89000,159.80000,159.80000,1666,128416000000,1.300,3
771,2021-05-28 11:18:00.0000000,159.80000,159.87000,159.80000,159.85001,832,128368000000,1.300,3
772,2021-05-28 11:19:00.0000000,159.81100,159.84000,159.81100,159.84000,2108,128377000000,1.300,3
773,2021-05-28 11:20:00.0000000,159.88000,159.89000,159.84000,159.87500,1533,128432000000,1.300,3
774,2021-05-28 11:21:00.0000000,159.89000,159.99001,159.88000,159.88000,2735,128440000000,1.300,3
775,2021-05-28 11:22:00.0000000,159.92999,159.95000,159.88499,159.88499,1415,128472000000,1.300,3
776,2021-05-28 11:23:00.0000000,159.97000,159.99001,159.94000,159.94000,2139,128504000000,1.300,3
777,2021-05-28 11:24:00.0000000,159.95000,159.99001,159.94000,159.99001,1729,128488000000,1.300,3
778,2021-05-28 11:25:00.0000000,159.91000,159.98000,159.89999,159.97000,3350,128456000000,1.300,3
779,2021-05-28 11:26:00.0000000,159.89000,159.92000,159.87000,159.91499,1171,128440000000,1.300,3
780,2021-05-28 11:27:00.0000000,159.89000,159.89000,159.81000,159.83000,4321,128440000000,1.300,3
781,2021-05-28 11:28:00.0000000,159.86501,159.92999,159.86501,159.92999,2272,128420000000,1.300,3
782,2021-05-28 11:29:00.0000000,159.88000,159.88000,159.84000,159.86440,2879,128432000000,1.300,3
783,2021-05-28 11:30:00.0000000,159.91830,159.94000,159.89999,159.91000,1622,128463000000,1.300,3
784,2021-05-28 11:31:00.0000000,159.74001,159.89500,159.74001,159.89500,2376,128320000000,1.300,3
785,2021-05-28 11:32:00.0000000,159.73000,159.79500,159.73000,159.78000,3135,128312000000,1.300,3
786,2021-05-28 11:33:00.0000000,159.64999,159.71001,159.64999,159.70000,3004,128247000000,1.300,3
787,2021-05-28 11:34:00.0000000,159.74001,159.74001,159.61000,159.61000,3969,128320000000,1.300,3
788,2021-05-28 11:35:00.0000000,159.81000,159.81000,159.72000,159.75000,1807,128376000000,1.300,3
789,2021-05-28 11:36:00.0000000,159.87000,159.91000,159.78999,159.81000,3480,128424000000,1.300,3
790,2021-05-28 11:37:00.0000000,159.85001,159.89999,159.85001,159.88000,1889,128408000000,1.300,3
791,2021-05-28 11:38:00.0000000,159.89999,159.89999,159.85091,159.85091,1138,128448000000,1.300,3
792,2021-05-28 11:39:00.0000000,159.94000,159.96001,159.88000,159.95000,1844,128480000000,1.300,3
793,2021-05-28 11:40:00.0000000,159.84000,159.91000,159.84000,159.89999,2411,128400000000,1.300,3
794,2021-05-28 11:41:00.0000000,159.84000,159.84000,159.81000,159.84000,3363,128400000000,1.300,3
795,2021-05-28 11:42:00.0000000,159.80000,159.85001,159.78999,159.85001,2406,128368000000,1.300,3
796,2021-05-28 11:43:00.0000000,159.80000,159.80000,159.73000,159.77499,2645,128368000000,1.300,3
797,2021-05-28 11:44:00.0000000,159.84500,159.85001,159.81000,159.81000,1467,128404000000,1.300,3
798,2021-05-28 11:45:00.0000000,159.85001,159.85001,159.81000,159.83000,2085,128408000000,1.300,3
799,2021-05-28 11:46:00.0000000,159.78000,159.85500,159.74001,159.83000,4132,128352000000,1.300,3
800,2021-05-28 11:47:00.0000000,159.78999,159.83000,159.78999,159.82001,688,128360000000,1.300,3
801,2021-05-28 11:48:00.0000000,159.85001,159.85001,159.82001,159.82001,659,128408000000,1.300,3
802,2021-05-28 11:49:00.0000000,159.84000,159.91000,159.83000,159.91000,1349,128400000000,1.300,3
803,2021-05-28 11:50:00.0000000,159.88000,159.88000,159.82001,159.83000,2205,128432000000,1.300,3
804,2021-05-28 11:51:00.0000000,159.84500,159.88000,159.84000,159.87000,1468,128404000000,1.300,3
805,2021-05-28 11:52:00.0000000,159.89000,159.89000,159.86501,159.87000,883,128440000000,1.300,3
806,2021-05-28 11:53:00.0000000,159.83121,159.89999,159.83121,159.89999,3666,128393000000,1.300,3
807,2021-05-28 11:54:00.0000000,159.87000,159.87000,159.87000,159.87000,491,128424000000,1.300,3
808,2021-05-28 11:55:00.0000000,159.89000,159.92000,159.88000,159.88000,1340,128440000000,1.300,3
809,2021-05-28 11:56:00.0000000,159.94479,159.95320,159.88000,159.88000,891,128484000000,1.300,3
810,2021-05-28 11:57:00.0000000,159.91000,159.98000,159.91000,159.97000,2047,128456000000,1.300,3
811,2021-05-28 11:58:00.0000000,159.95000,159.96500,159.95000,159.95000,1153,128488000000,1.300,3
812,2021-05-28 11:59:00.0000000,159.91000,160.00000,159.91000,159.97000,5410,128456000000,1.300,3
813,2021-05-28 12:00:00.0000000,159.94000,159.94000,159.91000,159.92000,1469,128480000000,1.300,3
814,2021-05-28 12:01:00.0000000,159.96500,159.96500,159.95660,159.95660,514,128500000000,1.300,3
815,2021-05-28 12:02:00.0000000,159.98000,160.00000,159.95000,159.97000,2275,128512000000,1.300,3
816,2021-05-28 12:03:00.0000000,160.00000,160.00000,159.96001,159.99001,2647,128528000000,1.300,3
817,2021-05-28 12:04:00.0000000,159.98000,160.00000,159.96001,159.99001,2026,128512000000,1.300,3
818,2021-05-28 12:05:00.0000000,159.97000,159.97000,159.97000,159.97000,225,128504000000,1.300,3
819,2021-05-28 12:06:00.0000000,159.96001,159.96001,159.94000,159.95000,491,128496000000,1.300,3
820,2021-05-28 12:07:00.0000000,160.00999,160.00999,159.96001,159.96001,2881,128537000000,1.300,3
821,2021-05-28 12:08:00.0000000,160.00000,160.00999,159.98000,160.00999,2269,128528000000,1.300,3
822,2021-05-28 12:09:00.0000000,159.96001,159.99001,159.95000,159.98000,2246,128496000000,1.300,3
823,2021-05-28 12:10:00.0000000,159.96001,159.98000,159.96001,159.98000,1560,128496000000,1.300,3
824,2021-05-28 12:11:00.0000000,159.98000,160.00500,159.98000,159.99001,2608,128512000000,1.300,3
825,2021-05-28 12:13:00.0000000,160.00999,160.03000,160.00000,160.03000,2216,128537000000,1.300,3
826,2021-05-28 12:14:00.0000000,160.07001,160.07001,160.02000,160.02000,4011,128585000000,1.300,3
827,2021-05-28 12:15:00.0000000,160.14999,160.14999,160.06000,160.06000,3038,128649000000,1.300,3
828,2021-05-28 12:16:00.0000000,160.19000,160.22000,160.14000,160.14999,3516,128681000000,1.300,3
829,2021-05-28 12:17:00.0000000,160.14951,160.24001,160.14951,160.22000,6049,128649000000,1.300,3
830,2021-05-28 12:18:00.0000000,160.20000,160.24001,160.14999,160.14999,6560,128689000000,1.300,3
831,2021-05-28 12:19:00.0000000,160.25000,160.25000,160.17999,160.23000,3727,128729000000,1.300,3
832,2021-05-28 12:20:00.0000000,160.28690,160.28690,160.25000,160.25000,2250,128759000000,1.300,3
833,2021-05-28 12:21:00.0000000,160.28999,160.32001,160.28000,160.30000,5300,128761000000,1.300,3
834,2021-05-28 12:22:00.0000000,160.33501,160.36000,160.28999,160.34000,6747,128798000000,1.300,3
835,2021-05-28 12:23:00.0000000,160.39999,160.39999,160.28999,160.28999,3887,128850000000,1.300,3
836,2021-05-28 12:24:00.0000000,160.30000,160.42000,160.30000,160.39000,9984,128769000000,1.300,3
837,2021-05-28 12:25:00.0000000,160.23000,160.28999,160.23000,160.27000,2305,128713000000,1.300,3
838,2021-05-28 12:26:00.0000000,160.25000,160.25000,160.20000,160.23911,7687,128729000000,1.300,3
839,2021-05-28 12:27:00.0000000,160.35001,160.37500,160.25450,160.25800,6389,128810000000,1.300,3
840,2021-05-28 12:28:00.0000000,160.33000,160.39999,160.31000,160.32880,7035,128794000000,1.300,3
841,2021-05-28 12:29:00.0000000,160.39000,160.39999,160.33000,160.36000,7189,128842000000,1.300,3
842,2021-05-28 12:30:00.0000000,160.29500,160.31000,160.27000,160.31000,2058,128765000000,1.300,3
843,2021-05-28 12:31:00.0000000,160.33000,160.33000,160.28999,160.32001,3797,128794000000,1.300,3
844,2021-05-28 12:32:00.0000000,160.25999,160.31000,160.25999,160.30000,1307,128737000000,1.300,3
845,2021-05-28 12:33:00.0000000,160.28000,160.28000,160.25000,160.25000,8230,128753000000,1.300,3
846,2021-05-28 12:34:00.0000000,160.25999,160.30000,160.25999,160.28000,2386,128737000000,1.300,3
847,2021-05-28 12:35:00.0000000,160.28500,160.28500,160.25999,160.25999,1789,128757000000,1.300,3
848,2021-05-28 12:36:00.0000000,160.27049,160.28999,160.25999,160.25999,3833,128746000000,1.300,3
849,2021-05-28 12:37:00.0000000,160.28000,160.31000,160.25999,160.26660,4939,128753000000,1.300,3
850,2021-05-28 12:38:00.0000000,160.30000,160.34000,160.30000,160.32001,1211,128769000000,1.300,3
851,2021-05-28 12:39:00.0000000,160.38000,160.38000,160.33000,160.33000,2385,128834000000,1.300,3
852,2021-05-28 12:40:00.0000000,160.35500,160.38000,160.34000,160.38000,687,128814000000,1.300,3
853,2021-05-28 12:41:00.0000000,160.35001,160.38000,160.32001,160.38000,2796,128810000000,1.300,3
854,2021-05-28 12:42:00.0000000,160.31000,160.35001,160.30000,160.35001,7809,128778000000,1.300,3
855,2021-05-28 12:43:00.0000000,160.28000,160.33000,160.28000,160.33000,3919,128753000000,1.300,3
856,2021-05-28 12:44:00.0000000,160.32001,160.32001,160.30000,160.30000,786,128786000000,1.300,3
857,2021-05-28 12:45:00.0000000,160.39000,160.41000,160.32001,160.32001,2790,128842000000,1.300,3
858,2021-05-28 12:46:00.0000000,160.44000,160.48000,160.37000,160.38000,4867,128882000000,1.300,3
859,2021-05-28 12:47:00.0000000,160.41000,160.41000,160.36000,160.40900,741,128858000000,1.300,3
860,2021-05-28 12:48:00.0000000,160.30130,160.36000,160.22000,160.35001,17952,128771000000,1.300,3
861,2021-05-28 12:49:00.0000000,160.32001,160.32001,160.28999,160.28999,446,128786000000,1.300,3
862,2021-05-28 12:50:00.0000000,160.28000,160.31000,160.28000,160.31000,1009,128753000000,1.300,3
863,2021-05-28 12:51:00.0000000,160.30000,160.30000,160.28999,160.30000,1437,128769000000,1.300,3
864,2021-05-28 12:52:00.0000000,160.25999,160.29120,160.23000,160.29120,7978,128737000000,1.300,3
865,2021-05-28 12:53:00.0000000,160.30000,160.30000,160.28999,160.28999,624,128769000000,1.300,3
866,2021-05-28 12:54:00.0000000,160.22000,160.27000,160.22000,160.27000,17154,128705000000,1.300,3
867,2021-05-28 12:55:00.0000000,160.25000,160.25000,160.20000,160.22000,4846,128729000000,1.300,3
868,2021-05-28 12:56:00.0000000,160.30000,160.32001,160.28999,160.31000,1939,128769000000,1.300,3
869,2021-05-28 12:57:00.0000000,160.26970,160.32001,160.26970,160.28999,1112,128745000000,1.300,3
870,2021-05-28 12:58:00.0000000,160.20000,160.25999,160.20000,160.25999,3140,128689000000,1.300,3
871,2021-05-28 12:59:00.0000000,160.12000,160.20000,160.10001,160.20000,3926,128625000000,1.300,3
872,2021-05-28 13:01:00.0000000,160.24001,160.24001,160.12000,160.12000,4323,128721000000,1.300,3
873,2021-05-28 13:02:00.0000000,160.23000,160.25000,160.20000,160.23000,2299,128713000000,1.300,3
874,2021-05-28 13:03:00.0000000,160.20000,160.25000,160.20000,160.25000,5045,128689000000,1.300,3
875,2021-05-28 13:04:00.0000000,160.14999,160.20000,160.14000,160.20000,3898,128649000000,1.300,3
876,2021-05-28 13:05:00.0000000,160.17999,160.17999,160.13000,160.13000,1852,128673000000,1.300,3
877,2021-05-28 13:06:00.0000000,160.18350,160.19000,160.16000,160.17000,2644,128676000000,1.300,3
878,2021-05-28 13:07:00.0000000,160.17999,160.20000,160.17000,160.20000,2167,128673000000,1.300,3
879,2021-05-28 13:08:00.0000000,160.14999,160.16000,160.10170,160.10170,2857,128649000000,1.300,3
880,2021-05-28 13:09:00.0000000,160.14000,160.16000,160.13499,160.15500,3081,128641000000,1.300,3
881,2021-05-28 13:10:00.0000000,160.14999,160.14999,160.14000,160.14999,1943,128649000000,1.300,3
882,2021-05-28 13:11:00.0000000,160.14000,160.16000,160.13499,160.14000,8998,128641000000,1.300,3
883,2021-05-28 13:12:00.0000000,160.14000,160.14999,160.11000,160.14999,2912,128641000000,1.300,3
884,2021-05-28 13:13:00.0000000,160.14999,160.14999,160.12000,160.12000,1396,128649000000,1.300,3
885,2021-05-28 13:14:00.0000000,160.02000,160.10001,160.02000,160.10001,2823,128545000000,1.300,3
886,2021-05-28 13:15:00.0000000,160.00000,160.01730,159.99001,160.00999,2301,128528000000,1.300,3
887,2021-05-28 13:16:00.0000000,160.13000,160.13000,159.99001,160.02000,3694,128633000000,1.300,3
888,2021-05-28 13:17:00.0000000,160.11000,160.14999,160.11000,160.14999,3842,128617000000,1.300,3
889,2021-05-28 13:18:00.0000000,160.14999,160.17000,160.13000,160.13000,1491,128649000000,1.300,3
890,2021-05-28 13:19:00.0000000,160.20000,160.20000,160.14000,160.14000,3509,128689000000,1.300,3
891,2021-05-28 13:20:00.0000000,160.21001,160.24001,160.20000,160.23000,1520,128697000000,1.300,3
892,2021-05-28 13:21:00.0000000,160.23000,160.25000,160.17999,160.22000,6278,128713000000,1.300,3
893,2021-05-28 13:22:00.0000000,160.21001,160.25999,160.21001,160.22000,3449,128697000000,1.300,3
894,2021-05-28 13:23:00.0000000,160.25000,160.25000,160.21001,160.22000,4102,128729000000,1.300,3
895,2021-05-28 13:24:00.0000000,160.25000,160.27000,160.23000,160.23000,10444,128729000000,1.300,3
896,2021-05-28 13:25:00.0000000,160.23000,160.25000,160.23000,160.24001,5456,128713000000,1.300,3
897,2021-05-28 13:26:00.0000000,160.21500,160.22000,160.20000,160.21001,1020,128701000000,1.300,3
898,2021-05-28 13:27:00.0000000,160.19000,160.25999,160.19000,160.23000,9249,128681000000,1.300,3
899,2021-05-28 13:28:00.0000000,160.14000,160.20000,160.14000,160.20000,5091,128641000000,1.300,3
900,2021-05-28 13:29:00.0000000,160.17999,160.17999,160.14000,160.14000,1923,128673000000,1.300,3
901,2021-05-28 13:30:00.0000000,160.20000,160.21600,160.14999,160.19000,8812,128689000000,1.300,3
902,2021-05-28 13:31:00.0000000,160.20000,160.21001,160.17999,160.20000,9767,128689000000,1.300,3
903,2021-05-28 13:32:00.0000000,160.16000,160.20000,160.16000,160.17999,4386,128657000000,1.300,3
904,2021-05-28 13:33:00.0000000,160.17999,160.20000,160.14999,160.16000,2613,128673000000,1.300,3
905,2021-05-28 13:34:00.0000000,160.17000,160.20000,160.16000,160.18269,4226,128665000000,1.300,3
906,2021-05-28 13:35:00.0000000,160.16000,160.20000,160.16000,160.17999,4940,128657000000,1.300,3
907,2021-05-28 13:36:00.0000000,160.17999,160.17999,160.17000,160.17000,595,128673000000,1.300,3
908,2021-05-28 13:37:00.0000000,160.20000,160.22000,160.17999,160.17999,15113,128689000000,1.300,3
909,2021-05-28 13:38:00.0000000,160.17999,160.20000,160.17999,160.20000,4477,128673000000,1.300,3
910,2021-05-28 13:39:00.0000000,160.20000,160.21001,160.17000,160.17999,8333,128689000000,1.300,3
911,2021-05-28 13:40:00.0000000,160.17000,160.17999,160.12000,160.17000,3666,128665000000,1.300,3
912,2021-05-28 13:41:00.0000000,160.20000,160.23000,160.13000,160.14000,2396,128689000000,1.300,3
913,2021-05-28 13:42:00.0000000,160.23000,160.25000,160.20000,160.20000,2241,128713000000,1.300,3
914,2021-05-28 13:43:00.0000000,160.14999,160.19000,160.14999,160.19000,1090,128649000000,1.300,3
915,2021-05-28 13:44:00.0000000,160.24001,160.24001,160.17000,160.17000,2390,128721000000,1.300,3
916,2021-05-28 13:45:00.0000000,160.27000,160.31000,160.22000,160.23000,3150,128745000000,1.300,3
917,2021-05-28 13:46:00.0000000,160.35001,160.36000,160.32001,160.33000,1276,128810000000,1.300,3
918,2021-05-28 13:47:00.0000000,160.36000,160.37000,160.32001,160.32001,1348,128818000000,1.300,3
919,2021-05-28 13:48:00.0000000,160.36000,160.39000,160.33000,160.33701,1579,128818000000,1.300,3
920,2021-05-28 13:49:00.0000000,160.42000,160.42999,160.38000,160.38000,1863,128866000000,1.300,3
921,2021-05-28 13:50:00.0000000,160.37500,160.42999,160.37000,160.42000,1997,128830000000,1.300,3
922,2021-05-28 13:51:00.0000000,160.42000,160.42000,160.36000,160.38000,1924,128866000000,1.300,3
923,2021-05-28 13:52:00.0000000,160.45000,160.45000,160.42999,160.45000,2769,128890000000,1.300,3
924,2021-05-28 13:53:00.0000000,160.47501,160.48000,160.42999,160.42999,3394,128910000000,1.300,3
925,2021-05-28 13:54:00.0000000,160.49001,160.50000,160.47000,160.48621,2144,128922000000,1.300,3
926,2021-05-28 13:55:00.0000000,160.50999,160.53000,160.47000,160.48000,3344,128938000000,1.300,3
927,2021-05-28 13:56:00.0000000,160.59000,160.59000,160.50000,160.50000,3488,129002000000,1.300,3
928,2021-05-28 13:57:00.0000000,160.56000,160.58000,160.53999,160.57001,2303,128978000000,1.300,3
929,2021-05-28 13:58:00.0000000,160.57001,160.58000,160.51500,160.55000,2136,128986000000,1.300,3
930,2021-05-28 13:59:00.0000000,160.53000,160.57001,160.53000,160.57001,1884,128954000000,1.300,3
931,2021-05-28 14:00:00.0000000,160.62000,160.62000,160.58000,160.58000,3926,129027000000,1.300,3
932,2021-05-28 14:01:00.0000000,160.59000,160.63000,160.59000,160.63000,2418,129002000000,1.300,3
933,2021-05-28 14:02:00.0000000,160.49001,160.63499,160.49001,160.59000,27675,128922000000,1.300,3
934,2021-05-28 14:03:00.0000000,160.44000,160.50999,160.44000,160.50000,4546,128882000000,1.300,3
935,2021-05-28 14:04:00.0000000,160.50000,160.50999,160.44000,160.44000,4143,128930000000,1.300,3
936,2021-05-28 14:05:00.0000000,160.45000,160.50000,160.45000,160.50000,4974,128890000000,1.300,3
937,2021-05-28 14:06:00.0000000,160.42000,160.44000,160.36000,160.44000,2393,128866000000,1.300,3
938,2021-05-28 14:07:00.0000000,160.37000,160.39500,160.37000,160.39000,2360,128826000000,1.300,3
939,2021-05-28 14:08:00.0000000,160.41000,160.44000,160.38000,160.39000,3488,128858000000,1.300,3
940,2021-05-28 14:09:00.0000000,160.38000,160.39760,160.38000,160.39760,1204,128834000000,1.300,3
941,2021-05-28 14:10:00.0000000,160.37000,160.41000,160.36000,160.41000,3122,128826000000,1.300,3
942,2021-05-28 14:11:00.0000000,160.36000,160.41000,160.36000,160.39000,3277,128818000000,1.300,3
943,2021-05-28 14:12:00.0000000,160.42000,160.42000,160.38000,160.38000,2466,128866000000,1.300,3
944,2021-05-28 14:13:00.0000000,160.39999,160.41000,160.34000,160.38000,3530,128850000000,1.300,3
945,2021-05-28 14:14:00.0000000,160.35001,160.41000,160.35001,160.39999,2090,128810000000,1.300,3
946,2021-05-28 14:15:00.0000000,160.33000,160.35001,160.31880,160.34000,1935,128794000000,1.300,3
947,2021-05-28 14:16:00.0000000,160.28000,160.34000,160.28000,160.34000,2852,128753000000,1.300,3
948,2021-05-28 14:17:00.0000000,160.36000,160.36000,160.24001,160.25000,3216,128818000000,1.300,3
949,2021-05-28 14:18:00.0000000,160.39000,160.39999,160.34000,160.35001,2611,128842000000,1.300,3
950,2021-05-28 14:19:00.0000000,160.36501,160.38499,160.36000,160.38000,2648,128822000000,1.300,3
951,2021-05-28 14:20:00.0000000,160.45000,160.45000,160.35001,160.35001,3864,128890000000,1.300,3
952,2021-05-28 14:21:00.0000000,160.46001,160.46001,160.41000,160.45000,2106,128898000000,1.300,3
953,2021-05-28 14:22:00.0000000,160.42000,160.47000,160.41000,160.46001,2035,128866000000,1.300,3
954,2021-05-28 14:23:00.0000000,160.42000,160.42999,160.40500,160.41000,1942,128866000000,1.300,3
955,2021-05-28 14:24:00.0000000,160.43500,160.45000,160.42999,160.42999,2033,128878000000,1.300,3
956,2021-05-28 14:25:00.0000000,160.39000,160.44000,160.39000,160.44000,1700,128842000000,1.300,3
957,2021-05-28 14:26:00.0000000,160.42999,160.44000,160.39999,160.39999,1991,128874000000,1.300,3
958,2021-05-28 14:27:00.0000000,160.41000,160.42999,160.39000,160.41000,2915,128858000000,1.300,3
959,2021-05-28 14:28:00.0000000,160.42999,160.42999,160.39999,160.42000,885,128874000000,1.300,3
960,2021-05-28 14:29:00.0000000,160.45000,160.47000,160.44000,160.45000,2132,128890000000,1.300,3
961,2021-05-28 14:30:00.0000000,160.42000,160.46001,160.42000,160.46001,2235,128866000000,1.300,3
962,2021-05-28 14:31:00.0000000,160.38000,160.42000,160.37000,160.41000,4881,128834000000,1.300,3
963,2021-05-28 14:32:00.0000000,160.41000,160.41000,160.36000,160.37000,4639,128858000000,1.300,3
964,2021-05-28 14:33:00.0000000,160.38000,160.41000,160.38000,160.39999,2241,128834000000,1.300,3
965,2021-05-28 14:34:00.0000000,160.45000,160.45000,160.39000,160.39000,3498,128890000000,1.300,3
966,2021-05-28 14:35:00.0000000,160.49001,160.49001,160.44000,160.44000,2992,128922000000,1.300,3
967,2021-05-28 14:36:00.0000000,160.44501,160.49500,160.44501,160.49001,3976,128886000000,1.300,3
968,2021-05-28 14:37:00.0000000,160.44000,160.45000,160.42999,160.43500,3160,128882000000,1.300,3
969,2021-05-28 14:38:00.0000000,160.46001,160.48500,160.45000,160.46001,4270,128898000000,1.300,3
970,2021-05-28 14:39:00.0000000,160.42999,160.44000,160.39999,160.44000,2967,128874000000,1.300,3
971,2021-05-28 14:40:00.0000000,160.46001,160.46001,160.42000,160.42999,1801,128898000000,1.300,3
972,2021-05-28 14:41:00.0000000,160.47000,160.48000,160.42999,160.44000,3855,128906000000,1.300,3
973,2021-05-28 14:42:00.0000000,160.44000,160.49001,160.44000,160.48000,2659,128882000000,1.300,3
974,2021-05-28 14:43:00.0000000,160.47350,160.47350,160.43500,160.45000,3543,128909000000,1.300,3
975,2021-05-28 14:44:00.0000000,160.50000,160.50999,160.48000,160.49001,11872,128930000000,1.300,3
976,2021-05-28 14:45:00.0000000,160.48000,160.50000,160.48000,160.50000,4427,128914000000,1.300,3
977,2021-05-28 14:46:00.0000000,160.49001,160.50999,160.47000,160.47000,4985,128922000000,1.300,3
978,2021-05-28 14:47:00.0000000,160.49500,160.50000,160.46001,160.48000,3830,128926000000,1.300,3
979,2021-05-28 14:48:00.0000000,160.48700,160.49001,160.47000,160.49001,2845,128920000000,1.300,3
980,2021-05-28 14:49:00.0000000,160.48570,160.52000,160.45000,160.48000,9881,128919000000,1.300,3
981,2021-05-28 14:50:00.0000000,160.55000,160.55000,160.48000,160.48000,5441,128970000000,1.300,3
982,2021-05-28 14:51:00.0000000,160.53999,160.57001,160.53000,160.55000,4641,128962000000,1.300,3
983,2021-05-28 14:52:00.0000000,160.50999,160.56500,160.50999,160.53000,5608,128938000000,1.300,3
984,2021-05-28 14:53:00.0000000,160.50000,160.53999,160.50000,160.50500,7200,128930000000,1.300,3
985,2021-05-28 14:54:00.0000000,160.50999,160.52000,160.48000,160.48000,4384,128938000000,1.300,3
986,2021-05-28 14:55:00.0000000,160.50000,160.50999,160.50000,160.50999,3626,128930000000,1.300,3
987,2021-05-28 14:56:00.0000000,160.49001,160.52000,160.49001,160.50000,4214,128922000000,1.300,3
988,2021-05-28 14:57:00.0000000,160.49001,160.49500,160.46001,160.49500,3502,128922000000,1.300,3
989,2021-05-28 14:58:00.0000000,160.49001,160.53000,160.49001,160.50000,2542,128922000000,1.300,3
990,2021-05-28 14:59:00.0000000,160.48000,160.50000,160.47000,160.48500,4711,128914000000,1.300,3
991,2021-05-28 15:00:00.0000000,160.46001,160.48500,160.42000,160.46010,4594,128898000000,1.300,3
992,2021-05-28 09:30:00.0000000,247.70000,247.99001,246.59000,247.47501,651945,144857000000,1.620,4
993,2021-05-28 09:31:00.0000000,247.59000,248.03999,247.25000,247.68851,121238,144793000000,1.620,4
994,2021-05-28 09:32:00.0000000,246.99001,247.71001,246.89999,247.61501,82438,144442000000,1.620,4
995,2021-05-28 09:33:00.0000000,248.36000,248.57001,246.82001,247.08000,114571,145243000000,1.620,4
996,2021-05-28 09:34:00.0000000,248.89000,248.91969,247.94000,248.49989,111917,145553000000,1.620,4
997,2021-05-28 09:35:00.0000000,248.63000,248.98000,248.42000,248.88000,60740,145401000000,1.620,4
998,2021-05-28 09:36:00.0000000,248.11501,248.72000,248.02000,248.50000,101596,145100000000,1.620,4
999,2021-05-28 09:37:00.0000000,248.13000,248.30000,247.72000,248.07001,95339,145109000000,1.620,4
1000,2021-05-28 09:38:00.0000000,248.02000,248.40500,247.92000,248.12000,83973,145045000000,1.620,4
1001,2021-05-28 09:39:00.0000000,247.63499,247.83000,247.58000,247.72501,114449,144819000000,1.620,4
1002,2021-05-28 09:40:00.0000000,247.37000,247.76131,247.28000,247.67000,109725,144664000000,1.620,4
1003,2021-05-28 09:41:00.0000000,247.17999,247.56000,246.88000,247.34599,133670,144553000000,1.620,4
1004,2021-05-28 09:42:00.0000000,246.87500,247.25000,246.84000,247.11189,72591,144375000000,1.620,4
1005,2021-05-28 09:43:00.0000000,247.08960,247.53999,246.87000,246.90880,103581,144500000000,1.620,4
1006,2021-05-28 09:44:00.0000000,246.94000,247.14000,246.85001,247.13000,59166,144413000000,1.620,4
1007,2021-05-28 09:45:00.0000000,246.64000,247.08260,246.55000,247.00000,90276,144238000000,1.620,4
1008,2021-05-28 09:46:00.0000000,246.82460,247.03999,246.45000,246.66000,75681,144345000000,1.620,4
1009,2021-05-28 09:47:00.0000000,246.85400,246.99001,246.67999,246.77000,48552,144363000000,1.620,4
1010,2021-05-28 09:48:00.0000000,247.14000,247.28000,246.71001,246.75999,62729,144530000000,1.620,4
1011,2021-05-28 09:49:00.0000000,247.03500,247.33000,247.00999,247.22000,40560,144469000000,1.620,4
1012,2021-05-28 09:50:00.0000000,247.70000,247.78999,246.96001,246.99001,65761,144857000000,1.620,4
1013,2021-05-28 09:51:00.0000000,247.25000,247.80000,247.12500,247.64000,56366,144594000000,1.620,4
1014,2021-05-28 09:52:00.0000000,247.64000,247.67000,247.17999,247.23000,36059,144822000000,1.620,4
1015,2021-05-28 09:53:00.0000000,247.61000,247.89000,247.53050,247.67999,74886,144805000000,1.620,4
1016,2021-05-28 09:54:00.0000000,247.62000,247.70000,247.33000,247.62480,43101,144811000000,1.620,4
1017,2021-05-28 09:55:00.0000000,248.00000,248.00000,247.44881,247.53999,58718,145033000000,1.620,4
1018,2021-05-28 09:56:00.0000000,247.92000,248.00000,247.62000,247.96001,42224,144986000000,1.620,4
1019,2021-05-28 09:57:00.0000000,247.91000,248.00000,247.67000,247.95000,48913,144980000000,1.620,4
1020,2021-05-28 09:58:00.0000000,247.64999,248.00000,247.42999,247.89999,37650,144828000000,1.620,4
1021,2021-05-28 09:59:00.0000000,247.81000,248.00000,247.58000,247.65691,54921,144922000000,1.620,4
1022,2021-05-28 10:00:00.0000000,247.89030,248.07001,247.76010,247.82330,60990,144969000000,1.620,4
1023,2021-05-28 10:01:00.0000000,248.13000,248.20940,247.80000,247.85001,32814,145109000000,1.620,4
1024,2021-05-28 10:02:00.0000000,248.19000,248.45000,248.05000,248.13651,57806,145144000000,1.620,4
1025,2021-05-28 10:03:00.0000000,247.99001,248.37939,247.99001,248.17000,27290,145027000000,1.620,4
1026,2021-05-28 10:04:00.0000000,247.82001,248.05000,247.58000,247.98000,38154,144928000000,1.620,4
1027,2021-05-28 10:05:00.0000000,247.55499,248.06000,247.44000,247.89999,48962,144773000000,1.620,4
1028,2021-05-28 10:06:00.0000000,247.42490,247.63251,247.20700,247.56000,53903,144697000000,1.620,4
1029,2021-05-28 10:07:00.0000000,247.25999,247.46001,247.17000,247.46001,34759,144600000000,1.620,4
1030,2021-05-28 10:08:00.0000000,247.28000,247.42230,247.20000,247.25000,24912,144612000000,1.620,4
1031,2021-05-28 10:09:00.0000000,247.19000,247.25999,246.97000,247.25000,47036,144559000000,1.620,4
1032,2021-05-28 10:10:00.0000000,246.96001,247.21001,246.94000,247.20000,25313,144425000000,1.620,4
1033,2021-05-28 10:11:00.0000000,246.84000,246.97000,246.67999,246.94000,58938,144354000000,1.620,4
1034,2021-05-28 10:12:00.0000000,246.75160,246.87000,246.67000,246.80499,49653,144303000000,1.620,4
1035,2021-05-28 10:13:00.0000000,246.89000,246.96001,246.72000,246.72000,40904,144384000000,1.620,4
1036,2021-05-28 10:14:00.0000000,246.75990,247.05000,246.64000,246.86000,61813,144308000000,1.620,4
1037,2021-05-28 10:15:00.0000000,246.72000,246.80000,246.66000,246.74001,39307,144284000000,1.620,4
1038,2021-05-28 10:16:00.0000000,246.69160,246.80000,246.64999,246.73000,37606,144268000000,1.620,4
1039,2021-05-28 10:17:00.0000000,246.75000,246.80000,246.56531,246.67999,39000,144302000000,1.620,4
1040,2021-05-28 10:18:00.0000000,246.23500,246.96001,246.21001,246.74001,91033,144001000000,1.620,4
1041,2021-05-28 10:19:00.0000000,245.82001,246.28000,245.82001,246.28000,122756,143758000000,1.620,4
1042,2021-05-28 10:20:00.0000000,246.03000,246.05000,245.81000,245.84599,55519,143881000000,1.620,4
1043,2021-05-28 10:21:00.0000000,246.11000,246.17900,245.96001,246.01480,50679,143928000000,1.620,4
1044,2021-05-28 10:22:00.0000000,246.23550,246.39290,246.03000,246.07001,42944,144001000000,1.620,4
1045,2021-05-28 10:23:00.0000000,246.14990,246.33000,246.12000,246.24001,24283,143951000000,1.620,4
1046,2021-05-28 10:24:00.0000000,245.92000,246.23000,245.92000,246.16499,36253,143816000000,1.620,4
1047,2021-05-28 10:25:00.0000000,245.63499,245.92500,245.61000,245.89999,61416,143650000000,1.620,4
1048,2021-05-28 10:26:00.0000000,245.88000,245.88000,245.61099,245.63499,46005,143793000000,1.620,4
1049,2021-05-28 10:27:00.0000000,246.09000,246.16991,245.70000,245.86000,37276,143916000000,1.620,4
1050,2021-05-28 10:28:00.0000000,245.89999,246.10500,245.84000,246.09000,24184,143805000000,1.620,4
1051,2021-05-28 10:29:00.0000000,245.66110,245.92000,245.60001,245.88000,50613,143665000000,1.620,4
1052,2021-05-28 10:30:00.0000000,246.07500,246.33000,245.67999,245.67999,59145,143907000000,1.620,4
1053,2021-05-28 10:31:00.0000000,246.42999,246.42999,246.06821,246.09000,41339,144115000000,1.620,4
1054,2021-05-28 10:32:00.0000000,246.39999,246.44000,246.25000,246.40700,32600,144097000000,1.620,4
1055,2021-05-28 10:33:00.0000000,246.35970,246.39999,246.25160,246.34000,24674,144074000000,1.620,4
1056,2021-05-28 10:34:00.0000000,246.37691,246.42430,246.25999,246.31010,25214,144084000000,1.620,4
1057,2021-05-28 10:35:00.0000000,246.03000,246.35001,246.02000,246.35001,23913,143881000000,1.620,4
1058,2021-05-28 10:36:00.0000000,245.98000,246.12000,245.84000,246.03999,56976,143852000000,1.620,4
1059,2021-05-28 10:37:00.0000000,246.25000,246.28999,245.86951,245.89000,28053,144009000000,1.620,4
1060,2021-05-28 10:38:00.0000000,246.31000,246.40520,246.17999,246.26990,20785,144045000000,1.620,4
1061,2021-05-28 10:39:00.0000000,246.30000,246.39999,246.21010,246.28500,17757,144039000000,1.620,4
1062,2021-05-28 10:40:00.0000000,246.38000,246.47459,246.28000,246.30000,25434,144085000000,1.620,4
1063,2021-05-28 10:41:00.0000000,246.20500,246.44501,246.20000,246.34000,30211,143983000000,1.620,4
1064,2021-05-28 10:42:00.0000000,246.08000,246.20000,245.89999,246.20000,30623,143910000000,1.620,4
1065,2021-05-28 10:43:00.0000000,245.91499,246.10500,245.85550,246.10500,22318,143814000000,1.620,4
1066,2021-05-28 10:44:00.0000000,245.89000,246.06000,245.85001,245.92999,20573,143799000000,1.620,4
1067,2021-05-28 10:45:00.0000000,246.00000,246.01340,245.86000,245.86000,17772,143863000000,1.620,4
1068,2021-05-28 10:46:00.0000000,245.52000,246.00000,245.46001,245.98990,73641,143583000000,1.620,4
1069,2021-05-28 10:47:00.0000000,245.78999,245.80000,245.37000,245.50000,68617,143740000000,1.620,4
1070,2021-05-28 10:48:00.0000000,245.82001,245.99001,245.74001,245.77000,40557,143758000000,1.620,4
1071,2021-05-28 10:49:00.0000000,245.66000,245.79350,245.52000,245.79350,19323,143664000000,1.620,4
1072,2021-05-28 10:50:00.0000000,245.84000,245.85460,245.62000,245.67000,22057,143770000000,1.620,4
1073,2021-05-28 10:51:00.0000000,245.89000,246.01700,245.80000,245.85989,23129,143799000000,1.620,4
1074,2021-05-28 10:52:00.0000000,245.82001,245.95500,245.78999,245.92000,15434,143758000000,1.620,4
1075,2021-05-28 10:53:00.0000000,246.19000,246.20000,245.78999,245.82001,33973,143974000000,1.620,4
1076,2021-05-28 10:54:00.0000000,246.39340,246.45000,246.20000,246.20000,19353,144093000000,1.620,4
1077,2021-05-28 10:55:00.0000000,246.56000,246.60001,246.24001,246.37030,48448,144191000000,1.620,4
1078,2021-05-28 10:56:00.0000000,246.58000,246.66499,246.53000,246.55000,45577,144202000000,1.620,4
1079,2021-05-28 10:57:00.0000000,246.55980,246.55980,246.39999,246.53101,28860,144191000000,1.620,4
1080,2021-05-28 10:58:00.0000000,246.46001,246.57291,246.40320,246.53000,25045,144132000000,1.620,4
1081,2021-05-28 10:59:00.0000000,246.51489,246.61000,246.39999,246.45000,18477,144164000000,1.620,4
1082,2021-05-28 11:00:00.0000000,246.75000,246.78000,246.50999,246.52499,34039,144302000000,1.620,4
1083,2021-05-28 11:01:00.0000000,246.64000,246.75999,246.58000,246.74500,25402,144238000000,1.620,4
1084,2021-05-28 11:02:00.0000000,246.61000,246.67500,246.58000,246.63100,13892,144220000000,1.620,4
1085,2021-05-28 11:03:00.0000000,246.59500,246.77000,246.59500,246.64999,31688,144211000000,1.620,4
1086,2021-05-28 11:04:00.0000000,246.64000,246.66000,246.55000,246.59990,16247,144238000000,1.620,4
1087,2021-05-28 11:05:00.0000000,246.92000,246.95000,246.59000,246.64999,31186,144401000000,1.620,4
1088,2021-05-28 11:06:00.0000000,247.07001,247.14240,246.94000,246.94000,49553,144489000000,1.620,4
1089,2021-05-28 11:07:00.0000000,246.92500,247.10600,246.86000,247.10001,40924,144404000000,1.620,4
1090,2021-05-28 11:08:00.0000000,247.02000,247.08000,246.83009,246.95000,16239,144460000000,1.620,4
1091,2021-05-28 11:09:00.0000000,246.96400,247.07500,246.96400,247.03999,12696,144427000000,1.620,4
1092,2021-05-28 11:10:00.0000000,247.18990,247.18990,246.86000,246.95000,24558,144559000000,1.620,4
1093,2021-05-28 11:11:00.0000000,247.46500,247.50000,247.17999,247.17999,43524,144720000000,1.620,4
1094,2021-05-28 11:12:00.0000000,247.35001,247.50000,247.33000,247.47000,15725,144653000000,1.620,4
1095,2021-05-28 11:13:00.0000000,247.48000,247.50999,247.36099,247.41000,17563,144729000000,1.620,4
1096,2021-05-28 11:14:00.0000000,247.55000,247.55000,247.41000,247.50000,18029,144770000000,1.620,4
1097,2021-05-28 11:15:00.0000000,247.44000,247.61000,247.39999,247.56531,18168,144705000000,1.620,4
1098,2021-05-28 11:16:00.0000000,247.35500,247.44000,247.21001,247.44000,25793,144656000000,1.620,4
1099,2021-05-28 11:17:00.0000000,247.39999,247.45000,247.36000,247.37500,10550,144682000000,1.620,4
1100,2021-05-28 11:18:00.0000000,247.44000,247.50000,247.37000,247.41000,16968,144705000000,1.620,4
1101,2021-05-28 11:19:00.0000000,247.33000,247.47000,247.33000,247.45500,13478,144641000000,1.620,4
1102,2021-05-28 11:20:00.0000000,247.25000,247.37930,247.17000,247.33000,10721,144594000000,1.620,4
1103,2021-05-28 11:21:00.0000000,247.19000,247.33990,247.14999,247.27000,14593,144559000000,1.620,4
1104,2021-05-28 11:22:00.0000000,247.14000,247.28999,247.14000,247.18520,5970,144530000000,1.620,4
1105,2021-05-28 11:23:00.0000000,247.06619,247.14999,247.03000,247.13010,13970,144487000000,1.620,4
1106,2021-05-28 11:24:00.0000000,247.03000,247.10001,246.97000,247.03000,21144,144466000000,1.620,4
1107,2021-05-28 11:25:00.0000000,246.75999,247.01500,246.75999,246.97000,26876,144308000000,1.620,4
1108,2021-05-28 11:26:00.0000000,246.57001,246.75000,246.56570,246.75000,22447,144197000000,1.620,4
1109,2021-05-28 11:27:00.0000000,246.52000,246.60001,246.52000,246.57001,12154,144167000000,1.620,4
1110,2021-05-28 11:28:00.0000000,246.47000,246.51801,246.41000,246.51801,20887,144138000000,1.620,4
1111,2021-05-28 11:29:00.0000000,246.51500,246.58000,246.44701,246.46600,17388,144164000000,1.620,4
1112,2021-05-28 11:30:00.0000000,246.53000,246.59000,246.46001,246.58000,18128,144173000000,1.620,4
1113,2021-05-28 11:31:00.0000000,246.31500,246.58000,246.27000,246.55499,27935,144047000000,1.620,4
1114,2021-05-28 11:32:00.0000000,246.39940,246.46320,246.16000,246.37000,35560,144097000000,1.620,4
1115,2021-05-28 11:33:00.0000000,246.32001,246.52550,246.32001,246.40720,18873,144050000000,1.620,4
1116,2021-05-28 11:34:00.0000000,246.45000,246.48000,246.28000,246.30190,15673,144126000000,1.620,4
1117,2021-05-28 11:35:00.0000000,246.55000,246.55000,246.38989,246.47000,21018,144185000000,1.620,4
1118,2021-05-28 11:36:00.0000000,246.91000,247.53000,246.37000,246.56000,170192,144395000000,1.620,4
1119,2021-05-28 11:37:00.0000000,246.80000,246.89000,246.74001,246.89000,28993,144331000000,1.620,4
1120,2021-05-28 11:38:00.0000000,246.84000,246.84000,246.53999,246.79500,94234,144354000000,1.620,4
1121,2021-05-28 11:39:00.0000000,246.81000,246.88000,246.67000,246.83189,13289,144337000000,1.620,4
1122,2021-05-28 11:40:00.0000000,246.61000,246.86000,246.56000,246.85001,21655,144220000000,1.620,4
1123,2021-05-28 11:41:00.0000000,246.59500,246.65990,246.48000,246.59000,27793,144211000000,1.620,4
1124,2021-05-28 11:42:00.0000000,246.35001,246.59000,246.30000,246.59000,75097,144068000000,1.620,4
1125,2021-05-28 11:43:00.0000000,246.30000,246.36571,246.28000,246.32260,8796,144039000000,1.620,4
1126,2021-05-28 11:44:00.0000000,246.30499,246.39000,246.20000,246.38000,13030,144042000000,1.620,4
1127,2021-05-28 11:45:00.0000000,246.23500,246.35370,246.23000,246.28999,10301,144001000000,1.620,4
1128,2021-05-28 11:46:00.0000000,246.27271,246.31500,246.03999,246.22000,33255,144023000000,1.620,4
1129,2021-05-28 11:47:00.0000000,246.41499,246.48000,246.14999,246.27000,17019,144106000000,1.620,4
1130,2021-05-28 11:48:00.0000000,246.38000,246.39999,246.28000,246.37000,6829,144085000000,1.620,4
1131,2021-05-28 11:49:00.0000000,246.28999,246.33000,246.22000,246.33000,12159,144033000000,1.620,4
1132,2021-05-28 11:50:00.0000000,246.30000,246.35001,246.24001,246.24001,5662,144039000000,1.620,4
1133,2021-05-28 11:51:00.0000000,246.33501,246.50000,246.30000,246.36000,18753,144059000000,1.620,4
1134,2021-05-28 11:52:00.0000000,246.25000,246.33501,246.16000,246.33501,13816,144009000000,1.620,4
1135,2021-05-28 11:53:00.0000000,246.28990,246.33000,246.17000,246.25500,13159,144033000000,1.620,4
1136,2021-05-28 11:54:00.0000000,246.37000,246.37000,246.24001,246.27730,3555,144080000000,1.620,4
1137,2021-05-28 11:55:00.0000000,246.34010,246.45000,246.34010,246.36000,7318,144062000000,1.620,4
1138,2021-05-28 11:56:00.0000000,246.30000,246.35001,246.06660,246.35001,27837,144039000000,1.620,4
1139,2021-05-28 11:57:00.0000000,246.14000,246.34000,246.10001,246.32001,19426,143945000000,1.620,4
1140,2021-05-28 11:58:00.0000000,246.10001,246.15820,246.00000,246.15820,27820,143922000000,1.620,4
1141,2021-05-28 11:59:00.0000000,246.13901,246.14000,246.05000,246.10001,8904,143945000000,1.620,4
1142,2021-05-28 12:00:00.0000000,246.02000,246.15860,245.97000,246.09500,44491,143875000000,1.620,4
1143,2021-05-28 12:01:00.0000000,245.97000,246.10001,245.97000,246.03590,14694,143846000000,1.620,4
1144,2021-05-28 12:02:00.0000000,246.09000,246.13000,245.97000,245.97000,7081,143916000000,1.620,4
1145,2021-05-28 12:03:00.0000000,246.05060,246.14999,245.99001,246.11501,15687,143893000000,1.620,4
1146,2021-05-28 12:04:00.0000000,245.97501,246.04500,245.83000,246.04500,21587,143849000000,1.620,4
1147,2021-05-28 12:05:00.0000000,245.94550,246.07899,245.94550,245.96001,8710,143831000000,1.620,4
1148,2021-05-28 12:06:00.0000000,245.94640,245.99001,245.84000,245.96001,14017,143832000000,1.620,4
1149,2021-05-28 12:07:00.0000000,246.00999,246.03990,245.87000,245.92000,12330,143869000000,1.620,4
1150,2021-05-28 12:08:00.0000000,245.85500,245.96001,245.77010,245.92000,23943,143778000000,1.620,4
1151,2021-05-28 12:09:00.0000000,245.86000,245.86501,245.80000,245.85001,7970,143781000000,1.620,4
1152,2021-05-28 12:10:00.0000000,245.82001,245.89999,245.78000,245.85500,13571,143758000000,1.620,4
1153,2021-05-28 12:11:00.0000000,246.14500,246.14999,245.83000,245.83000,25086,143948000000,1.620,4
1154,2021-05-28 12:12:00.0000000,246.27499,246.28000,246.08000,246.17000,22782,144024000000,1.620,4
1155,2021-05-28 12:13:00.0000000,246.41000,246.47000,246.28430,246.28430,19463,144103000000,1.620,4
1156,2021-05-28 12:14:00.0000000,246.42999,246.45000,246.32001,246.36000,20349,144115000000,1.620,4
1157,2021-05-28 12:15:00.0000000,246.38000,246.50000,246.38000,246.42000,13073,144085000000,1.620,4
1158,2021-05-28 12:16:00.0000000,246.37000,246.39931,246.28490,246.36000,11674,144080000000,1.620,4
1159,2021-05-28 12:17:00.0000000,246.56000,246.56551,246.38499,246.38499,14363,144191000000,1.620,4
1160,2021-05-28 12:18:00.0000000,246.36990,246.53000,246.35001,246.53000,13953,144080000000,1.620,4
1161,2021-05-28 12:19:00.0000000,246.45000,246.45000,246.27000,246.34000,9781,144126000000,1.620,4
1162,2021-05-28 12:20:00.0000000,246.38570,246.49181,246.35001,246.45750,14672,144089000000,1.620,4
1163,2021-05-28 12:21:00.0000000,246.27000,246.36000,246.14999,246.36000,19285,144021000000,1.620,4
1164,2021-05-28 12:22:00.0000000,246.19031,246.28000,246.19031,246.25999,8657,143975000000,1.620,4
1165,2021-05-28 12:23:00.0000000,246.20230,246.20230,246.13000,246.16000,6486,143982000000,1.620,4
1166,2021-05-28 12:24:00.0000000,246.13000,246.25000,246.13000,246.22000,5352,143939000000,1.620,4
1167,2021-05-28 12:25:00.0000000,246.17999,246.24001,246.11000,246.12000,6634,143969000000,1.620,4
1168,2021-05-28 12:26:00.0000000,246.22000,246.23000,246.15500,246.16000,4914,143992000000,1.620,4
1169,2021-05-28 12:27:00.0000000,246.22000,246.25000,246.16000,246.21930,7932,143992000000,1.620,4
1170,2021-05-28 12:28:00.0000000,246.50000,246.50000,246.20000,246.22000,28085,144156000000,1.620,4
1171,2021-05-28 12:29:00.0000000,246.48000,246.53000,246.39999,246.50999,12861,144144000000,1.620,4
1172,2021-05-28 12:30:00.0000000,246.39760,246.49001,246.36000,246.46001,16644,144096000000,1.620,4
1173,2021-05-28 12:31:00.0000000,246.55000,246.56000,246.39999,246.41490,21220,144185000000,1.620,4
1174,2021-05-28 12:32:00.0000000,246.45500,246.59000,246.42999,246.53000,18719,144129000000,1.620,4
1175,2021-05-28 12:33:00.0000000,246.50500,246.52000,246.44000,246.45500,6879,144159000000,1.620,4
1176,2021-05-28 12:34:00.0000000,246.47990,246.53999,246.44000,246.52000,9709,144144000000,1.620,4
1177,2021-05-28 12:35:00.0000000,246.42300,246.48500,246.39999,246.45000,8852,144111000000,1.620,4
1178,2021-05-28 12:36:00.0000000,246.49001,246.49001,246.41000,246.42999,5948,144150000000,1.620,4
1179,2021-05-28 12:37:00.0000000,246.46001,246.50999,246.43500,246.50999,7795,144132000000,1.620,4
1180,2021-05-28 12:38:00.0000000,246.56700,246.66000,246.44000,246.44000,52031,144195000000,1.620,4
1181,2021-05-28 12:39:00.0000000,246.73000,246.78000,246.46040,246.55009,26746,144290000000,1.620,4
1182,2021-05-28 12:40:00.0000000,246.85989,246.86000,246.70000,246.73000,33031,144366000000,1.620,4
1183,2021-05-28 12:41:00.0000000,246.91060,246.95900,246.77040,246.82001,65882,144396000000,1.620,4
1184,2021-05-28 12:42:00.0000000,246.91800,246.95000,246.63000,246.90060,74803,144400000000,1.620,4
1185,2021-05-28 12:43:00.0000000,246.92560,247.00000,246.81000,246.92999,57263,144405000000,1.620,4
1186,2021-05-28 12:44:00.0000000,246.99989,247.00000,246.93469,246.94000,33803,144448000000,1.620,4
1187,2021-05-28 12:45:00.0000000,246.93040,247.03999,246.91000,247.00000,39485,144407000000,1.620,4
1188,2021-05-28 12:46:00.0000000,246.96831,247.00999,246.83501,246.95450,25372,144430000000,1.620,4
1189,2021-05-28 12:47:00.0000000,246.82001,246.97000,246.67799,246.97000,14777,144343000000,1.620,4
1190,2021-05-28 12:48:00.0000000,246.69000,246.81000,246.57050,246.80000,20265,144267000000,1.620,4
1191,2021-05-28 12:49:00.0000000,246.69051,246.78000,246.60001,246.67500,10723,144267000000,1.620,4
1192,2021-05-28 12:50:00.0000000,246.63000,246.71001,246.62000,246.69000,7000,144232000000,1.620,4
1193,2021-05-28 12:51:00.0000000,246.57269,246.67999,246.56000,246.66000,15129,144198000000,1.620,4
1194,2021-05-28 12:52:00.0000000,246.60001,246.63170,246.47000,246.57001,14668,144214000000,1.620,4
1195,2021-05-28 12:53:00.0000000,246.70000,246.70000,246.58501,246.60001,8916,144273000000,1.620,4
1196,2021-05-28 12:54:00.0000000,246.96001,247.00000,246.70000,246.70000,27167,144425000000,1.620,4
1197,2021-05-28 12:55:00.0000000,247.17050,247.23000,246.89999,246.97000,28145,144548000000,1.620,4
1198,2021-05-28 12:56:00.0000000,247.13741,247.28000,247.12830,247.19009,17314,144528000000,1.620,4
1199,2021-05-28 12:57:00.0000000,247.06599,247.17999,247.04100,247.12930,10153,144487000000,1.620,4
1200,2021-05-28 12:58:00.0000000,247.05000,247.11000,247.02000,247.07001,20467,144477000000,1.620,4
1201,2021-05-28 12:59:00.0000000,246.98289,247.07800,246.98000,247.03999,16616,144438000000,1.620,4
1202,2021-05-28 13:00:00.0000000,247.21001,247.28000,246.99989,247.00000,19405,144571000000,1.620,4
1203,2021-05-28 13:01:00.0000000,247.21001,247.25000,247.19000,247.19189,16536,144571000000,1.620,4
1204,2021-05-28 13:02:00.0000000,247.17999,247.21001,247.14040,247.19501,9622,144553000000,1.620,4
1205,2021-05-28 13:03:00.0000000,247.31000,247.33000,247.19501,247.19501,25329,144629000000,1.620,4
1206,2021-05-28 13:04:00.0000000,247.35010,247.37000,247.31000,247.31000,11094,144653000000,1.620,4
1207,2021-05-28 13:05:00.0000000,247.22000,247.35001,247.20000,247.34061,13442,144577000000,1.620,4
1208,2021-05-28 13:06:00.0000000,247.28999,247.30000,247.17999,247.23810,12326,144618000000,1.620,4
1209,2021-05-28 13:07:00.0000000,247.16000,247.27440,247.16000,247.27440,8352,144542000000,1.620,4
1210,2021-05-28 13:08:00.0000000,247.17999,247.21001,247.13000,247.14000,6610,144553000000,1.620,4
1211,2021-05-28 13:09:00.0000000,247.20000,247.25000,247.17500,247.20000,8164,144565000000,1.620,4
1212,2021-05-28 13:10:00.0000000,247.37000,247.39999,247.22000,247.24001,13831,144664000000,1.620,4
1213,2021-05-28 13:11:00.0000000,247.33501,247.41000,247.28030,247.41000,17386,144644000000,1.620,4
1214,2021-05-28 13:12:00.0000000,247.22000,247.35001,247.22000,247.31000,16249,144577000000,1.620,4
1215,2021-05-28 13:13:00.0000000,247.22510,247.25999,247.16100,247.21001,17146,144580000000,1.620,4
1216,2021-05-28 13:14:00.0000000,247.32001,247.34000,247.23000,247.23000,10715,144635000000,1.620,4
1217,2021-05-28 13:15:00.0000000,247.22000,247.32001,247.21001,247.32001,11878,144577000000,1.620,4
1218,2021-05-28 13:16:00.0000000,247.30000,247.33000,247.21001,247.24001,11634,144624000000,1.620,4
1219,2021-05-28 13:17:00.0000000,247.37990,247.39430,247.27100,247.30009,19226,144670000000,1.620,4
1220,2021-05-28 13:18:00.0000000,247.46001,247.47000,247.35899,247.35899,11841,144717000000,1.620,4
1221,2021-05-28 13:19:00.0000000,247.47501,247.52000,247.39000,247.46960,20211,144726000000,1.620,4
1222,2021-05-28 13:20:00.0000000,247.41000,247.49001,247.40500,247.46001,9160,144688000000,1.620,4
1223,2021-05-28 13:21:00.0000000,247.45000,247.52580,247.33000,247.42000,16781,144711000000,1.620,4
1224,2021-05-28 13:22:00.0000000,247.55000,247.60001,247.36000,247.44000,25558,144770000000,1.620,4
1225,2021-05-28 13:23:00.0000000,247.47000,247.55991,247.45000,247.54570,13295,144723000000,1.620,4
1226,2021-05-28 13:24:00.0000000,247.60001,247.63000,247.50000,247.50000,11612,144799000000,1.620,4
1227,2021-05-28 13:25:00.0000000,247.50000,247.67000,247.50000,247.59000,18780,144740000000,1.620,4
1228,2021-05-28 13:26:00.0000000,247.56000,247.56480,247.48000,247.53310,7967,144776000000,1.620,4
1229,2021-05-28 13:27:00.0000000,247.67000,247.67000,247.55000,247.59000,9833,144840000000,1.620,4
1230,2021-05-28 13:28:00.0000000,247.57001,247.69000,247.53000,247.63000,26802,144781000000,1.620,4
1231,2021-05-28 13:29:00.0000000,247.50000,247.61391,247.45000,247.58000,15118,144740000000,1.620,4
1232,2021-05-28 13:30:00.0000000,247.59000,247.73000,247.50000,247.50000,23847,144793000000,1.620,4
1233,2021-05-28 13:31:00.0000000,247.56160,247.63989,247.52550,247.61000,7759,144776000000,1.620,4
1234,2021-05-28 13:32:00.0000000,247.48489,247.57001,247.46001,247.55000,9883,144732000000,1.620,4
1235,2021-05-28 13:33:00.0000000,247.42999,247.53000,247.35350,247.47000,13341,144700000000,1.620,4
1236,2021-05-28 13:34:00.0000000,247.42000,247.47000,247.39999,247.45000,7963,144694000000,1.620,4
1237,2021-05-28 13:35:00.0000000,247.31000,247.42410,247.30000,247.39999,4167,144629000000,1.620,4
1238,2021-05-28 13:36:00.0000000,247.39700,247.42999,247.30000,247.31000,11745,144680000000,1.620,4
1239,2021-05-28 13:37:00.0000000,247.45650,247.49001,247.42000,247.42999,9285,144715000000,1.620,4
1240,2021-05-28 13:38:00.0000000,247.47501,247.52000,247.41000,247.49989,8068,144726000000,1.620,4
1241,2021-05-28 13:39:00.0000000,247.53000,247.61000,247.47000,247.50000,11624,144758000000,1.620,4
1242,2021-05-28 13:40:00.0000000,247.45000,247.72000,247.45000,247.52000,20117,144711000000,1.620,4
1243,2021-05-28 13:41:00.0000000,247.42999,247.51981,247.41000,247.42999,8663,144700000000,1.620,4
1244,2021-05-28 13:42:00.0000000,247.45000,247.60001,247.44521,247.44521,13765,144711000000,1.620,4
1245,2021-05-28 13:43:00.0000000,247.41901,247.44000,247.39999,247.44000,8190,144693000000,1.620,4
1246,2021-05-28 13:44:00.0000000,247.44000,247.50000,247.39000,247.42999,8640,144705000000,1.620,4
1247,2021-05-28 13:45:00.0000000,247.57001,247.57001,247.46001,247.46001,6003,144781000000,1.620,4
1248,2021-05-28 13:46:00.0000000,247.81500,247.92990,247.55000,247.57990,35305,144925000000,1.620,4
1249,2021-05-28 13:47:00.0000000,247.83490,247.91000,247.81010,247.83000,11247,144936000000,1.620,4
1250,2021-05-28 13:48:00.0000000,247.80000,247.92000,247.75999,247.85989,20620,144916000000,1.620,4
1251,2021-05-28 13:49:00.0000000,247.92999,247.92999,247.80000,247.83000,21676,144992000000,1.620,4
1252,2021-05-28 13:50:00.0000000,247.92000,248.02000,247.86000,247.95000,42926,144986000000,1.620,4
1253,2021-05-28 13:51:00.0000000,248.06000,248.08000,247.88000,247.99001,14026,145068000000,1.620,4
1254,2021-05-28 13:52:00.0000000,247.94501,248.12990,247.92999,248.03999,17069,145001000000,1.620,4
1255,2021-05-28 13:53:00.0000000,247.87000,247.97000,247.83600,247.92000,19547,144957000000,1.620,4
1256,2021-05-28 13:54:00.0000000,247.93430,248.00000,247.86000,247.86000,15831,144994000000,1.620,4
1257,2021-05-28 13:55:00.0000000,248.10539,248.14000,247.92000,247.92000,17665,145095000000,1.620,4
1258,2021-05-28 13:56:00.0000000,248.06500,248.19991,248.05000,248.10001,13109,145071000000,1.620,4
1259,2021-05-28 13:57:00.0000000,248.03000,248.07001,248.00000,248.07001,8078,145050000000,1.620,4
1260,2021-05-28 13:58:00.0000000,247.99741,248.08000,247.97000,248.00000,15382,145031000000,1.620,4
1261,2021-05-28 13:59:00.0000000,248.00000,248.11000,247.99860,248.00999,5264,145033000000,1.620,4
1262,2021-05-28 14:00:00.0000000,248.06000,248.14999,248.00000,248.00000,17284,145068000000,1.620,4
1263,2021-05-28 14:01:00.0000000,248.00000,248.10001,248.00000,248.07001,8458,145033000000,1.620,4
1264,2021-05-28 14:02:00.0000000,248.07500,248.08000,247.96001,247.99500,10902,145077000000,1.620,4
1265,2021-05-28 14:03:00.0000000,248.10001,248.19260,248.07001,248.07001,17954,145091000000,1.620,4
1266,2021-05-28 14:04:00.0000000,247.98000,248.16000,247.98000,248.16000,5613,145021000000,1.620,4
1267,2021-05-28 14:05:00.0000000,247.83000,247.96001,247.78011,247.95000,20098,144933000000,1.620,4
1268,2021-05-28 14:06:00.0000000,247.66840,247.80040,247.58000,247.80040,15363,144839000000,1.620,4
1269,2021-05-28 14:07:00.0000000,247.67059,247.71001,247.64580,247.64580,12378,144840000000,1.620,4
1270,2021-05-28 14:08:00.0000000,247.72260,247.78000,247.63490,247.71500,15871,144871000000,1.620,4
1271,2021-05-28 14:09:00.0000000,247.70000,247.74001,247.67340,247.67999,4952,144857000000,1.620,4
1272,2021-05-28 14:10:00.0000000,247.75999,247.77300,247.69000,247.70000,5618,144893000000,1.620,4
1273,2021-05-28 14:11:00.0000000,247.64999,247.80000,247.64999,247.73000,7239,144828000000,1.620,4
1274,2021-05-28 14:12:00.0000000,247.53000,247.73000,247.47000,247.68170,25556,144758000000,1.620,4
1275,2021-05-28 14:13:00.0000000,247.48000,247.53000,247.36000,247.52000,17297,144729000000,1.620,4
1276,2021-05-28 14:14:00.0000000,247.47000,247.50999,247.42999,247.50999,5041,144723000000,1.620,4
1277,2021-05-28 14:15:00.0000000,247.46989,247.47000,247.35001,247.42000,13047,144723000000,1.620,4
1278,2021-05-28 14:16:00.0000000,247.39999,247.56000,247.39999,247.47000,6262,144682000000,1.620,4
1279,2021-05-28 14:17:00.0000000,247.24001,247.41000,247.20000,247.38000,22647,144588000000,1.620,4
1280,2021-05-28 14:18:00.0000000,247.25999,247.36000,247.17000,247.25999,27121,144600000000,1.620,4
1281,2021-05-28 14:19:00.0000000,247.23000,247.28999,247.22000,247.22000,5126,144583000000,1.620,4
1282,2021-05-28 14:20:00.0000000,247.37070,247.39000,247.20000,247.20000,6259,144665000000,1.620,4
1283,2021-05-28 14:21:00.0000000,247.28999,247.35001,247.25999,247.35001,7586,144618000000,1.620,4
1284,2021-05-28 14:22:00.0000000,247.21001,247.32001,247.21001,247.27480,6294,144571000000,1.620,4
1285,2021-05-28 14:23:00.0000000,247.27991,247.31000,247.20000,247.22000,7450,144612000000,1.620,4
1286,2021-05-28 14:24:00.0000000,247.26260,247.35500,247.26260,247.34000,3132,144602000000,1.620,4
1287,2021-05-28 14:25:00.0000000,247.24001,247.32001,247.21001,247.25999,7361,144588000000,1.620,4
1288,2021-05-28 14:26:00.0000000,247.11000,247.20000,247.07001,247.20000,10030,144512000000,1.620,4
1289,2021-05-28 14:27:00.0000000,247.23740,247.28000,247.09010,247.10500,11344,144587000000,1.620,4
1290,2021-05-28 14:28:00.0000000,247.28999,247.35001,247.20000,247.20689,9981,144618000000,1.620,4
1291,2021-05-28 14:29:00.0000000,247.25999,247.33000,247.25000,247.28490,9976,144600000000,1.620,4
1292,2021-05-28 14:30:00.0000000,247.22000,247.28000,247.22000,247.25000,5796,144577000000,1.620,4
1293,2021-05-28 14:31:00.0000000,247.24001,247.25000,247.15460,247.22000,8406,144588000000,1.620,4
1294,2021-05-28 14:32:00.0000000,247.22620,247.33440,247.21001,247.23000,8092,144580000000,1.620,4
1295,2021-05-28 14:33:00.0000000,247.28500,247.34000,247.24001,247.28999,5961,144615000000,1.620,4
1296,2021-05-28 14:34:00.0000000,247.33000,247.38310,247.28011,247.28500,12498,144641000000,1.620,4
1297,2021-05-28 14:35:00.0000000,247.22501,247.33000,247.20129,247.30009,5483,144580000000,1.620,4
1298,2021-05-28 14:36:00.0000000,247.20000,247.24001,247.13000,247.24001,7817,144565000000,1.620,4
1299,2021-05-28 14:37:00.0000000,247.25000,247.28000,247.20000,247.20410,7968,144594000000,1.620,4
1300,2021-05-28 14:38:00.0000000,247.24001,247.28999,247.20000,247.26950,12082,144588000000,1.620,4
1301,2021-05-28 14:39:00.0000000,247.23000,247.27000,247.22000,247.24001,4871,144583000000,1.620,4
1302,2021-05-28 14:40:00.0000000,247.19431,247.23000,247.17000,247.23000,6556,144562000000,1.620,4
1303,2021-05-28 14:41:00.0000000,247.26410,247.26410,247.16000,247.17000,5489,144603000000,1.620,4
1304,2021-05-28 14:42:00.0000000,247.37241,247.41000,247.27000,247.27000,19717,144666000000,1.620,4
1305,2021-05-28 14:43:00.0000000,247.50999,247.56000,247.39500,247.39990,14036,144746000000,1.620,4
1306,2021-05-28 14:44:00.0000000,247.53371,247.59000,247.53371,247.53999,11653,144760000000,1.620,4
1307,2021-05-28 14:45:00.0000000,247.49319,247.55000,247.41000,247.52499,13979,144736000000,1.620,4
1308,2021-05-28 14:46:00.0000000,247.39999,247.44000,247.36000,247.44000,7767,144682000000,1.620,4
1309,2021-05-28 14:47:00.0000000,247.38000,247.41000,247.36000,247.41000,4336,144670000000,1.620,4
1310,2021-05-28 14:48:00.0000000,247.29640,247.37000,247.29640,247.36000,5778,144621000000,1.620,4
1311,2021-05-28 14:49:00.0000000,247.14999,247.31509,247.14999,247.31509,15809,144536000000,1.620,4
1312,2021-05-28 14:50:00.0000000,247.23000,247.27000,247.14999,247.14999,9202,144583000000,1.620,4
1313,2021-05-28 14:51:00.0000000,247.28999,247.31000,247.23000,247.25999,7344,144618000000,1.620,4
1314,2021-05-28 14:52:00.0000000,247.35001,247.40050,247.25999,247.25999,10470,144653000000,1.620,4
1315,2021-05-28 14:53:00.0000000,247.25999,247.36000,247.24010,247.32001,9968,144600000000,1.620,4
1316,2021-05-28 14:54:00.0000000,247.33501,247.35001,247.23000,247.25000,8097,144644000000,1.620,4
1317,2021-05-28 14:55:00.0000000,247.39999,247.42000,247.31000,247.34000,6302,144682000000,1.620,4
1318,2021-05-28 14:56:00.0000000,247.35519,247.39000,247.30000,247.39000,7047,144656000000,1.620,4
1319,2021-05-28 14:57:00.0000000,247.31000,247.35001,247.25999,247.33000,23052,144629000000,1.620,4
1320,2021-05-28 14:58:00.0000000,247.32001,247.33000,247.25999,247.30000,13483,144635000000,1.620,4
1321,2021-05-28 14:59:00.0000000,247.21001,247.32001,247.21001,247.32001,7804,144571000000,1.620,4
1322,2021-05-28 15:00:00.0000000,247.31000,247.31000,247.16010,247.20000,12309,144629000000,1.620,4
1323,2021-05-28 09:30:00.0000000,53.09010,53.18000,53.03000,53.09010,446826,223733000000,0.920,7
1324,2021-05-28 09:31:00.0000000,53.12000,53.12000,53.04000,53.10500,69049,223859000000,0.920,7
1325,2021-05-28 09:32:00.0000000,53.19000,53.19000,53.10000,53.12000,51001,224154000000,0.920,7
1326,2021-05-28 09:33:00.0000000,53.20660,53.22000,53.18000,53.18000,62293,224224000000,0.920,7
1327,2021-05-28 09:34:00.0000000,53.12000,53.20000,53.12000,53.20000,42559,223859000000,0.920,7
1328,2021-05-28 09:35:00.0000000,53.06000,53.13000,53.03000,53.12000,97234,223606000000,0.920,7
1329,2021-05-28 09:36:00.0000000,53.16000,53.16000,53.05000,53.06000,64571,224027000000,0.920,7
1330,2021-05-28 09:37:00.0000000,53.10000,53.17000,53.07000,53.17000,27419,223774000000,0.920,7
1331,2021-05-28 09:38:00.0000000,53.12000,53.14000,53.10000,53.10000,27922,223859000000,0.920,7
1332,2021-05-28 09:39:00.0000000,53.07000,53.10000,53.07000,53.08810,22771,223648000000,0.920,7
1333,2021-05-28 09:40:00.0000000,53.09000,53.09000,53.05000,53.08000,41939,223732000000,0.920,7
1334,2021-05-28 09:41:00.0000000,53.10000,53.14000,53.08400,53.10000,40373,223774000000,0.920,7
1335,2021-05-28 09:42:00.0000000,53.08500,53.12000,53.08000,53.11000,30531,223711000000,0.920,7
1336,2021-05-28 09:43:00.0000000,53.08500,53.09000,53.05000,53.08500,24815,223711000000,0.920,7
1337,2021-05-28 09:44:00.0000000,53.03000,53.09000,53.03000,53.08500,34517,223479000000,0.920,7
1338,2021-05-28 09:45:00.0000000,53.07990,53.08500,53.00000,53.02000,48847,223690000000,0.920,7
1339,2021-05-28 09:46:00.0000000,53.14000,53.14000,53.07000,53.08000,19552,223943000000,0.920,7
1340,2021-05-28 09:47:00.0000000,53.12500,53.14500,53.10000,53.14000,54761,223880000000,0.920,7
1341,2021-05-28 09:48:00.0000000,53.12500,53.14000,53.09000,53.13000,22865,223880000000,0.920,7
1342,2021-05-28 09:49:00.0000000,53.11500,53.13000,53.10000,53.12500,25904,223838000000,0.920,7
1343,2021-05-28 09:50:00.0000000,53.12000,53.12000,53.07000,53.11000,41197,223859000000,0.920,7
1344,2021-05-28 09:51:00.0000000,53.07000,53.12000,53.05500,53.11500,35993,223648000000,0.920,7
1345,2021-05-28 09:52:00.0000000,53.04000,53.10000,53.02000,53.07000,101708,223521000000,0.920,7
1346,2021-05-28 09:53:00.0000000,53.05500,53.07000,53.03000,53.04690,79903,223585000000,0.920,7
1347,2021-05-28 09:54:00.0000000,53.00500,53.06000,52.99000,53.06000,52431,223374000000,0.920,7
1348,2021-05-28 09:55:00.0000000,53.00500,53.03000,52.98500,53.00000,79586,223374000000,0.920,7
1349,2021-05-28 09:56:00.0000000,53.03500,53.05000,53.00500,53.00500,48614,223500000000,0.920,7
1350,2021-05-28 09:57:00.0000000,53.04360,53.06000,53.03990,53.03990,26735,223537000000,0.920,7
1351,2021-05-28 09:58:00.0000000,53.00500,53.04030,53.00000,53.04030,25427,223374000000,0.920,7
1352,2021-05-28 09:59:00.0000000,53.03500,53.04000,53.00500,53.00500,62697,223500000000,0.920,7
1353,2021-05-28 10:00:00.0000000,53.02000,53.05000,53.00020,53.03500,73082,223437000000,0.920,7
1354,2021-05-28 10:01:00.0000000,53.00000,53.04000,53.00000,53.01500,24473,223353000000,0.920,7
1355,2021-05-28 10:02:00.0000000,52.98500,53.01000,52.98000,53.00000,13077,223290000000,0.920,7
1356,2021-05-28 10:03:00.0000000,52.99000,52.99000,52.97000,52.98000,27006,223311000000,0.920,7
1357,2021-05-28 10:04:00.0000000,52.96500,52.99000,52.95000,52.98500,33423,223205000000,0.920,7
1358,2021-05-28 10:05:00.0000000,52.92500,52.97000,52.92500,52.97000,27050,223037000000,0.920,7
1359,2021-05-28 10:06:00.0000000,52.97000,52.97500,52.90500,52.93000,51442,223226000000,0.920,7
1360,2021-05-28 10:07:00.0000000,52.98000,52.99000,52.95500,52.97010,186429,223269000000,0.920,7
1361,2021-05-28 10:08:00.0000000,52.91000,52.98000,52.89500,52.97010,19442,222974000000,0.920,7
1362,2021-05-28 10:09:00.0000000,52.89000,52.92500,52.89000,52.90500,18791,222889000000,0.920,7
1363,2021-05-28 10:10:00.0000000,52.88000,52.89000,52.86500,52.88000,17137,222847000000,0.920,7
1364,2021-05-28 10:11:00.0000000,52.88000,52.90000,52.88000,52.89000,25826,222847000000,0.920,7
1365,2021-05-28 10:12:00.0000000,52.88000,52.89000,52.85000,52.89000,18319,222847000000,0.920,7
1366,2021-05-28 10:13:00.0000000,52.91000,52.91500,52.86000,52.88000,21240,222974000000,0.920,7
1367,2021-05-28 10:14:00.0000000,52.92000,52.93000,52.89000,52.91000,15612,223016000000,0.920,7
1368,2021-05-28 10:15:00.0000000,52.91000,52.94000,52.91000,52.92000,28342,222974000000,0.920,7
1369,2021-05-28 10:16:00.0000000,52.92000,52.92000,52.90500,52.91010,9206,223016000000,0.920,7
1370,2021-05-28 10:17:00.0000000,52.96000,52.96000,52.92000,52.92000,26454,223184000000,0.920,7
1371,2021-05-28 10:18:00.0000000,52.94500,52.95000,52.94000,52.95000,15781,223121000000,0.920,7
1372,2021-05-28 10:19:00.0000000,52.92500,52.96000,52.92500,52.94000,28697,223037000000,0.920,7
1373,2021-05-28 10:20:00.0000000,52.91000,52.93000,52.90000,52.93000,24764,222974000000,0.920,7
1374,2021-05-28 10:21:00.0000000,52.91000,52.91600,52.89500,52.91000,10494,222974000000,0.920,7
1375,2021-05-28 10:22:00.0000000,52.91000,52.92000,52.90000,52.91910,24654,222974000000,0.920,7
1376,2021-05-28 10:23:00.0000000,52.86500,52.90000,52.86500,52.90000,27301,222784000000,0.920,7
1377,2021-05-28 10:24:00.0000000,52.85000,52.87000,52.84000,52.87000,84871,222721000000,0.920,7
1378,2021-05-28 10:25:00.0000000,52.84500,52.87000,52.84000,52.85000,76353,222700000000,0.920,7
1379,2021-05-28 10:26:00.0000000,52.87500,52.87820,52.83500,52.84500,25006,222826000000,0.920,7
1380,2021-05-28 10:27:00.0000000,52.87000,52.89000,52.86500,52.87000,18348,222805000000,0.920,7
1381,2021-05-28 10:28:00.0000000,52.88000,52.89000,52.87500,52.87900,12216,222847000000,0.920,7
1382,2021-05-28 10:29:00.0000000,52.90000,52.92000,52.88000,52.88500,23134,222931000000,0.920,7
1383,2021-05-28 10:30:00.0000000,52.96000,52.96000,52.90500,52.91000,88856,223184000000,0.920,7
1384,2021-05-28 10:31:00.0000000,52.99000,52.99000,52.95000,52.95500,25696,223311000000,0.920,7
1385,2021-05-28 10:32:00.0000000,52.98500,52.99500,52.97000,52.99000,31511,223290000000,0.920,7
1386,2021-05-28 10:33:00.0000000,52.98000,52.99000,52.97000,52.98500,25044,223269000000,0.920,7
1387,2021-05-28 10:34:00.0000000,52.97500,52.97670,52.94000,52.97500,40455,223248000000,0.920,7
1388,2021-05-28 10:35:00.0000000,52.98000,53.00000,52.97500,52.98000,19877,223269000000,0.920,7
1389,2021-05-28 10:36:00.0000000,52.97500,52.98000,52.96000,52.97900,15138,223248000000,0.920,7
1390,2021-05-28 10:37:00.0000000,52.97000,52.98000,52.97000,52.98000,11397,223226000000,0.920,7
1391,2021-05-28 10:38:00.0000000,52.95500,52.98500,52.95000,52.97720,28676,223163000000,0.920,7
1392,2021-05-28 10:39:00.0000000,52.91500,52.97500,52.91500,52.95500,41996,222995000000,0.920,7
1393,2021-05-28 10:40:00.0000000,52.93020,52.93500,52.91000,52.91500,16201,223059000000,0.920,7
1394,2021-05-28 10:41:00.0000000,52.97990,52.97990,52.93000,52.93000,32965,223268000000,0.920,7
1395,2021-05-28 10:42:00.0000000,53.01500,53.02000,52.97000,52.97000,35850,223416000000,0.920,7
1396,2021-05-28 10:43:00.0000000,53.05500,53.06500,53.01500,53.01500,35921,223585000000,0.920,7
1397,2021-05-28 10:44:00.0000000,53.02000,53.06000,53.01500,53.05910,49608,223437000000,0.920,7
1398,2021-05-28 10:45:00.0000000,52.98590,53.03680,52.98000,53.03000,16445,223293000000,0.920,7
1399,2021-05-28 10:46:00.0000000,52.98000,52.99000,52.97500,52.98500,108765,223269000000,0.920,7
1400,2021-05-28 10:47:00.0000000,52.93000,52.97000,52.92500,52.97000,47189,223058000000,0.920,7
1401,2021-05-28 10:48:00.0000000,52.95000,52.97500,52.93500,52.94000,23109,223142000000,0.920,7
1402,2021-05-28 10:49:00.0000000,52.97590,52.98000,52.95000,52.95000,14012,223251000000,0.920,7
1403,2021-05-28 10:50:00.0000000,52.99000,52.99500,52.97500,52.97500,11344,223311000000,0.920,7
1404,2021-05-28 10:51:00.0000000,52.99500,53.00000,52.98500,53.00000,36157,223332000000,0.920,7
1405,2021-05-28 10:52:00.0000000,52.99000,53.01000,52.99000,53.00000,7894,223311000000,0.920,7
1406,2021-05-28 10:53:00.0000000,52.97000,52.99000,52.97000,52.99000,22448,223226000000,0.920,7
1407,2021-05-28 10:54:00.0000000,52.97500,52.98000,52.97000,52.97250,7427,223248000000,0.920,7
1408,2021-05-28 10:55:00.0000000,52.96000,52.97620,52.96000,52.97000,25480,223184000000,0.920,7
1409,2021-05-28 10:56:00.0000000,52.98000,52.99000,52.96000,52.96000,15693,223269000000,0.920,7
1410,2021-05-28 10:57:00.0000000,52.95000,52.99000,52.95000,52.99000,28964,223142000000,0.920,7
1411,2021-05-28 10:58:00.0000000,52.95000,52.96000,52.95000,52.95000,14521,223142000000,0.920,7
1412,2021-05-28 10:59:00.0000000,52.94500,52.95000,52.94000,52.94000,7744,223121000000,0.920,7
1413,2021-05-28 11:00:00.0000000,52.96440,52.98500,52.94000,52.94500,44741,223203000000,0.920,7
1414,2021-05-28 11:01:00.0000000,52.94000,52.97000,52.93000,52.96630,13668,223100000000,0.920,7
1415,2021-05-28 11:02:00.0000000,52.90500,52.94000,52.90000,52.93500,19762,222953000000,0.920,7
1416,2021-05-28 11:03:00.0000000,52.91000,52.92500,52.90500,52.90500,14891,222974000000,0.920,7
1417,2021-05-28 11:04:00.0000000,52.91500,52.92000,52.89500,52.91000,19013,222995000000,0.920,7
1418,2021-05-28 11:05:00.0000000,52.91690,52.93000,52.91000,52.92000,11921,223003000000,0.920,7
1419,2021-05-28 11:06:00.0000000,52.91500,52.92000,52.91000,52.92000,29850,222995000000,0.920,7
1420,2021-05-28 11:07:00.0000000,52.91000,52.91500,52.89000,52.91500,15248,222974000000,0.920,7
1421,2021-05-28 11:08:00.0000000,52.89500,52.91500,52.89500,52.90500,11554,222910000000,0.920,7
1422,2021-05-28 11:09:00.0000000,52.91500,52.92500,52.89000,52.89500,22246,222995000000,0.920,7
1423,2021-05-28 11:10:00.0000000,52.91000,52.93000,52.90000,52.92000,22341,222974000000,0.920,7
1424,2021-05-28 11:11:00.0000000,52.93500,52.93500,52.90000,52.90500,22313,223079000000,0.920,7
1425,2021-05-28 11:12:00.0000000,52.91000,52.93500,52.90000,52.93000,17919,222974000000,0.920,7
1426,2021-05-28 11:13:00.0000000,52.90500,52.91000,52.90000,52.91000,7754,222953000000,0.920,7
1427,2021-05-28 11:14:00.0000000,52.91000,52.91000,52.90000,52.91000,20661,222974000000,0.920,7
1428,2021-05-28 11:15:00.0000000,52.90500,52.91000,52.89000,52.90000,13470,222953000000,0.920,7
1429,2021-05-28 11:16:00.0000000,52.89000,52.91000,52.89000,52.90500,15595,222889000000,0.920,7
1430,2021-05-28 11:17:00.0000000,52.90000,52.91000,52.88000,52.90000,37672,222931000000,0.920,7
1431,2021-05-28 11:18:00.0000000,52.90000,52.90580,52.88500,52.90500,13954,222931000000,0.920,7
1432,2021-05-28 11:19:00.0000000,52.90500,52.91000,52.90000,52.90000,9673,222953000000,0.920,7
1433,2021-05-28 11:20:00.0000000,52.91500,52.92000,52.90350,52.90500,10830,222995000000,0.920,7
1434,2021-05-28 11:21:00.0000000,52.89000,52.92000,52.88500,52.91000,17688,222889000000,0.920,7
1435,2021-05-28 11:22:00.0000000,52.89500,52.89500,52.87000,52.89000,19321,222910000000,0.920,7
1436,2021-05-28 11:23:00.0000000,52.89000,52.89000,52.88100,52.89000,12628,222889000000,0.920,7
1437,2021-05-28 11:24:00.0000000,52.88500,52.90000,52.88500,52.88500,16574,222868000000,0.920,7
1438,2021-05-28 11:25:00.0000000,52.88500,52.89000,52.87500,52.88500,12218,222868000000,0.920,7
1439,2021-05-28 11:26:00.0000000,52.89500,52.89500,52.88000,52.88500,17597,222910000000,0.920,7
1440,2021-05-28 11:27:00.0000000,52.89010,52.90500,52.88500,52.89000,35807,222890000000,0.920,7
1441,2021-05-28 11:28:00.0000000,52.90000,52.91000,52.89000,52.89210,21865,222931000000,0.920,7
1442,2021-05-28 11:29:00.0000000,52.90000,52.90000,52.88000,52.90000,21354,222931000000,0.920,7
1443,2021-05-28 11:30:00.0000000,52.90000,52.90000,52.89360,52.90000,11538,222931000000,0.920,7
1444,2021-05-28 11:31:00.0000000,52.90500,52.91000,52.90000,52.90000,10336,222953000000,0.920,7
1445,2021-05-28 11:32:00.0000000,52.92000,52.93500,52.90500,52.91000,29522,223016000000,0.920,7
1446,2021-05-28 11:33:00.0000000,52.91500,52.92000,52.91000,52.91500,2825,222995000000,0.920,7
1447,2021-05-28 11:34:00.0000000,52.92130,52.93500,52.89500,52.91500,27006,223021000000,0.920,7
1448,2021-05-28 11:35:00.0000000,52.92500,52.92990,52.91500,52.92990,13405,223037000000,0.920,7
1449,2021-05-28 11:36:00.0000000,52.94500,52.95500,52.92500,52.92500,31769,223121000000,0.920,7
1450,2021-05-28 11:37:00.0000000,52.94000,52.95000,52.93000,52.94500,14377,223100000000,0.920,7
1451,2021-05-28 11:38:00.0000000,52.94000,52.94000,52.93000,52.93390,16843,223100000000,0.920,7
1452,2021-05-28 11:39:00.0000000,52.95000,52.96000,52.94000,52.94710,14867,223142000000,0.920,7
1453,2021-05-28 11:40:00.0000000,52.95500,52.95500,52.94370,52.95500,15670,223163000000,0.920,7
1454,2021-05-28 11:41:00.0000000,52.96000,52.97000,52.95500,52.96000,23945,223184000000,0.920,7
1455,2021-05-28 11:42:00.0000000,52.96000,52.98000,52.96000,52.96500,23127,223184000000,0.920,7
1456,2021-05-28 11:43:00.0000000,52.96500,52.96500,52.95000,52.96000,16502,223205000000,0.920,7
1457,2021-05-28 11:44:00.0000000,52.95500,52.96500,52.95000,52.96000,8945,223163000000,0.920,7
1458,2021-05-28 11:45:00.0000000,52.93500,52.96000,52.92100,52.96000,43461,223079000000,0.920,7
1459,2021-05-28 11:46:00.0000000,52.92500,52.93730,52.92000,52.93590,13688,223037000000,0.920,7
1460,2021-05-28 11:47:00.0000000,52.93500,52.94000,52.92990,52.92990,31478,223079000000,0.920,7
1461,2021-05-28 11:48:00.0000000,52.91000,52.94000,52.91000,52.94000,25087,222974000000,0.920,7
1462,2021-05-28 11:49:00.0000000,52.91000,52.91500,52.90150,52.91000,21336,222974000000,0.920,7
1463,2021-05-28 11:50:00.0000000,52.91000,52.92000,52.90000,52.90820,30605,222974000000,0.920,7
1464,2021-05-28 11:51:00.0000000,52.91500,52.91500,52.90000,52.91000,25939,222995000000,0.920,7
1465,2021-05-28 11:52:00.0000000,52.92000,52.92000,52.91000,52.91500,5457,223016000000,0.920,7
1466,2021-05-28 11:53:00.0000000,52.91780,52.92000,52.90360,52.91000,14866,223006000000,0.920,7
1467,2021-05-28 11:54:00.0000000,52.92840,52.93000,52.91500,52.92000,18560,223051000000,0.920,7
1468,2021-05-28 11:55:00.0000000,52.93500,52.94000,52.92500,52.92500,5756,223079000000,0.920,7
1469,2021-05-28 11:56:00.0000000,52.94000,52.94500,52.93000,52.93500,21598,223100000000,0.920,7
1470,2021-05-28 11:57:00.0000000,52.94540,52.95000,52.93500,52.94000,6161,223123000000,0.920,7
1471,2021-05-28 11:58:00.0000000,52.95000,52.95000,52.94000,52.94500,16462,223142000000,0.920,7
1472,2021-05-28 11:59:00.0000000,52.93500,52.95500,52.93000,52.95000,22806,223079000000,0.920,7
1473,2021-05-28 12:00:00.0000000,52.93500,52.93500,52.92500,52.93000,10404,223079000000,0.920,7
1474,2021-05-28 12:01:00.0000000,52.95500,52.95500,52.94000,52.94000,19602,223163000000,0.920,7
1475,2021-05-28 12:02:00.0000000,52.96000,52.96000,52.94000,52.95000,16086,223184000000,0.920,7
1476,2021-05-28 12:03:00.0000000,52.96910,52.97000,52.95000,52.95000,7189,223223000000,0.920,7
1477,2021-05-28 12:04:00.0000000,52.99000,52.99000,52.97000,52.97000,8951,223311000000,0.920,7
1478,2021-05-28 12:05:00.0000000,52.99000,52.99000,52.98500,52.98500,2894,223311000000,0.920,7
1479,2021-05-28 12:06:00.0000000,52.99000,52.99000,52.98000,52.99000,7119,223311000000,0.920,7
1480,2021-05-28 12:07:00.0000000,53.00900,53.01000,52.99000,52.99000,20200,223391000000,0.920,7
1481,2021-05-28 12:08:00.0000000,53.02000,53.02000,53.00700,53.00700,15208,223437000000,0.920,7
1482,2021-05-28 12:09:00.0000000,53.01000,53.05000,53.00010,53.02000,87831,223395000000,0.920,7
1483,2021-05-28 12:10:00.0000000,53.00670,53.03000,53.00670,53.01000,19886,223381000000,0.920,7
1484,2021-05-28 12:11:00.0000000,53.01590,53.02000,53.00430,53.01000,8341,223420000000,0.920,7
1485,2021-05-28 12:12:00.0000000,53.01000,53.02000,53.01000,53.01500,7576,223395000000,0.920,7
1486,2021-05-28 12:13:00.0000000,52.99500,53.00000,52.98500,53.00000,13043,223332000000,0.920,7
1487,2021-05-28 12:14:00.0000000,52.99000,52.99500,52.99000,52.99500,1402,223311000000,0.920,7
1488,2021-05-28 12:15:00.0000000,53.00500,53.01000,52.99000,52.99000,18982,223374000000,0.920,7
1489,2021-05-28 12:16:00.0000000,53.01000,53.01000,52.99500,53.00000,10176,223395000000,0.920,7
1490,2021-05-28 12:17:00.0000000,53.01500,53.01850,53.00000,53.01000,12247,223416000000,0.920,7
1491,2021-05-28 12:18:00.0000000,53.01500,53.02500,53.01500,53.02000,13585,223416000000,0.920,7
1492,2021-05-28 12:19:00.0000000,53.02000,53.02000,53.00000,53.01500,10588,223437000000,0.920,7
1493,2021-05-28 12:20:00.0000000,53.01000,53.02000,53.00700,53.02000,13226,223395000000,0.920,7
1494,2021-05-28 12:21:00.0000000,53.01000,53.02000,53.00000,53.01500,19431,223395000000,0.920,7
1495,2021-05-28 12:22:00.0000000,53.00500,53.01500,53.00500,53.01000,19620,223374000000,0.920,7
1496,2021-05-28 12:23:00.0000000,53.00500,53.01000,52.99420,53.01000,27411,223374000000,0.920,7
1497,2021-05-28 12:24:00.0000000,52.99000,53.01000,52.99000,53.01000,31497,223311000000,0.920,7
1498,2021-05-28 12:25:00.0000000,53.01500,53.02000,52.99000,53.00000,30621,223416000000,0.920,7
1499,2021-05-28 12:26:00.0000000,53.03000,53.05000,53.01500,53.01500,17219,223479000000,0.920,7
1500,2021-05-28 12:27:00.0000000,53.02000,53.03500,53.02000,53.03000,7004,223437000000,0.920,7
1501,2021-05-28 12:28:00.0000000,53.02500,53.04000,53.02000,53.02220,11966,223458000000,0.920,7
1502,2021-05-28 12:29:00.0000000,53.02500,53.03000,53.02290,53.02500,2694,223458000000,0.920,7
1503,2021-05-28 12:30:00.0000000,53.03000,53.03000,53.01500,53.02500,27098,223479000000,0.920,7
1504,2021-05-28 12:31:00.0000000,53.02500,53.03000,53.02000,53.03000,9182,223458000000,0.920,7
1505,2021-05-28 12:32:00.0000000,53.02500,53.03000,53.02000,53.03000,5302,223458000000,0.920,7
1506,2021-05-28 12:33:00.0000000,53.02710,53.03000,53.02000,53.02500,9005,223467000000,0.920,7
1507,2021-05-28 12:34:00.0000000,53.04000,53.05000,53.02500,53.03000,24646,223521000000,0.920,7
1508,2021-05-28 12:35:00.0000000,53.03000,53.04300,53.02000,53.04000,26142,223479000000,0.920,7
1509,2021-05-28 12:36:00.0000000,53.02500,53.02580,53.01500,53.02500,15748,223458000000,0.920,7
1510,2021-05-28 12:37:00.0000000,53.02500,53.03500,53.02000,53.03000,21440,223458000000,0.920,7
1511,2021-05-28 12:38:00.0000000,53.02500,53.03000,53.02000,53.02500,6817,223458000000,0.920,7
1512,2021-05-28 12:39:00.0000000,53.02000,53.03000,53.02000,53.03000,2213,223437000000,0.920,7
1513,2021-05-28 12:40:00.0000000,53.02500,53.03000,53.02000,53.02500,26561,223458000000,0.920,7
1514,2021-05-28 12:41:00.0000000,53.03000,53.03000,53.02000,53.02000,21313,223479000000,0.920,7
1515,2021-05-28 12:42:00.0000000,53.02500,53.03000,53.02000,53.02500,5281,223458000000,0.920,7
1516,2021-05-28 12:43:00.0000000,53.03500,53.04000,53.02000,53.03000,16259,223500000000,0.920,7
1517,2021-05-28 12:44:00.0000000,53.04000,53.04910,53.03500,53.04000,22620,223521000000,0.920,7
1518,2021-05-28 12:45:00.0000000,53.04500,53.05000,53.04000,53.05000,3254,223542000000,0.920,7
1519,2021-05-28 12:46:00.0000000,53.07000,53.07000,53.04500,53.04500,34385,223648000000,0.920,7
1520,2021-05-28 12:47:00.0000000,53.04500,53.07500,53.03000,53.07000,35186,223542000000,0.920,7
1521,2021-05-28 12:48:00.0000000,53.01000,53.04000,53.00000,53.04000,41268,223395000000,0.920,7
1522,2021-05-28 12:49:00.0000000,53.01000,53.02000,53.00500,53.00610,9384,223395000000,0.920,7
1523,2021-05-28 12:50:00.0000000,53.01000,53.01630,53.01000,53.01500,5688,223395000000,0.920,7
1524,2021-05-28 12:51:00.0000000,52.98500,53.00500,52.98500,53.00500,8696,223290000000,0.920,7
1525,2021-05-28 12:52:00.0000000,52.98380,52.99000,52.98380,52.99000,5818,223285000000,0.920,7
1526,2021-05-28 12:53:00.0000000,52.99000,52.99000,52.98000,52.99000,4467,223311000000,0.920,7
1527,2021-05-28 12:54:00.0000000,52.97500,52.98500,52.97000,52.98000,18782,223248000000,0.920,7
1528,2021-05-28 12:55:00.0000000,53.01000,53.01000,52.98000,52.98000,17225,223395000000,0.920,7
1529,2021-05-28 12:56:00.0000000,52.99500,53.01000,52.99500,53.00500,7646,223332000000,0.920,7
1530,2021-05-28 12:57:00.0000000,53.00500,53.00680,52.99500,52.99500,4694,223374000000,0.920,7
1531,2021-05-28 12:58:00.0000000,53.01000,53.02000,53.01000,53.01000,16316,223395000000,0.920,7
1532,2021-05-28 12:59:00.0000000,53.01500,53.02000,53.00500,53.00500,6855,223416000000,0.920,7
1533,2021-05-28 13:00:00.0000000,53.03000,53.03000,53.01000,53.01730,19029,223479000000,0.920,7
1534,2021-05-28 13:01:00.0000000,53.03500,53.04000,53.01500,53.02500,34387,223500000000,0.920,7
1535,2021-05-28 13:02:00.0000000,53.01990,53.03990,53.01500,53.03500,16776,223437000000,0.920,7
1536,2021-05-28 13:03:00.0000000,53.02500,53.03000,53.02000,53.02000,4599,223458000000,0.920,7
1537,2021-05-28 13:04:00.0000000,53.01000,53.02500,53.01000,53.02390,9994,223395000000,0.920,7
1538,2021-05-28 13:05:00.0000000,53.02000,53.02210,53.01500,53.01500,11182,223437000000,0.920,7
1539,2021-05-28 13:06:00.0000000,53.02500,53.03000,53.01450,53.01500,13390,223458000000,0.920,7
1540,2021-05-28 13:07:00.0000000,53.02500,53.03000,53.02010,53.02500,41225,223458000000,0.920,7
1541,2021-05-28 13:08:00.0000000,53.01000,53.02000,53.00500,53.02000,22500,223395000000,0.920,7
1542,2021-05-28 13:09:00.0000000,53.02000,53.02000,53.01000,53.02000,4924,223437000000,0.920,7
1543,2021-05-28 13:10:00.0000000,53.02500,53.02500,53.00500,53.01010,16444,223458000000,0.920,7
1544,2021-05-28 13:11:00.0000000,53.01000,53.01500,53.00370,53.00400,21540,223395000000,0.920,7
1545,2021-05-28 13:12:00.0000000,53.00000,53.01000,53.00000,53.00740,32842,223353000000,0.920,7
1546,2021-05-28 13:13:00.0000000,52.98000,53.00560,52.97500,53.00500,36070,223269000000,0.920,7
1547,2021-05-28 13:14:00.0000000,52.98100,52.99000,52.97500,52.98500,7736,223273000000,0.920,7
1548,2021-05-28 13:15:00.0000000,52.99000,52.99000,52.98000,52.98500,28283,223311000000,0.920,7
1549,2021-05-28 13:16:00.0000000,52.99000,52.99500,52.97500,52.99000,35073,223311000000,0.920,7
1550,2021-05-28 13:17:00.0000000,53.00410,53.00800,52.99450,52.99500,6592,223370000000,0.920,7
1551,2021-05-28 13:18:00.0000000,53.01500,53.02000,53.00500,53.01000,8481,223416000000,0.920,7
1552,2021-05-28 13:19:00.0000000,53.02000,53.02000,53.01010,53.01620,4889,223437000000,0.920,7
1553,2021-05-28 13:20:00.0000000,53.02000,53.03000,53.01500,53.02010,28698,223437000000,0.920,7
1554,2021-05-28 13:21:00.0000000,53.01000,53.02000,53.00000,53.01000,12626,223395000000,0.920,7
1555,2021-05-28 13:22:00.0000000,53.00000,53.00500,52.99000,53.00500,8266,223353000000,0.920,7
1556,2021-05-28 13:23:00.0000000,52.98000,53.00500,52.97000,52.99500,30620,223269000000,0.920,7
1557,2021-05-28 13:24:00.0000000,52.98000,52.99000,52.97010,52.98500,19853,223269000000,0.920,7
1558,2021-05-28 13:25:00.0000000,52.98000,52.99000,52.98000,52.98500,10464,223269000000,0.920,7
1559,2021-05-28 13:26:00.0000000,52.98500,52.99000,52.98000,52.98000,3004,223290000000,0.920,7
1560,2021-05-28 13:27:00.0000000,52.98500,52.99000,52.98000,52.98610,2745,223290000000,0.920,7
1561,2021-05-28 13:28:00.0000000,52.98500,52.99000,52.98000,52.99000,2453,223290000000,0.920,7
1562,2021-05-28 13:29:00.0000000,52.98990,52.99000,52.98000,52.98170,8038,223310000000,0.920,7
1563,2021-05-28 13:30:00.0000000,52.98630,52.99000,52.97000,52.99000,33039,223295000000,0.920,7
1564,2021-05-28 13:31:00.0000000,52.99500,53.00000,52.98000,52.98500,13228,223332000000,0.920,7
1565,2021-05-28 13:32:00.0000000,53.01000,53.01000,52.99500,53.00000,9450,223395000000,0.920,7
1566,2021-05-28 13:33:00.0000000,53.00000,53.00990,53.00000,53.00500,4190,223353000000,0.920,7
1567,2021-05-28 13:34:00.0000000,52.99500,53.01000,52.99500,53.00500,18688,223332000000,0.920,7
1568,2021-05-28 13:35:00.0000000,52.99460,53.00000,52.99000,53.00000,17928,223330000000,0.920,7
1569,2021-05-28 13:36:00.0000000,52.98500,52.99500,52.98000,52.99500,7672,223290000000,0.920,7
1570,2021-05-28 13:37:00.0000000,52.99500,52.99500,52.98000,52.99000,13530,223332000000,0.920,7
1571,2021-05-28 13:38:00.0000000,52.98500,52.99500,52.98000,52.99500,9544,223290000000,0.920,7
1572,2021-05-28 13:39:00.0000000,52.99000,53.00000,52.98000,52.98500,17629,223311000000,0.920,7
1573,2021-05-28 13:40:00.0000000,52.95500,52.98530,52.95000,52.98500,23378,223163000000,0.920,7
1574,2021-05-28 13:41:00.0000000,52.97000,52.97500,52.94000,52.95500,40773,223226000000,0.920,7
1575,2021-05-28 13:42:00.0000000,52.97500,52.98000,52.96500,52.97000,5574,223248000000,0.920,7
1576,2021-05-28 13:43:00.0000000,52.98070,52.99000,52.97000,52.97300,14753,223272000000,0.920,7
1577,2021-05-28 13:44:00.0000000,52.98500,52.99000,52.98000,52.98500,7958,223290000000,0.920,7
1578,2021-05-28 13:45:00.0000000,52.99000,52.99000,52.97500,52.98770,10510,223311000000,0.920,7
1579,2021-05-28 13:46:00.0000000,53.00500,53.00500,52.98000,52.98000,17032,223374000000,0.920,7
1580,2021-05-28 13:47:00.0000000,52.98500,53.00000,52.98000,53.00000,13137,223290000000,0.920,7
1581,2021-05-28 13:48:00.0000000,52.98100,52.99000,52.98000,52.98500,6186,223273000000,0.920,7
1582,2021-05-28 13:49:00.0000000,52.99050,53.00000,52.98500,52.99000,12817,223313000000,0.920,7
1583,2021-05-28 13:50:00.0000000,52.98500,52.99000,52.98000,52.99000,6226,223290000000,0.920,7
1584,2021-05-28 13:51:00.0000000,52.98000,52.99000,52.98000,52.98500,6878,223269000000,0.920,7
1585,2021-05-28 13:52:00.0000000,52.98000,52.99000,52.98000,52.99000,5070,223269000000,0.920,7
1586,2021-05-28 13:53:00.0000000,52.98500,52.99000,52.98500,52.99000,3035,223290000000,0.920,7
1587,2021-05-28 13:54:00.0000000,52.97500,52.98500,52.97000,52.98500,19833,223248000000,0.920,7
1588,2021-05-28 13:55:00.0000000,52.96500,52.97500,52.95000,52.97000,33136,223205000000,0.920,7
1589,2021-05-28 13:56:00.0000000,52.97000,52.97320,52.96000,52.96500,9257,223226000000,0.920,7
1590,2021-05-28 13:57:00.0000000,52.97500,52.98000,52.97000,52.97000,4355,223248000000,0.920,7
1591,2021-05-28 13:58:00.0000000,52.98000,52.98000,52.97000,52.97500,2063,223269000000,0.920,7
1592,2021-05-28 13:59:00.0000000,52.99000,52.99000,52.97000,52.98000,13222,223311000000,0.920,7
1593,2021-05-28 14:00:00.0000000,52.98000,52.98500,52.98000,52.98500,8163,223269000000,0.920,7
1594,2021-05-28 14:01:00.0000000,52.98500,52.99000,52.97000,52.98000,14876,223290000000,0.920,7
1595,2021-05-28 14:02:00.0000000,52.98500,52.99000,52.98000,52.98500,19687,223290000000,0.920,7
1596,2021-05-28 14:03:00.0000000,52.98500,52.99000,52.98000,52.99000,20222,223290000000,0.920,7
1597,2021-05-28 14:04:00.0000000,52.99000,53.00000,52.98000,52.98500,20824,223311000000,0.920,7
1598,2021-05-28 14:05:00.0000000,53.00000,53.00000,52.99000,52.99000,12309,223353000000,0.920,7
1599,2021-05-28 14:06:00.0000000,52.99500,53.01000,52.99500,53.00000,48842,223332000000,0.920,7
1600,2021-05-28 14:07:00.0000000,53.00450,53.01000,52.99000,52.99500,9369,223372000000,0.920,7
1601,2021-05-28 14:08:00.0000000,53.00000,53.01000,52.98000,53.00500,23674,223353000000,0.920,7
1602,2021-05-28 14:09:00.0000000,52.99930,53.00000,52.99000,52.99170,5041,223350000000,0.920,7
1603,2021-05-28 14:10:00.0000000,52.99500,53.01000,52.99000,52.99000,19902,223332000000,0.920,7
1604,2021-05-28 14:11:00.0000000,53.00000,53.00000,52.99000,52.99000,11286,223353000000,0.920,7
1605,2021-05-28 14:12:00.0000000,53.01000,53.01000,52.99000,53.00000,12791,223395000000,0.920,7
1606,2021-05-28 14:13:00.0000000,53.01500,53.02000,53.00000,53.00000,10246,223416000000,0.920,7
1607,2021-05-28 14:14:00.0000000,53.03500,53.04000,53.02000,53.02000,25419,223500000000,0.920,7
1608,2021-05-28 14:15:00.0000000,53.04500,53.04500,53.03370,53.03500,14286,223542000000,0.920,7
1609,2021-05-28 14:16:00.0000000,53.04000,53.05000,53.04000,53.05000,12541,223521000000,0.920,7
1610,2021-05-28 14:17:00.0000000,53.03000,53.03000,53.02000,53.03000,16270,223479000000,0.920,7
1611,2021-05-28 14:18:00.0000000,53.03500,53.04000,53.02450,53.03000,6874,223500000000,0.920,7
1612,2021-05-28 14:19:00.0000000,53.03000,53.03500,53.02010,53.03500,15642,223479000000,0.920,7
1613,2021-05-28 14:20:00.0000000,53.01000,53.03000,53.01000,53.03000,16248,223395000000,0.920,7
1614,2021-05-28 14:21:00.0000000,53.01000,53.02000,53.00000,53.01500,42745,223395000000,0.920,7
1615,2021-05-28 14:22:00.0000000,53.00500,53.01000,53.00000,53.01000,6966,223374000000,0.920,7
1616,2021-05-28 14:23:00.0000000,53.00500,53.01000,52.99500,53.00500,16362,223374000000,0.920,7
1617,2021-05-28 14:24:00.0000000,53.00440,53.01000,53.00170,53.00500,5671,223371000000,0.920,7
1618,2021-05-28 14:25:00.0000000,53.01000,53.01500,53.00000,53.00500,19756,223395000000,0.920,7
1619,2021-05-28 14:26:00.0000000,53.00500,53.01000,53.00000,53.00500,4804,223374000000,0.920,7
1620,2021-05-28 14:27:00.0000000,53.01500,53.02000,53.00410,53.01000,9150,223416000000,0.920,7
1621,2021-05-28 14:28:00.0000000,53.01500,53.02000,53.01000,53.02000,12681,223416000000,0.920,7
1622,2021-05-28 14:29:00.0000000,53.03000,53.03000,53.01500,53.01500,19408,223479000000,0.920,7
1623,2021-05-28 14:30:00.0000000,53.03500,53.04000,53.02000,53.03500,24029,223500000000,0.920,7
1624,2021-05-28 14:31:00.0000000,53.03500,53.04000,53.03000,53.04000,14058,223500000000,0.920,7
1625,2021-05-28 14:32:00.0000000,53.03390,53.04000,53.02000,53.03000,14182,223496000000,0.920,7
1626,2021-05-28 14:33:00.0000000,53.03500,53.03990,53.02000,53.03000,15553,223500000000,0.920,7
1627,2021-05-28 14:34:00.0000000,53.04500,53.04500,53.03000,53.03500,10370,223542000000,0.920,7
1628,2021-05-28 14:35:00.0000000,53.03500,53.04500,53.03000,53.04500,12423,223500000000,0.920,7
1629,2021-05-28 14:36:00.0000000,53.05500,53.05510,53.03790,53.04000,18002,223585000000,0.920,7
1630,2021-05-28 14:37:00.0000000,53.06500,53.07000,53.05500,53.05500,9485,223627000000,0.920,7
1631,2021-05-28 14:38:00.0000000,53.05500,53.06510,53.05000,53.06510,13836,223585000000,0.920,7
1632,2021-05-28 14:39:00.0000000,53.06000,53.06500,53.05000,53.05500,10707,223606000000,0.920,7
1633,2021-05-28 14:40:00.0000000,53.05500,53.06000,53.05000,53.06000,7115,223585000000,0.920,7
1634,2021-05-28 14:41:00.0000000,53.04350,53.06000,53.04000,53.05500,17044,223536000000,0.920,7
1635,2021-05-28 14:42:00.0000000,53.05500,53.06000,53.04000,53.04500,30889,223585000000,0.920,7
1636,2021-05-28 14:43:00.0000000,53.05000,53.06000,53.05000,53.05500,3843,223564000000,0.920,7
1637,2021-05-28 14:44:00.0000000,53.05500,53.07000,53.05500,53.05500,26288,223585000000,0.920,7
1638,2021-05-28 14:45:00.0000000,53.06000,53.06000,53.05000,53.05500,6534,223606000000,0.920,7
1639,2021-05-28 14:46:00.0000000,53.05500,53.05960,53.05000,53.05500,4598,223585000000,0.920,7
1640,2021-05-28 14:47:00.0000000,53.07000,53.07000,53.05000,53.05500,23177,223648000000,0.920,7
1641,2021-05-28 14:48:00.0000000,53.05000,53.07000,53.05000,53.06500,21329,223564000000,0.920,7
1642,2021-05-28 14:49:00.0000000,53.05500,53.06000,53.05000,53.05000,5789,223585000000,0.920,7
1643,2021-05-28 14:50:00.0000000,53.05500,53.06000,53.05330,53.05500,7450,223585000000,0.920,7
1644,2021-05-28 14:51:00.0000000,53.03000,53.06000,53.03000,53.06000,22888,223479000000,0.920,7
1645,2021-05-28 14:52:00.0000000,53.01000,53.03000,53.00500,53.03000,25207,223395000000,0.920,7
1646,2021-05-28 14:53:00.0000000,53.01500,53.02000,53.01000,53.01000,6821,223416000000,0.920,7
1647,2021-05-28 14:54:00.0000000,53.00500,53.01500,53.00000,53.01500,5822,223374000000,0.920,7
1648,2021-05-28 14:55:00.0000000,53.00020,53.01000,53.00000,53.00500,7859,223354000000,0.920,7
1649,2021-05-28 14:56:00.0000000,53.01000,53.01500,53.00000,53.00290,9904,223395000000,0.920,7
1650,2021-05-28 14:57:00.0000000,52.99500,53.01500,52.99500,53.01000,16770,223332000000,0.920,7
1651,2021-05-28 14:58:00.0000000,52.99000,53.00500,52.98500,52.99500,16658,223311000000,0.920,7
1652,2021-05-28 14:59:00.0000000,52.99000,53.00000,52.98500,52.98500,12449,223311000000,0.920,7
1653,2021-05-28 15:00:00.0000000,53.00000,53.00000,52.98000,53.00000,13175,223353000000,0.920,7
1654,2021-05-28 09:30:00.0000000,103.22000,103.63000,103.15000,103.62000,189711,199499000000,1.310,8
1655,2021-05-28 09:31:00.0000000,103.04000,103.28000,103.01000,103.22000,60929,199151000000,1.310,8
1656,2021-05-28 09:32:00.0000000,103.22000,103.28000,102.95000,103.07000,43088,199499000000,1.310,8
1657,2021-05-28 09:33:00.0000000,103.54000,103.54000,103.10000,103.22000,92122,200118000000,1.310,8
1658,2021-05-28 09:34:00.0000000,103.70000,103.76000,103.54000,103.56000,35934,200427000000,1.310,8
1659,2021-05-28 09:35:00.0000000,103.87000,103.92000,103.57000,103.69500,53219,200756000000,1.310,8
1660,2021-05-28 09:36:00.0000000,103.70010,103.94500,103.69000,103.85000,53892,200427000000,1.310,8
1661,2021-05-28 09:37:00.0000000,103.72000,103.73730,103.58000,103.70000,24951,200466000000,1.310,8
1662,2021-05-28 09:38:00.0000000,103.59000,103.75010,103.57000,103.73000,23368,200214000000,1.310,8
1663,2021-05-28 09:39:00.0000000,103.54000,103.59000,103.50000,103.50000,52217,200118000000,1.310,8
1664,2021-05-28 09:40:00.0000000,103.45500,103.57000,103.40000,103.57000,29151,199954000000,1.310,8
1665,2021-05-28 09:41:00.0000000,103.54000,103.55000,103.40000,103.45000,31231,200118000000,1.310,8
1666,2021-05-28 09:42:00.0000000,103.42000,103.59000,103.38000,103.56000,30598,199886000000,1.310,8
1667,2021-05-28 09:43:00.0000000,103.40000,103.51000,103.34000,103.42500,20609,199847000000,1.310,8
1668,2021-05-28 09:44:00.0000000,103.34000,103.41000,103.34000,103.39000,21509,199731000000,1.310,8
1669,2021-05-28 09:45:00.0000000,103.41530,103.48000,103.33000,103.37000,26189,199877000000,1.310,8
1670,2021-05-28 09:46:00.0000000,103.45000,103.51000,103.35000,103.39000,26191,199944000000,1.310,8
1671,2021-05-28 09:47:00.0000000,103.38000,103.47000,103.37000,103.45000,28849,199809000000,1.310,8
1672,2021-05-28 09:48:00.0000000,103.43000,103.43000,103.29100,103.37000,26425,199905000000,1.310,8
1673,2021-05-28 09:49:00.0000000,103.46000,103.50000,103.36000,103.41700,15109,199963000000,1.310,8
1674,2021-05-28 09:50:00.0000000,103.52000,103.56000,103.44000,103.44000,21338,200079000000,1.310,8
1675,2021-05-28 09:51:00.0000000,103.49000,103.55000,103.45000,103.52000,12320,200021000000,1.310,8
1676,2021-05-28 09:52:00.0000000,103.72000,103.75000,103.48000,103.50000,34429,200466000000,1.310,8
1677,2021-05-28 09:53:00.0000000,103.62000,103.81000,103.59020,103.75000,30467,200272000000,1.310,8
1678,2021-05-28 09:54:00.0000000,103.58000,103.64000,103.55000,103.62000,12378,200195000000,1.310,8
1679,2021-05-28 09:55:00.0000000,103.58000,103.67000,103.52000,103.59140,32346,200195000000,1.310,8
1680,2021-05-28 09:56:00.0000000,103.63000,103.63000,103.53000,103.58000,18305,200292000000,1.310,8
1681,2021-05-28 09:57:00.0000000,103.74000,103.77000,103.64000,103.64000,20812,200504000000,1.310,8
1682,2021-05-28 09:58:00.0000000,103.71000,103.78990,103.69500,103.74000,21849,200446000000,1.310,8
1683,2021-05-28 09:59:00.0000000,103.71000,103.76000,103.67000,103.71000,19878,200446000000,1.310,8
1684,2021-05-28 10:00:00.0000000,103.72000,103.77000,103.70000,103.72000,13206,200466000000,1.310,8
1685,2021-05-28 10:01:00.0000000,103.81000,103.84000,103.64000,103.69000,28639,200640000000,1.310,8
1686,2021-05-28 10:02:00.0000000,103.82500,103.94000,103.80000,103.80000,30387,200669000000,1.310,8
1687,2021-05-28 10:03:00.0000000,103.89000,103.90140,103.78000,103.83000,27367,200794000000,1.310,8
1688,2021-05-28 10:04:00.0000000,103.81000,103.90000,103.77000,103.87000,20654,200640000000,1.310,8
1689,2021-05-28 10:05:00.0000000,103.77710,103.88000,103.74000,103.87000,12083,200576000000,1.310,8
1690,2021-05-28 10:06:00.0000000,103.73000,103.81000,103.66000,103.79000,18476,200485000000,1.310,8
1691,2021-05-28 10:07:00.0000000,103.78000,103.83000,103.74000,103.74000,16164,200582000000,1.310,8
1692,2021-05-28 10:08:00.0000000,103.73000,103.82000,103.71000,103.80000,7906,200485000000,1.310,8
1693,2021-05-28 10:09:00.0000000,103.72000,103.75000,103.67000,103.75000,13540,200466000000,1.310,8
1694,2021-05-28 10:10:00.0000000,103.75000,103.76000,103.71000,103.73000,6825,200524000000,1.310,8
1695,2021-05-28 10:11:00.0000000,103.64000,103.74130,103.62000,103.74130,5948,200311000000,1.310,8
1696,2021-05-28 10:12:00.0000000,103.61000,103.65000,103.59000,103.63000,21006,200253000000,1.310,8
1697,2021-05-28 10:13:00.0000000,103.62500,103.65000,103.60000,103.62000,16722,200282000000,1.310,8
1698,2021-05-28 10:14:00.0000000,103.64000,103.67000,103.62000,103.63000,8432,200311000000,1.310,8
1699,2021-05-28 10:15:00.0000000,103.65000,103.72000,103.63000,103.64000,5339,200330000000,1.310,8
1700,2021-05-28 10:16:00.0000000,103.67560,103.67560,103.61740,103.65610,4813,200380000000,1.310,8
1701,2021-05-28 10:17:00.0000000,103.62000,103.68360,103.59000,103.68360,8088,200272000000,1.310,8
1702,2021-05-28 10:18:00.0000000,103.54000,103.60620,103.53000,103.59000,8049,200118000000,1.310,8
1703,2021-05-28 10:19:00.0000000,103.54500,103.56500,103.49000,103.55000,25006,200128000000,1.310,8
1704,2021-05-28 10:20:00.0000000,103.60000,103.60000,103.52000,103.55000,21501,200234000000,1.310,8
1705,2021-05-28 10:21:00.0000000,103.59000,103.63000,103.55000,103.60500,24232,200214000000,1.310,8
1706,2021-05-28 10:22:00.0000000,103.58000,103.60000,103.54000,103.59000,6816,200195000000,1.310,8
1707,2021-05-28 10:23:00.0000000,103.62380,103.63000,103.57000,103.59000,8643,200280000000,1.310,8
1708,2021-05-28 10:24:00.0000000,103.65000,103.69000,103.62990,103.62990,12245,200330000000,1.310,8
1709,2021-05-28 10:25:00.0000000,103.61000,103.68000,103.61000,103.64500,7132,200253000000,1.310,8
1710,2021-05-28 10:26:00.0000000,103.63000,103.64000,103.60000,103.61000,10635,200292000000,1.310,8
1711,2021-05-28 10:27:00.0000000,103.70000,103.70000,103.62000,103.67000,4908,200427000000,1.310,8
1712,2021-05-28 10:28:00.0000000,103.71000,103.73000,103.67410,103.69000,15281,200446000000,1.310,8
1713,2021-05-28 10:29:00.0000000,103.63000,103.71000,103.63000,103.70000,21117,200292000000,1.310,8
1714,2021-05-28 10:30:00.0000000,103.66000,103.75000,103.64000,103.64000,24627,200350000000,1.310,8
1715,2021-05-28 10:31:00.0000000,103.73000,103.75000,103.66000,103.69000,12147,200485000000,1.310,8
1716,2021-05-28 10:32:00.0000000,103.75500,103.78000,103.71000,103.75000,12570,200533000000,1.310,8
1717,2021-05-28 10:33:00.0000000,103.72000,103.76000,103.68500,103.76000,9469,200466000000,1.310,8
1718,2021-05-28 10:34:00.0000000,103.75000,103.79000,103.71000,103.71000,7518,200524000000,1.310,8
1719,2021-05-28 10:35:00.0000000,103.77000,103.77990,103.74000,103.75000,12239,200562000000,1.310,8
1720,2021-05-28 10:36:00.0000000,103.75500,103.77600,103.73000,103.77600,18730,200533000000,1.310,8
1721,2021-05-28 10:37:00.0000000,103.61000,103.75000,103.60140,103.75000,17083,200253000000,1.310,8
1722,2021-05-28 10:38:00.0000000,103.54500,103.61000,103.52000,103.60000,22045,200128000000,1.310,8
1723,2021-05-28 10:39:00.0000000,103.58000,103.61000,103.55000,103.55440,27540,200195000000,1.310,8
1724,2021-05-28 10:40:00.0000000,103.65500,103.68000,103.59000,103.59000,10160,200340000000,1.310,8
1725,2021-05-28 10:41:00.0000000,103.68000,103.70000,103.65000,103.65360,12282,200388000000,1.310,8
1726,2021-05-28 10:42:00.0000000,103.67500,103.69000,103.66000,103.68000,6329,200379000000,1.310,8
1727,2021-05-28 10:43:00.0000000,103.79000,103.79000,103.69000,103.69000,7582,200601000000,1.310,8
1728,2021-05-28 10:44:00.0000000,103.74000,103.80500,103.73000,103.77180,34440,200504000000,1.310,8
1729,2021-05-28 10:45:00.0000000,103.72000,103.76000,103.71500,103.74160,7228,200466000000,1.310,8
1730,2021-05-28 10:46:00.0000000,103.68700,103.74000,103.68700,103.70900,7439,200402000000,1.310,8
1731,2021-05-28 10:47:00.0000000,103.65000,103.73000,103.65000,103.69000,14941,200330000000,1.310,8
1732,2021-05-28 10:48:00.0000000,103.67000,103.67000,103.62000,103.65000,12836,200369000000,1.310,8
1733,2021-05-28 10:49:00.0000000,103.70500,103.70500,103.65000,103.67500,36880,200437000000,1.310,8
1734,2021-05-28 10:50:00.0000000,103.69500,103.70000,103.66000,103.70000,5970,200417000000,1.310,8
1735,2021-05-28 10:51:00.0000000,103.69000,103.71000,103.67000,103.71000,11785,200408000000,1.310,8
1736,2021-05-28 10:52:00.0000000,103.71000,103.73000,103.68500,103.69000,14961,200446000000,1.310,8
1737,2021-05-28 10:53:00.0000000,103.72000,103.74000,103.71000,103.71000,11555,200466000000,1.310,8
1738,2021-05-28 10:54:00.0000000,103.74000,103.77000,103.72000,103.72000,14026,200504000000,1.310,8
1739,2021-05-28 10:55:00.0000000,103.77000,103.78000,103.72000,103.75000,13552,200562000000,1.310,8
1740,2021-05-28 10:56:00.0000000,103.75500,103.80000,103.75000,103.77000,26282,200533000000,1.310,8
1741,2021-05-28 10:57:00.0000000,103.68000,103.75500,103.67000,103.75500,24428,200388000000,1.310,8
1742,2021-05-28 10:58:00.0000000,103.68500,103.70000,103.66500,103.67500,14839,200398000000,1.310,8
1743,2021-05-28 10:59:00.0000000,103.72000,103.75000,103.68000,103.68000,11256,200466000000,1.310,8
1744,2021-05-28 11:00:00.0000000,103.78000,103.79500,103.71000,103.72000,7734,200582000000,1.310,8
1745,2021-05-28 11:01:00.0000000,103.81000,103.82000,103.79000,103.80360,9023,200640000000,1.310,8
1746,2021-05-28 11:02:00.0000000,103.79000,103.82000,103.78000,103.80000,8334,200601000000,1.310,8
1747,2021-05-28 11:03:00.0000000,103.78000,103.82000,103.74000,103.78990,9021,200582000000,1.310,8
1748,2021-05-28 11:04:00.0000000,103.76290,103.79000,103.75790,103.78000,7965,200549000000,1.310,8
1749,2021-05-28 11:05:00.0000000,103.76640,103.78480,103.74000,103.76000,7660,200555000000,1.310,8
1750,2021-05-28 11:06:00.0000000,103.74500,103.80000,103.70000,103.77000,18741,200514000000,1.310,8
1751,2021-05-28 11:07:00.0000000,103.75000,103.75000,103.72000,103.73000,8314,200524000000,1.310,8
1752,2021-05-28 11:08:00.0000000,103.80000,103.80000,103.73010,103.76000,20439,200620000000,1.310,8
1753,2021-05-28 11:09:00.0000000,103.75000,103.79980,103.71000,103.79000,10518,200524000000,1.310,8
1754,2021-05-28 11:10:00.0000000,103.76000,103.77000,103.72000,103.75000,10390,200543000000,1.310,8
1755,2021-05-28 11:11:00.0000000,103.79000,103.80000,103.75000,103.75000,10982,200601000000,1.310,8
1756,2021-05-28 11:12:00.0000000,103.81000,103.84000,103.78990,103.80000,11373,200640000000,1.310,8
1757,2021-05-28 11:13:00.0000000,103.80640,103.83000,103.80640,103.81010,5417,200633000000,1.310,8
1758,2021-05-28 11:14:00.0000000,103.80000,103.82000,103.75990,103.81000,13086,200620000000,1.310,8
1759,2021-05-28 11:15:00.0000000,103.80230,103.82000,103.75430,103.78000,11701,200625000000,1.310,8
1760,2021-05-28 11:16:00.0000000,103.73000,103.81000,103.73000,103.81000,8268,200485000000,1.310,8
1761,2021-05-28 11:17:00.0000000,103.69000,103.75500,103.69000,103.75000,9698,200408000000,1.310,8
1762,2021-05-28 11:18:00.0000000,103.73000,103.75000,103.70000,103.70000,11578,200485000000,1.310,8
1763,2021-05-28 11:19:00.0000000,103.70000,103.73000,103.69500,103.73000,12132,200427000000,1.310,8
1764,2021-05-28 11:20:00.0000000,103.71000,103.74000,103.69560,103.72000,7627,200446000000,1.310,8
1765,2021-05-28 11:21:00.0000000,103.72000,103.73000,103.68000,103.72500,6186,200466000000,1.310,8
1766,2021-05-28 11:22:00.0000000,103.73000,103.75000,103.70000,103.72000,8166,200485000000,1.310,8
1767,2021-05-28 11:23:00.0000000,103.73900,103.74000,103.69000,103.72400,5276,200502000000,1.310,8
1768,2021-05-28 11:24:00.0000000,103.75000,103.77000,103.70000,103.73000,10085,200524000000,1.310,8
1769,2021-05-28 11:25:00.0000000,103.71500,103.77000,103.71000,103.75420,6891,200456000000,1.310,8
1770,2021-05-28 11:26:00.0000000,103.66000,103.72000,103.63000,103.72000,15781,200350000000,1.310,8
1771,2021-05-28 11:27:00.0000000,103.66000,103.69000,103.66000,103.67500,6692,200350000000,1.310,8
1772,2021-05-28 11:28:00.0000000,103.71000,103.71000,103.65000,103.66000,9579,200446000000,1.310,8
1773,2021-05-28 11:29:00.0000000,103.72000,103.75500,103.70000,103.72000,23744,200466000000,1.310,8
1774,2021-05-28 11:30:00.0000000,103.70000,103.76000,103.70000,103.72000,14729,200427000000,1.310,8
1775,2021-05-28 11:31:00.0000000,103.62000,103.73000,103.60000,103.71000,13563,200272000000,1.310,8
1776,2021-05-28 11:32:00.0000000,103.59000,103.62620,103.58000,103.62000,22672,200214000000,1.310,8
1777,2021-05-28 11:33:00.0000000,103.59000,103.63000,103.58000,103.58000,12823,200214000000,1.310,8
1778,2021-05-28 11:34:00.0000000,103.62000,103.63000,103.57000,103.58000,21633,200272000000,1.310,8
1779,2021-05-28 11:35:00.0000000,103.63500,103.67500,103.60600,103.63000,8724,200301000000,1.310,8
1780,2021-05-28 11:36:00.0000000,103.63000,103.65000,103.62000,103.63860,9076,200292000000,1.310,8
1781,2021-05-28 11:37:00.0000000,103.59500,103.64000,103.58000,103.64000,20378,200224000000,1.310,8
1782,2021-05-28 11:38:00.0000000,103.59500,103.60000,103.55000,103.58000,8404,200224000000,1.310,8
1783,2021-05-28 11:39:00.0000000,103.56000,103.59500,103.54000,103.59500,9266,200157000000,1.310,8
1784,2021-05-28 11:40:00.0000000,103.49000,103.55500,103.48000,103.55000,15527,200021000000,1.310,8
1785,2021-05-28 11:41:00.0000000,103.47500,103.51000,103.46000,103.50000,9356,199992000000,1.310,8
1786,2021-05-28 11:42:00.0000000,103.44010,103.48500,103.43000,103.47000,14451,199925000000,1.310,8
1787,2021-05-28 11:43:00.0000000,103.41000,103.44000,103.40000,103.43000,11698,199867000000,1.310,8
1788,2021-05-28 11:44:00.0000000,103.40000,103.42000,103.39000,103.41000,19691,199847000000,1.310,8
1789,2021-05-28 11:45:00.0000000,103.40000,103.42500,103.38000,103.42000,12728,199847000000,1.310,8
1790,2021-05-28 11:46:00.0000000,103.40000,103.41500,103.37000,103.39580,21912,199847000000,1.310,8
1791,2021-05-28 11:47:00.0000000,103.44000,103.45000,103.39000,103.40000,11052,199925000000,1.310,8
1792,2021-05-28 11:48:00.0000000,103.50000,103.50000,103.43500,103.44000,14925,200041000000,1.310,8
1793,2021-05-28 11:49:00.0000000,103.49000,103.51000,103.47000,103.49000,8228,200021000000,1.310,8
1794,2021-05-28 11:50:00.0000000,103.53000,103.55000,103.47870,103.48000,6317,200099000000,1.310,8
1795,2021-05-28 11:51:00.0000000,103.56000,103.56000,103.53500,103.54500,5554,200157000000,1.310,8
1796,2021-05-28 11:52:00.0000000,103.57000,103.58000,103.55820,103.56500,5635,200176000000,1.310,8
1797,2021-05-28 11:53:00.0000000,103.56500,103.58000,103.54000,103.57000,9445,200166000000,1.310,8
1798,2021-05-28 11:54:00.0000000,103.66000,103.67000,103.58010,103.60000,9977,200350000000,1.310,8
1799,2021-05-28 11:55:00.0000000,103.62000,103.66000,103.61500,103.65000,5385,200272000000,1.310,8
1800,2021-05-28 11:56:00.0000000,103.61000,103.62990,103.59000,103.62990,7088,200253000000,1.310,8
1801,2021-05-28 11:57:00.0000000,103.59000,103.61000,103.58500,103.59000,3856,200214000000,1.310,8
1802,2021-05-28 11:58:00.0000000,103.58000,103.62000,103.58000,103.59000,6308,200195000000,1.310,8
1803,2021-05-28 11:59:00.0000000,103.58000,103.61000,103.57000,103.59000,5131,200195000000,1.310,8
1804,2021-05-28 12:00:00.0000000,103.55000,103.56500,103.54500,103.56000,5641,200137000000,1.310,8
1805,2021-05-28 12:01:00.0000000,103.58000,103.59000,103.55000,103.55000,5007,200195000000,1.310,8
1806,2021-05-28 12:02:00.0000000,103.62000,103.62940,103.57500,103.57500,7232,200272000000,1.310,8
1807,2021-05-28 12:03:00.0000000,103.59000,103.64000,103.59000,103.62500,4510,200214000000,1.310,8
1808,2021-05-28 12:04:00.0000000,103.58000,103.61000,103.57000,103.60460,17298,200195000000,1.310,8
1809,2021-05-28 12:05:00.0000000,103.57000,103.59000,103.56000,103.58500,17043,200176000000,1.310,8
1810,2021-05-28 12:06:00.0000000,103.56770,103.59000,103.56000,103.57000,12834,200171000000,1.310,8
1811,2021-05-28 12:07:00.0000000,103.62000,103.62000,103.57440,103.58500,8605,200272000000,1.310,8
1812,2021-05-28 12:08:00.0000000,103.59000,103.60500,103.56000,103.60500,19326,200214000000,1.310,8
1813,2021-05-28 12:09:00.0000000,103.55860,103.59000,103.55000,103.59000,13309,200154000000,1.310,8
1814,2021-05-28 12:10:00.0000000,103.64000,103.64000,103.56000,103.56000,8840,200311000000,1.310,8
1815,2021-05-28 12:11:00.0000000,103.63000,103.65000,103.61000,103.65000,12303,200292000000,1.310,8
1816,2021-05-28 12:12:00.0000000,103.63000,103.65000,103.61500,103.64500,6743,200292000000,1.310,8
1817,2021-05-28 12:13:00.0000000,103.68000,103.68000,103.64000,103.64000,5256,200388000000,1.310,8
1818,2021-05-28 12:14:00.0000000,103.69000,103.69000,103.66000,103.66000,6543,200408000000,1.310,8
1819,2021-05-28 12:15:00.0000000,103.70000,103.70000,103.68000,103.69000,4999,200427000000,1.310,8
1820,2021-05-28 12:16:00.0000000,103.71500,103.72000,103.69000,103.70000,6123,200456000000,1.310,8
1821,2021-05-28 12:17:00.0000000,103.67000,103.71500,103.64000,103.71500,14022,200369000000,1.310,8
1822,2021-05-28 12:18:00.0000000,103.67000,103.69990,103.66300,103.68500,11891,200369000000,1.310,8
1823,2021-05-28 12:19:00.0000000,103.67000,103.67000,103.63880,103.66000,7914,200369000000,1.310,8
1824,2021-05-28 12:20:00.0000000,103.69970,103.69970,103.66000,103.67000,5737,200427000000,1.310,8
1825,2021-05-28 12:21:00.0000000,103.70320,103.71500,103.67850,103.69000,6797,200433000000,1.310,8
1826,2021-05-28 12:22:00.0000000,103.73500,103.75000,103.71000,103.71000,9017,200495000000,1.310,8
1827,2021-05-28 12:23:00.0000000,103.70500,103.73000,103.70500,103.73000,4840,200437000000,1.310,8
1828,2021-05-28 12:24:00.0000000,103.70000,103.73000,103.68000,103.71000,5991,200427000000,1.310,8
1829,2021-05-28 12:25:00.0000000,103.65000,103.68500,103.65000,103.67000,6093,200330000000,1.310,8
1830,2021-05-28 12:26:00.0000000,103.65000,103.65900,103.64000,103.65000,8604,200330000000,1.310,8
1831,2021-05-28 12:27:00.0000000,103.65790,103.67000,103.65000,103.66000,4935,200346000000,1.310,8
1832,2021-05-28 12:28:00.0000000,103.67000,103.68000,103.65000,103.65000,3315,200369000000,1.310,8
1833,2021-05-28 12:29:00.0000000,103.63500,103.67000,103.63000,103.67000,3592,200301000000,1.310,8
1834,2021-05-28 12:30:00.0000000,103.65000,103.65000,103.63000,103.63000,5414,200330000000,1.310,8
1835,2021-05-28 12:31:00.0000000,103.64500,103.67000,103.64500,103.65000,8480,200321000000,1.310,8
1836,2021-05-28 12:32:00.0000000,103.68000,103.68000,103.64500,103.64500,4901,200388000000,1.310,8
1837,2021-05-28 12:33:00.0000000,103.65000,103.67500,103.64000,103.67000,7862,200330000000,1.310,8
1838,2021-05-28 12:34:00.0000000,103.66000,103.66500,103.63500,103.65000,5100,200350000000,1.310,8
1839,2021-05-28 12:35:00.0000000,103.65000,103.66000,103.65000,103.66000,4913,200330000000,1.310,8
1840,2021-05-28 12:36:00.0000000,103.61500,103.64000,103.61000,103.64000,9025,200263000000,1.310,8
1841,2021-05-28 12:37:00.0000000,103.66200,103.67000,103.61500,103.62000,8636,200354000000,1.310,8
1842,2021-05-28 12:38:00.0000000,103.64000,103.67500,103.64000,103.67000,7037,200311000000,1.310,8
1843,2021-05-28 12:39:00.0000000,103.65000,103.65500,103.62010,103.64000,13487,200330000000,1.310,8
1844,2021-05-28 12:40:00.0000000,103.68000,103.68000,103.66000,103.66500,4657,200388000000,1.310,8
1845,2021-05-28 12:41:00.0000000,103.69000,103.69000,103.68000,103.68500,4656,200408000000,1.310,8
1846,2021-05-28 12:42:00.0000000,103.73500,103.73500,103.68000,103.68000,12860,200495000000,1.310,8
1847,2021-05-28 12:43:00.0000000,103.71500,103.73000,103.71000,103.73000,5622,200456000000,1.310,8
1848,2021-05-28 12:44:00.0000000,103.67000,103.71000,103.65000,103.71000,9732,200369000000,1.310,8
1849,2021-05-28 12:45:00.0000000,103.62000,103.66000,103.62000,103.66000,4498,200272000000,1.310,8
1850,2021-05-28 12:46:00.0000000,103.67000,103.68000,103.62640,103.62880,12742,200369000000,1.310,8
1851,2021-05-28 12:47:00.0000000,103.65500,103.68500,103.63000,103.68000,9299,200340000000,1.310,8
1852,2021-05-28 12:48:00.0000000,103.61000,103.67500,103.61000,103.67000,20831,200253000000,1.310,8
1853,2021-05-28 12:49:00.0000000,103.60000,103.62000,103.59000,103.61000,10447,200234000000,1.310,8
1854,2021-05-28 12:50:00.0000000,103.56500,103.61500,103.56330,103.60000,5938,200166000000,1.310,8
1855,2021-05-28 12:51:00.0000000,103.54000,103.57000,103.54000,103.56500,9860,200118000000,1.310,8
1856,2021-05-28 12:52:00.0000000,103.53000,103.58000,103.53000,103.54000,17161,200099000000,1.310,8
1857,2021-05-28 12:53:00.0000000,103.57000,103.57000,103.52500,103.52500,7008,200176000000,1.310,8
1858,2021-05-28 12:54:00.0000000,103.65000,103.66000,103.57000,103.57000,11252,200330000000,1.310,8
1859,2021-05-28 12:55:00.0000000,103.66000,103.66500,103.60990,103.66000,12868,200350000000,1.310,8
1860,2021-05-28 12:56:00.0000000,103.63000,103.66000,103.61500,103.66000,16033,200292000000,1.310,8
1861,2021-05-28 12:57:00.0000000,103.62000,103.62000,103.60500,103.61000,5257,200272000000,1.310,8
1862,2021-05-28 12:58:00.0000000,103.60000,103.62000,103.59000,103.61690,6504,200234000000,1.310,8
1863,2021-05-28 12:59:00.0000000,103.60000,103.60500,103.57000,103.59000,9674,200234000000,1.310,8
1864,2021-05-28 13:00:00.0000000,103.58000,103.61500,103.57000,103.60000,5956,200195000000,1.310,8
1865,2021-05-28 13:01:00.0000000,103.65000,103.65000,103.58000,103.58000,6321,200330000000,1.310,8
1866,2021-05-28 13:02:00.0000000,103.64000,103.64500,103.61000,103.64000,3442,200311000000,1.310,8
1867,2021-05-28 13:03:00.0000000,103.63500,103.66000,103.63500,103.64000,9015,200301000000,1.310,8
1868,2021-05-28 13:04:00.0000000,103.62000,103.65000,103.62000,103.64000,5600,200272000000,1.310,8
1869,2021-05-28 13:05:00.0000000,103.59500,103.62990,103.59000,103.62000,6805,200224000000,1.310,8
1870,2021-05-28 13:06:00.0000000,103.58000,103.61920,103.58000,103.58000,9161,200195000000,1.310,8
1871,2021-05-28 13:07:00.0000000,103.56000,103.58000,103.56000,103.58000,5798,200157000000,1.310,8
1872,2021-05-28 13:08:00.0000000,103.55500,103.56500,103.53380,103.56500,8470,200147000000,1.310,8
1873,2021-05-28 13:09:00.0000000,103.56000,103.57000,103.55000,103.56000,5334,200157000000,1.310,8
1874,2021-05-28 13:10:00.0000000,103.58500,103.59000,103.55000,103.56000,2456,200205000000,1.310,8
1875,2021-05-28 13:11:00.0000000,103.55000,103.57000,103.55000,103.56500,4921,200137000000,1.310,8
1876,2021-05-28 13:12:00.0000000,103.53000,103.54000,103.52100,103.54000,4278,200099000000,1.310,8
1877,2021-05-28 13:13:00.0000000,103.51260,103.54000,103.51000,103.52000,14629,200065000000,1.310,8
1878,2021-05-28 13:14:00.0000000,103.49000,103.51000,103.48000,103.51000,4795,200021000000,1.310,8
1879,2021-05-28 13:15:00.0000000,103.48000,103.49500,103.46000,103.48500,5276,200002000000,1.310,8
1880,2021-05-28 13:16:00.0000000,103.54000,103.54000,103.48000,103.48000,14075,200118000000,1.310,8
1881,2021-05-28 13:17:00.0000000,103.55000,103.55000,103.53000,103.54000,11981,200137000000,1.310,8
1882,2021-05-28 13:18:00.0000000,103.57000,103.58000,103.55000,103.55000,2240,200176000000,1.310,8
1883,2021-05-28 13:19:00.0000000,103.60000,103.60000,103.56000,103.57000,3625,200234000000,1.310,8
1884,2021-05-28 13:20:00.0000000,103.57500,103.60000,103.57500,103.60000,4519,200186000000,1.310,8
1885,2021-05-28 13:21:00.0000000,103.61800,103.62500,103.57000,103.57000,14839,200269000000,1.310,8
1886,2021-05-28 13:22:00.0000000,103.64000,103.65000,103.58000,103.62000,24929,200311000000,1.310,8
1887,2021-05-28 13:23:00.0000000,103.65000,103.65000,103.62500,103.64000,7355,200330000000,1.310,8
1888,2021-05-28 13:24:00.0000000,103.71000,103.71000,103.65000,103.66000,18414,200446000000,1.310,8
1889,2021-05-28 13:25:00.0000000,103.72000,103.76000,103.68000,103.70000,13010,200466000000,1.310,8
1890,2021-05-28 13:26:00.0000000,103.72000,103.73500,103.71000,103.73000,1970,200466000000,1.310,8
1891,2021-05-28 13:27:00.0000000,103.77000,103.77000,103.72500,103.72500,10919,200562000000,1.310,8
1892,2021-05-28 13:28:00.0000000,103.79000,103.79500,103.76500,103.77000,2806,200601000000,1.310,8
1893,2021-05-28 13:29:00.0000000,103.86000,103.86000,103.80000,103.80000,24559,200736000000,1.310,8
1894,2021-05-28 13:30:00.0000000,103.88890,103.88890,103.83500,103.85000,6709,200792000000,1.310,8
1895,2021-05-28 13:31:00.0000000,103.89000,103.91000,103.89000,103.90000,10643,200794000000,1.310,8
1896,2021-05-28 13:32:00.0000000,103.92000,103.92000,103.88000,103.89000,8835,200852000000,1.310,8
1897,2021-05-28 13:33:00.0000000,103.90000,103.92000,103.89000,103.91000,17870,200814000000,1.310,8
1898,2021-05-28 13:34:00.0000000,103.89000,103.91500,103.88000,103.90000,4812,200794000000,1.310,8
1899,2021-05-28 13:35:00.0000000,103.89000,103.93000,103.88500,103.88500,10604,200794000000,1.310,8
1900,2021-05-28 13:36:00.0000000,103.87000,103.90000,103.86000,103.89000,9827,200756000000,1.310,8
1901,2021-05-28 13:37:00.0000000,103.90500,103.92000,103.87500,103.88000,6488,200823000000,1.310,8
1902,2021-05-28 13:38:00.0000000,103.94000,103.94000,103.90000,103.90000,3700,200891000000,1.310,8
1903,2021-05-28 13:39:00.0000000,103.93000,103.93000,103.90000,103.93000,4839,200872000000,1.310,8
1904,2021-05-28 13:40:00.0000000,103.95000,103.96500,103.92000,103.93500,20128,200910000000,1.310,8
1905,2021-05-28 13:41:00.0000000,103.93000,103.96000,103.93000,103.94000,5585,200872000000,1.310,8
1906,2021-05-28 13:42:00.0000000,103.94000,103.95000,103.94000,103.94000,3466,200891000000,1.310,8
1907,2021-05-28 13:43:00.0000000,103.91000,103.94000,103.90000,103.93000,13384,200833000000,1.310,8
1908,2021-05-28 13:44:00.0000000,103.95190,103.97000,103.91000,103.91630,28653,200914000000,1.310,8
1909,2021-05-28 13:45:00.0000000,104.08000,104.08500,103.95000,103.95500,57183,201162000000,1.310,8
1910,2021-05-28 13:46:00.0000000,104.08000,104.12000,104.07000,104.08000,26035,201162000000,1.310,8
1911,2021-05-28 13:47:00.0000000,104.06000,104.10000,104.06000,104.09000,8049,201123000000,1.310,8
1912,2021-05-28 13:48:00.0000000,104.01500,104.06500,104.01000,104.06500,14047,201036000000,1.310,8
1913,2021-05-28 13:49:00.0000000,104.06000,104.06500,104.01000,104.01010,20449,201123000000,1.310,8
1914,2021-05-28 13:50:00.0000000,104.00550,104.09000,103.99500,104.07000,6449,201018000000,1.310,8
1915,2021-05-28 13:51:00.0000000,104.02000,104.03000,104.00930,104.02560,5158,201046000000,1.310,8
1916,2021-05-28 13:52:00.0000000,103.98000,104.03000,103.97000,104.01000,5981,200968000000,1.310,8
1917,2021-05-28 13:53:00.0000000,103.99000,104.00000,103.98500,103.98500,2969,200988000000,1.310,8
1918,2021-05-28 13:54:00.0000000,103.98000,104.01600,103.96000,104.00000,15953,200968000000,1.310,8
1919,2021-05-28 13:55:00.0000000,104.02000,104.02000,103.97230,103.97570,23274,201046000000,1.310,8
1920,2021-05-28 13:56:00.0000000,104.03000,104.04500,104.02000,104.02000,5789,201065000000,1.310,8
1921,2021-05-28 13:57:00.0000000,103.97000,104.01000,103.96000,104.01000,10793,200949000000,1.310,8
1922,2021-05-28 13:58:00.0000000,103.96000,103.98000,103.95870,103.98000,3456,200930000000,1.310,8
1923,2021-05-28 13:59:00.0000000,103.92000,103.97500,103.91000,103.97000,15243,200852000000,1.310,8
1924,2021-05-28 14:00:00.0000000,103.97000,103.97000,103.91500,103.92000,7866,200949000000,1.310,8
1925,2021-05-28 14:01:00.0000000,103.95000,103.99500,103.95000,103.98500,9233,200910000000,1.310,8
1926,2021-05-28 14:02:00.0000000,103.97000,103.99000,103.95000,103.95000,14898,200949000000,1.310,8
1927,2021-05-28 14:03:00.0000000,104.05000,104.05000,103.98000,103.98000,9475,201104000000,1.310,8
1928,2021-05-28 14:04:00.0000000,104.05500,104.06500,104.03000,104.04000,13987,201113000000,1.310,8
1929,2021-05-28 14:05:00.0000000,104.07000,104.07500,104.04000,104.05000,14331,201142000000,1.310,8
1930,2021-05-28 14:06:00.0000000,103.92000,104.07500,103.91500,104.07500,36154,200852000000,1.310,8
1931,2021-05-28 14:07:00.0000000,103.95500,104.00000,103.91000,103.92000,26821,200920000000,1.310,8
1932,2021-05-28 14:08:00.0000000,103.96000,103.98000,103.94000,103.96000,16134,200930000000,1.310,8
1933,2021-05-28 14:09:00.0000000,103.97000,103.98010,103.95000,103.96500,7148,200949000000,1.310,8
1934,2021-05-28 14:10:00.0000000,103.89000,103.98000,103.89000,103.98000,14221,200794000000,1.310,8
1935,2021-05-28 14:11:00.0000000,103.84000,103.93000,103.84000,103.89500,15556,200698000000,1.310,8
1936,2021-05-28 14:12:00.0000000,103.86000,103.86000,103.82000,103.85000,10067,200736000000,1.310,8
1937,2021-05-28 14:13:00.0000000,103.88000,103.90000,103.85000,103.86000,18678,200775000000,1.310,8
1938,2021-05-28 14:14:00.0000000,103.90580,103.94000,103.87000,103.87000,9546,200825000000,1.310,8
1939,2021-05-28 14:15:00.0000000,103.92000,103.94000,103.87180,103.90000,14028,200852000000,1.310,8
1940,2021-05-28 14:16:00.0000000,103.92000,103.96000,103.91000,103.92500,15235,200852000000,1.310,8
1941,2021-05-28 14:17:00.0000000,103.94000,103.95000,103.91120,103.91500,4891,200891000000,1.310,8
1942,2021-05-28 14:18:00.0000000,103.95000,103.98500,103.93000,103.95000,5717,200910000000,1.310,8
1943,2021-05-28 14:19:00.0000000,104.01000,104.02000,103.96000,103.96000,11606,201026000000,1.310,8
1944,2021-05-28 14:20:00.0000000,104.02000,104.03000,104.00010,104.02000,3262,201046000000,1.310,8
1945,2021-05-28 14:21:00.0000000,103.97000,104.01000,103.97000,104.01000,24434,200949000000,1.310,8
1946,2021-05-28 14:22:00.0000000,103.97660,104.00200,103.96000,103.98000,7972,200962000000,1.310,8
1947,2021-05-28 14:23:00.0000000,103.98000,103.98000,103.95000,103.96990,9454,200968000000,1.310,8
1948,2021-05-28 14:24:00.0000000,103.99000,104.03000,103.99000,103.99000,14968,200988000000,1.310,8
1949,2021-05-28 14:25:00.0000000,103.95000,103.99000,103.95000,103.99000,7619,200910000000,1.310,8
1950,2021-05-28 14:26:00.0000000,103.92000,103.94500,103.92000,103.94000,6741,200852000000,1.310,8
1951,2021-05-28 14:27:00.0000000,103.95000,103.98000,103.89000,103.92000,8015,200910000000,1.310,8
1952,2021-05-28 14:28:00.0000000,103.98000,104.00000,103.96000,103.97000,12436,200968000000,1.310,8
1953,2021-05-28 14:29:00.0000000,104.00000,104.00000,103.97000,103.97000,8107,201007000000,1.310,8
1954,2021-05-28 14:30:00.0000000,104.00000,104.00900,103.97000,103.99860,9320,201007000000,1.310,8
1955,2021-05-28 14:31:00.0000000,103.99700,104.01000,103.97000,103.99000,6977,201001000000,1.310,8
1956,2021-05-28 14:32:00.0000000,103.97500,104.01000,103.96500,104.00000,8027,200959000000,1.310,8
1957,2021-05-28 14:33:00.0000000,104.00630,104.00630,103.97000,103.97330,4966,201019000000,1.310,8
1958,2021-05-28 14:34:00.0000000,104.01000,104.03000,104.00000,104.00000,9963,201026000000,1.310,8
1959,2021-05-28 14:35:00.0000000,104.01000,104.03000,104.01000,104.01000,5905,201026000000,1.310,8
1960,2021-05-28 14:36:00.0000000,103.97150,104.01000,103.97150,104.01000,7170,200952000000,1.310,8
1961,2021-05-28 14:37:00.0000000,103.96500,103.99000,103.96360,103.98000,5000,200939000000,1.310,8
1962,2021-05-28 14:38:00.0000000,103.96500,103.98000,103.95000,103.97000,9679,200939000000,1.310,8
1963,2021-05-28 14:39:00.0000000,103.96000,103.97000,103.94000,103.95950,14562,200930000000,1.310,8
1964,2021-05-28 14:40:00.0000000,103.99000,104.00000,103.95500,103.95500,14840,200988000000,1.310,8
1965,2021-05-28 14:41:00.0000000,103.97000,103.98000,103.97000,103.98000,2353,200949000000,1.310,8
1966,2021-05-28 14:42:00.0000000,103.96000,103.99000,103.95000,103.98000,10365,200930000000,1.310,8
1967,2021-05-28 14:43:00.0000000,103.97000,103.97000,103.95000,103.95340,6551,200949000000,1.310,8
1968,2021-05-28 14:44:00.0000000,103.96400,103.99000,103.95000,103.98000,18939,200937000000,1.310,8
1969,2021-05-28 14:45:00.0000000,103.92000,103.96000,103.92000,103.96000,12541,200852000000,1.310,8
1970,2021-05-28 14:46:00.0000000,103.91000,103.94500,103.91000,103.91970,10129,200833000000,1.310,8
1971,2021-05-28 14:47:00.0000000,103.89000,103.92000,103.88000,103.91500,10485,200794000000,1.310,8
1972,2021-05-28 14:48:00.0000000,103.89000,103.91500,103.89000,103.89000,7195,200794000000,1.310,8
1973,2021-05-28 14:49:00.0000000,103.86000,103.87000,103.83000,103.87000,14164,200736000000,1.310,8
1974,2021-05-28 14:50:00.0000000,103.90000,103.93000,103.86500,103.86500,10061,200814000000,1.310,8
1975,2021-05-28 14:51:00.0000000,103.89000,103.91000,103.88760,103.91000,6176,200794000000,1.310,8
1976,2021-05-28 14:52:00.0000000,103.88000,103.92000,103.88000,103.88500,13652,200775000000,1.310,8
1977,2021-05-28 14:53:00.0000000,103.90600,103.90990,103.88000,103.88000,2728,200825000000,1.310,8
1978,2021-05-28 14:54:00.0000000,103.92000,103.93000,103.91000,103.91000,9458,200852000000,1.310,8
1979,2021-05-28 14:55:00.0000000,103.94000,103.96000,103.93000,103.93000,8457,200891000000,1.310,8
1980,2021-05-28 14:56:00.0000000,103.92500,103.93970,103.92000,103.93000,4376,200862000000,1.310,8
1981,2021-05-28 14:57:00.0000000,103.93000,103.95000,103.92500,103.93000,6982,200872000000,1.310,8
1982,2021-05-28 14:58:00.0000000,103.92000,103.95500,103.92000,103.94000,5518,200852000000,1.310,8
1983,2021-05-28 14:59:00.0000000,103.87000,103.92000,103.87000,103.92000,13181,200756000000,1.310,8
1984,2021-05-28 15:00:00.0000000,103.90000,103.91000,103.85000,103.87000,9432,200814000000,1.310,8
1985,2021-05-28 09:30:00.0000000,180.02000,180.07001,179.50999,179.50999,269182,327084000000,1.190,9
1986,2021-05-28 09:31:00.0000000,179.97990,180.14000,179.88000,180.07001,52555,327011000000,1.190,9
1987,2021-05-28 09:32:00.0000000,179.60001,180.13000,179.57001,179.92999,42550,326321000000,1.190,9
1988,2021-05-28 09:33:00.0000000,179.67999,179.72000,179.46001,179.59000,34000,326466000000,1.190,9
1989,2021-05-28 09:34:00.0000000,179.66000,179.74001,179.55679,179.64999,26645,326430000000,1.190,9
1990,2021-05-28 09:35:00.0000000,179.62000,179.75000,179.48000,179.66000,29960,326357000000,1.190,9
1991,2021-05-28 09:36:00.0000000,179.42000,179.70000,179.42000,179.62500,30558,325994000000,1.190,9
1992,2021-05-28 09:37:00.0000000,179.45500,179.64000,179.36000,179.42999,30221,326058000000,1.190,9
1993,2021-05-28 09:38:00.0000000,179.56000,179.71539,179.47000,179.47000,24925,326248000000,1.190,9
1994,2021-05-28 09:39:00.0000000,179.36000,179.36000,179.21001,179.21001,41629,325885000000,1.190,9
1995,2021-05-28 09:40:00.0000000,179.21001,179.45000,179.20000,179.42000,28129,325612000000,1.190,9
1996,2021-05-28 09:41:00.0000000,179.07001,179.31000,179.03000,179.20000,57909,325358000000,1.190,9
1997,2021-05-28 09:42:00.0000000,178.82001,179.12000,178.80000,179.08000,44089,324904000000,1.190,9
1998,2021-05-28 09:43:00.0000000,178.81689,178.94000,178.74001,178.80499,22900,324898000000,1.190,9
1999,2021-05-28 09:44:00.0000000,178.88000,178.89000,178.75000,178.78011,20839,325013000000,1.190,9
2000,2021-05-28 09:45:00.0000000,178.87000,179.00000,178.81000,178.91000,14861,324995000000,1.190,9
2001,2021-05-28 09:46:00.0000000,178.93500,179.09000,178.85001,178.85001,21469,325113000000,1.190,9
2002,2021-05-28 09:47:00.0000000,179.11000,179.11000,178.95000,178.95000,20470,325431000000,1.190,9
2003,2021-05-28 09:48:00.0000000,178.88000,179.07001,178.84500,179.07001,31694,325013000000,1.190,9
2004,2021-05-28 09:49:00.0000000,178.80000,178.94000,178.80000,178.89000,14958,324867000000,1.190,9
2005,2021-05-28 09:50:00.0000000,178.78000,178.88000,178.73000,178.81000,20057,324831000000,1.190,9
2006,2021-05-28 09:51:00.0000000,178.67000,178.81000,178.60001,178.77000,20925,324631000000,1.190,9
2007,2021-05-28 09:52:00.0000000,178.74001,178.78999,178.61760,178.67999,18074,324758000000,1.190,9
2008,2021-05-28 09:53:00.0000000,178.70000,178.83720,178.66000,178.77000,21069,324686000000,1.190,9
2009,2021-05-28 09:54:00.0000000,178.75000,178.75000,178.62000,178.70810,17326,324777000000,1.190,9
2010,2021-05-28 09:55:00.0000000,178.57001,178.72000,178.55000,178.72000,19094,324450000000,1.190,9
2011,2021-05-28 09:56:00.0000000,178.55850,178.59000,178.52000,178.56000,13755,324429000000,1.190,9
2012,2021-05-28 09:57:00.0000000,178.48320,178.61000,178.41000,178.55499,45567,324292000000,1.190,9
2013,2021-05-28 09:58:00.0000000,178.78999,178.81979,178.48000,178.48000,26361,324849000000,1.190,9
2014,2021-05-28 09:59:00.0000000,178.97000,178.97000,178.77100,178.78500,23846,325176000000,1.190,9
2015,2021-05-28 10:00:00.0000000,178.77000,179.00000,178.70000,178.96001,24441,324813000000,1.190,9
2016,2021-05-28 10:01:00.0000000,178.69000,178.75000,178.64000,178.74001,14241,324668000000,1.190,9
2017,2021-05-28 10:02:00.0000000,178.56000,178.73000,178.53000,178.67999,18196,324431000000,1.190,9
2018,2021-05-28 10:03:00.0000000,178.73000,178.80000,178.57001,178.57001,15712,324740000000,1.190,9
2019,2021-05-28 10:04:00.0000000,178.60001,178.72270,178.46001,178.71500,14959,324504000000,1.190,9
2020,2021-05-28 10:05:00.0000000,178.72250,179.03000,178.67000,178.67000,36029,324727000000,1.190,9
2021,2021-05-28 10:06:00.0000000,178.62000,178.71001,178.55000,178.71001,31317,324540000000,1.190,9
2022,2021-05-28 10:07:00.0000000,178.60001,178.78000,178.58000,178.61951,17596,324504000000,1.190,9
2023,2021-05-28 10:08:00.0000000,178.42000,178.59000,178.38040,178.59000,31655,324177000000,1.190,9
2024,2021-05-28 10:09:00.0000000,178.28999,178.48000,178.23000,178.42000,32097,323941000000,1.190,9
2025,2021-05-28 10:10:00.0000000,178.45000,178.45000,178.25999,178.25999,15828,324232000000,1.190,9
2026,2021-05-28 10:11:00.0000000,178.48000,178.59000,178.44000,178.45000,26775,324286000000,1.190,9
2027,2021-05-28 10:12:00.0000000,178.41710,178.50000,178.36000,178.47169,15406,324172000000,1.190,9
2028,2021-05-28 10:13:00.0000000,178.54601,178.54700,178.38271,178.41000,17703,324406000000,1.190,9
2029,2021-05-28 10:14:00.0000000,178.58000,178.59000,178.45000,178.52000,10292,324468000000,1.190,9
2030,2021-05-28 10:15:00.0000000,178.68480,178.72000,178.58990,178.58990,11904,324658000000,1.190,9
2031,2021-05-28 10:16:00.0000000,178.57500,178.64999,178.50000,178.64999,18329,324459000000,1.190,9
2032,2021-05-28 10:17:00.0000000,178.69099,178.69099,178.57500,178.57500,14178,324669000000,1.190,9
2033,2021-05-28 10:18:00.0000000,178.62000,178.89999,178.61000,178.71001,22265,324540000000,1.190,9
2034,2021-05-28 10:19:00.0000000,178.39999,178.64000,178.35001,178.61000,19681,324141000000,1.190,9
2035,2021-05-28 10:20:00.0000000,178.44000,178.46500,178.32390,178.39999,19154,324213000000,1.190,9
2036,2021-05-28 10:21:00.0000000,178.52000,178.56000,178.44000,178.45900,8478,324359000000,1.190,9
2037,2021-05-28 10:22:00.0000000,178.30000,178.50000,178.27100,178.49001,14931,323959000000,1.190,9
2038,2021-05-28 10:23:00.0000000,178.24561,178.35001,178.23500,178.30499,18894,323860000000,1.190,9
2039,2021-05-28 10:24:00.0000000,178.14000,178.25000,178.13000,178.22549,22656,323668000000,1.190,9
2040,2021-05-28 10:25:00.0000000,178.12000,178.23500,178.08000,178.13600,19171,323632000000,1.190,9
2041,2021-05-28 10:26:00.0000000,178.19000,178.20970,178.12000,178.12000,14737,323759000000,1.190,9
2042,2021-05-28 10:27:00.0000000,178.34990,178.35001,178.19000,178.22000,16249,324050000000,1.190,9
2043,2021-05-28 10:28:00.0000000,178.28000,178.35001,178.21001,178.34500,17384,323923000000,1.190,9
2044,2021-05-28 10:29:00.0000000,178.25000,178.32001,178.19000,178.31000,11975,323868000000,1.190,9
2045,2021-05-28 10:30:00.0000000,178.52000,178.57001,178.25999,178.25999,25563,324359000000,1.190,9
2046,2021-05-28 10:31:00.0000000,178.53000,178.59000,178.50000,178.53000,17213,324377000000,1.190,9
2047,2021-05-28 10:32:00.0000000,178.56000,178.58000,178.42999,178.50000,9313,324431000000,1.190,9
2048,2021-05-28 10:33:00.0000000,178.53951,178.56750,178.45000,178.51500,8053,324394000000,1.190,9
2049,2021-05-28 10:34:00.0000000,178.55000,178.61990,178.52000,178.52000,11090,324413000000,1.190,9
2050,2021-05-28 10:35:00.0000000,178.49001,178.58000,178.49001,178.55000,10014,324304000000,1.190,9
2051,2021-05-28 10:36:00.0000000,178.42999,178.49800,178.41010,178.47000,9158,324195000000,1.190,9
2052,2021-05-28 10:37:00.0000000,178.42999,178.44991,178.37500,178.42000,8639,324195000000,1.190,9
2053,2021-05-28 10:38:00.0000000,178.42000,178.45000,178.38000,178.38010,11765,324177000000,1.190,9
2054,2021-05-28 10:39:00.0000000,178.35001,178.42999,178.35001,178.38000,6726,324050000000,1.190,9
2055,2021-05-28 10:40:00.0000000,178.58000,178.60001,178.35001,178.35001,16024,324468000000,1.190,9
2056,2021-05-28 10:41:00.0000000,178.41000,178.58000,178.41000,178.58000,11048,324159000000,1.190,9
2057,2021-05-28 10:42:00.0000000,178.37500,178.42999,178.35001,178.42990,16706,324095000000,1.190,9
2058,2021-05-28 10:43:00.0000000,178.47000,178.47000,178.39000,178.39999,10258,324268000000,1.190,9
2059,2021-05-28 10:44:00.0000000,178.33000,178.47749,178.28999,178.47000,13069,324013000000,1.190,9
2060,2021-05-28 10:45:00.0000000,178.39960,178.47000,178.32860,178.32860,14352,324140000000,1.190,9
2061,2021-05-28 10:46:00.0000000,178.42999,178.43500,178.30000,178.39000,26992,324195000000,1.190,9
2062,2021-05-28 10:47:00.0000000,178.50999,178.58000,178.42000,178.42000,23664,324341000000,1.190,9
2063,2021-05-28 10:48:00.0000000,178.58000,178.62000,178.52000,178.52000,9935,324468000000,1.190,9
2064,2021-05-28 10:49:00.0000000,178.50500,178.53999,178.44000,178.53500,19501,324331000000,1.190,9
2065,2021-05-28 10:50:00.0000000,178.47510,178.52000,178.39999,178.52000,14075,324277000000,1.190,9
2066,2021-05-28 10:51:00.0000000,178.59000,178.60600,178.48360,178.48360,15726,324486000000,1.190,9
2067,2021-05-28 10:52:00.0000000,178.55000,178.59000,178.50999,178.58501,7631,324413000000,1.190,9
2068,2021-05-28 10:53:00.0000000,178.53999,178.62000,178.48270,178.55000,19551,324395000000,1.190,9
2069,2021-05-28 10:54:00.0000000,178.56000,178.58501,178.53000,178.53000,7331,324431000000,1.190,9
2070,2021-05-28 10:55:00.0000000,178.62000,178.62500,178.52000,178.56000,15097,324540000000,1.190,9
2071,2021-05-28 10:56:00.0000000,178.53999,178.62000,178.53999,178.60001,18643,324395000000,1.190,9
2072,2021-05-28 10:57:00.0000000,178.53000,178.55000,178.48000,178.50000,17291,324377000000,1.190,9
2073,2021-05-28 10:58:00.0000000,178.55000,178.55991,178.45010,178.50999,18830,324413000000,1.190,9
2074,2021-05-28 10:59:00.0000000,178.57001,178.62000,178.54500,178.55670,9928,324450000000,1.190,9
2075,2021-05-28 11:00:00.0000000,178.69000,178.71001,178.58000,178.61000,11779,324668000000,1.190,9
2076,2021-05-28 11:01:00.0000000,178.70000,178.76250,178.66000,178.68500,14085,324686000000,1.190,9
2077,2021-05-28 11:02:00.0000000,178.68500,178.75751,178.66670,178.67999,12833,324658000000,1.190,9
2078,2021-05-28 11:03:00.0000000,178.67999,178.73930,178.63000,178.67000,22928,324649000000,1.190,9
2079,2021-05-28 11:04:00.0000000,178.82001,178.83000,178.67000,178.67000,13979,324904000000,1.190,9
2080,2021-05-28 11:05:00.0000000,178.95000,178.97501,178.83000,178.83000,21507,325140000000,1.190,9
2081,2021-05-28 11:06:00.0000000,178.92500,178.97000,178.88000,178.94000,18225,325095000000,1.190,9
2082,2021-05-28 11:07:00.0000000,178.89000,178.94000,178.85001,178.92999,7426,325031000000,1.190,9
2083,2021-05-28 11:08:00.0000000,178.91499,178.94000,178.84000,178.87000,8746,325076000000,1.190,9
2084,2021-05-28 11:09:00.0000000,178.95500,178.96001,178.89000,178.89999,15475,325149000000,1.190,9
2085,2021-05-28 11:10:00.0000000,178.88499,178.95000,178.87000,178.95000,15162,325022000000,1.190,9
2086,2021-05-28 11:11:00.0000000,178.85001,178.91000,178.83501,178.89000,9217,324958000000,1.190,9
2087,2021-05-28 11:12:00.0000000,178.97000,178.97701,178.84000,178.86800,14369,325176000000,1.190,9
2088,2021-05-28 11:13:00.0000000,178.94000,179.00000,178.91890,178.96500,4986,325122000000,1.190,9
2089,2021-05-28 11:14:00.0000000,178.95500,178.96001,178.88000,178.92999,9022,325149000000,1.190,9
2090,2021-05-28 11:15:00.0000000,179.07001,179.10001,178.92000,178.92999,16309,325358000000,1.190,9
2091,2021-05-28 11:16:00.0000000,179.00011,179.10001,178.97000,179.06500,20214,325231000000,1.190,9
2092,2021-05-28 11:17:00.0000000,179.00999,179.06219,178.98000,179.00999,13219,325249000000,1.190,9
2093,2021-05-28 11:18:00.0000000,179.00999,179.13000,179.00999,179.03999,12893,325249000000,1.190,9
2094,2021-05-28 11:19:00.0000000,179.03999,179.10741,178.98000,179.01511,24025,325303000000,1.190,9
2095,2021-05-28 11:20:00.0000000,179.03000,179.03000,178.92999,179.03000,11753,325285000000,1.190,9
2096,2021-05-28 11:21:00.0000000,179.01311,179.09000,179.01311,179.05000,7571,325255000000,1.190,9
2097,2021-05-28 11:22:00.0000000,179.00000,179.03000,178.98320,179.00999,6202,325231000000,1.190,9
2098,2021-05-28 11:23:00.0000000,179.07001,179.07001,179.00000,179.00000,7010,325358000000,1.190,9
2099,2021-05-28 11:24:00.0000000,179.11000,179.13000,179.04710,179.06000,17206,325431000000,1.190,9
2100,2021-05-28 11:25:00.0000000,178.97501,179.09500,178.96001,179.09500,12259,325185000000,1.190,9
2101,2021-05-28 11:26:00.0000000,179.04500,179.06000,178.98000,178.98000,58330,325313000000,1.190,9
2102,2021-05-28 11:27:00.0000000,179.06000,179.08000,179.03000,179.05000,8924,325340000000,1.190,9
2103,2021-05-28 11:28:00.0000000,178.98000,179.05000,178.97000,179.05000,11399,325194000000,1.190,9
2104,2021-05-28 11:29:00.0000000,179.00999,179.06000,178.95000,178.97000,9882,325249000000,1.190,9
2105,2021-05-28 11:30:00.0000000,178.96001,179.06000,178.94000,179.05000,20289,325158000000,1.190,9
2106,2021-05-28 11:31:00.0000000,178.88000,178.92999,178.85001,178.92000,10221,325013000000,1.190,9
2107,2021-05-28 11:32:00.0000000,178.91949,178.95000,178.88000,178.88000,11510,325085000000,1.190,9
2108,2021-05-28 11:33:00.0000000,178.94000,179.00999,178.92000,178.92000,9539,325122000000,1.190,9
2109,2021-05-28 11:34:00.0000000,178.85001,178.92999,178.85001,178.92999,12440,324958000000,1.190,9
2110,2021-05-28 11:35:00.0000000,179.00000,179.00000,178.83000,178.84000,21202,325231000000,1.190,9
2111,2021-05-28 11:36:00.0000000,179.02000,179.02000,178.98000,179.02000,8114,325267000000,1.190,9
2112,2021-05-28 11:37:00.0000000,178.91000,179.02499,178.89999,179.02000,12654,325067000000,1.190,9
2113,2021-05-28 11:38:00.0000000,178.96710,178.97620,178.89999,178.91000,8043,325171000000,1.190,9
2114,2021-05-28 11:39:00.0000000,178.89999,178.97000,178.87000,178.96989,9608,325049000000,1.190,9
2115,2021-05-28 11:40:00.0000000,178.92999,178.97000,178.91499,178.92000,8927,325104000000,1.190,9
2116,2021-05-28 11:41:00.0000000,178.96001,178.99001,178.91000,178.92999,7359,325158000000,1.190,9
2117,2021-05-28 11:42:00.0000000,179.02000,179.03000,178.92000,178.94000,19495,325267000000,1.190,9
2118,2021-05-28 11:43:00.0000000,178.95000,179.03000,178.94000,179.02000,7878,325140000000,1.190,9
2119,2021-05-28 11:44:00.0000000,179.00000,179.05000,178.97000,178.97000,8496,325231000000,1.190,9
2120,2021-05-28 11:45:00.0000000,178.88000,179.00000,178.88000,178.98000,9385,325013000000,1.190,9
2121,2021-05-28 11:46:00.0000000,178.92000,178.92690,178.86000,178.89999,17549,325085000000,1.190,9
2122,2021-05-28 11:47:00.0000000,178.91000,178.92500,178.88000,178.92000,8890,325067000000,1.190,9
2123,2021-05-28 11:48:00.0000000,178.87570,178.89500,178.87000,178.89500,6704,325005000000,1.190,9
2124,2021-05-28 11:49:00.0000000,178.78999,178.88499,178.77451,178.88000,14909,324849000000,1.190,9
2125,2021-05-28 11:50:00.0000000,178.74609,178.79010,178.67999,178.78999,18315,324769000000,1.190,9
2126,2021-05-28 11:51:00.0000000,178.75999,178.80499,178.73010,178.77000,10341,324795000000,1.190,9
2127,2021-05-28 11:52:00.0000000,178.82001,178.82001,178.66010,178.71001,23389,324904000000,1.190,9
2128,2021-05-28 11:53:00.0000000,178.78000,178.85001,178.76450,178.84000,29720,324831000000,1.190,9
2129,2021-05-28 11:54:00.0000000,178.85001,178.93700,178.78999,178.78999,11150,324958000000,1.190,9
2130,2021-05-28 11:55:00.0000000,178.96001,178.98959,178.88000,178.88000,5420,325158000000,1.190,9
2131,2021-05-28 11:56:00.0000000,179.02000,179.02000,178.94000,178.95320,13177,325267000000,1.190,9
2132,2021-05-28 11:57:00.0000000,179.00000,179.03999,179.00000,179.03000,9661,325231000000,1.190,9
2133,2021-05-28 11:58:00.0000000,178.95000,179.02000,178.91010,179.02000,9588,325140000000,1.190,9
2134,2021-05-28 11:59:00.0000000,179.02901,179.03999,178.98000,178.98000,12924,325284000000,1.190,9
2135,2021-05-28 12:00:00.0000000,178.86819,179.02000,178.86819,179.02000,10630,324991000000,1.190,9
2136,2021-05-28 12:01:00.0000000,178.92000,178.93340,178.87500,178.87500,11286,325085000000,1.190,9
2137,2021-05-28 12:02:00.0000000,178.91010,178.91010,178.84990,178.89999,4766,325067000000,1.190,9
2138,2021-05-28 12:03:00.0000000,178.96130,179.02620,178.92000,178.92000,8520,325161000000,1.190,9
2139,2021-05-28 12:04:00.0000000,178.99001,178.99001,178.92999,178.98000,8901,325213000000,1.190,9
2140,2021-05-28 12:05:00.0000000,179.03000,179.06000,178.99001,178.99240,13556,325285000000,1.190,9
2141,2021-05-28 12:06:00.0000000,179.03999,179.06000,179.03500,179.03500,7622,325303000000,1.190,9
2142,2021-05-28 12:07:00.0000000,179.04500,179.05260,179.00999,179.03000,5272,325313000000,1.190,9
2143,2021-05-28 12:08:00.0000000,178.92999,179.04500,178.92000,179.04260,12612,325104000000,1.190,9
2144,2021-05-28 12:09:00.0000000,178.96001,179.00800,178.94000,178.94000,19169,325158000000,1.190,9
2145,2021-05-28 12:10:00.0000000,178.86000,178.95000,178.83000,178.95000,12086,324976000000,1.190,9
2146,2021-05-28 12:11:00.0000000,178.92999,178.92999,178.86000,178.86000,7122,325104000000,1.190,9
2147,2021-05-28 12:12:00.0000000,178.94000,179.00000,178.94000,178.94000,7819,325122000000,1.190,9
2148,2021-05-28 12:13:00.0000000,178.94000,178.98000,178.91000,178.94000,7337,325122000000,1.190,9
2149,2021-05-28 12:14:00.0000000,178.96271,178.97000,178.89000,178.97000,22063,325163000000,1.190,9
2150,2021-05-28 12:15:00.0000000,178.96710,178.98990,178.91000,178.97000,6062,325171000000,1.190,9
2151,2021-05-28 12:16:00.0000000,179.08600,179.10001,178.97000,178.97000,13940,325387000000,1.190,9
2152,2021-05-28 12:17:00.0000000,179.12500,179.14990,179.05499,179.07001,11704,325458000000,1.190,9
2153,2021-05-28 12:18:00.0000000,179.14999,179.17000,179.13000,179.13000,8858,325503000000,1.190,9
2154,2021-05-28 12:19:00.0000000,179.18840,179.18840,179.09500,179.14000,8302,325573000000,1.190,9
2155,2021-05-28 12:20:00.0000000,179.17000,179.20500,179.14000,179.18500,8370,325540000000,1.190,9
2156,2021-05-28 12:21:00.0000000,179.07001,179.17000,179.05000,179.17000,7400,325358000000,1.190,9
2157,2021-05-28 12:22:00.0000000,179.16000,179.17000,179.06000,179.07001,5870,325522000000,1.190,9
2158,2021-05-28 12:23:00.0000000,179.14999,179.17999,179.13000,179.14999,5031,325503000000,1.190,9
2159,2021-05-28 12:24:00.0000000,179.23000,179.25000,179.17000,179.17000,6334,325649000000,1.190,9
2160,2021-05-28 12:25:00.0000000,179.25000,179.25000,179.14999,179.22000,12949,325685000000,1.190,9
2161,2021-05-28 12:26:00.0000000,179.23669,179.28000,179.22000,179.24741,4053,325661000000,1.190,9
2162,2021-05-28 12:27:00.0000000,179.20500,179.25500,179.17000,179.22000,8636,325603000000,1.190,9
2163,2021-05-28 12:28:00.0000000,179.24001,179.25999,179.20000,179.20000,3832,325667000000,1.190,9
2164,2021-05-28 12:29:00.0000000,179.22020,179.25000,179.20000,179.23000,10773,325631000000,1.190,9
2165,2021-05-28 12:30:00.0000000,179.21500,179.24831,179.17000,179.24831,10445,325621000000,1.190,9
2166,2021-05-28 12:31:00.0000000,179.31000,179.33000,179.21001,179.23000,8939,325794000000,1.190,9
2167,2021-05-28 12:32:00.0000000,179.33000,179.33000,179.24001,179.28999,5161,325830000000,1.190,9
2168,2021-05-28 12:33:00.0000000,179.28999,179.33569,179.25999,179.33000,12311,325758000000,1.190,9
2169,2021-05-28 12:34:00.0000000,179.31000,179.32001,179.27499,179.28999,4802,325794000000,1.190,9
2170,2021-05-28 12:35:00.0000000,179.31000,179.34000,179.28999,179.31000,9422,325794000000,1.190,9
2171,2021-05-28 12:36:00.0000000,179.36000,179.36501,179.32001,179.32001,8943,325885000000,1.190,9
2172,2021-05-28 12:37:00.0000000,179.39000,179.41991,179.37000,179.37331,6149,325939000000,1.190,9
2173,2021-05-28 12:38:00.0000000,179.42000,179.42000,179.38000,179.38000,9238,325994000000,1.190,9
2174,2021-05-28 12:39:00.0000000,179.44000,179.45720,179.42000,179.42000,7270,326030000000,1.190,9
2175,2021-05-28 12:40:00.0000000,179.39999,179.42999,179.37000,179.42999,9711,325958000000,1.190,9
2176,2021-05-28 12:41:00.0000000,179.44501,179.45000,179.41000,179.41000,3555,326039000000,1.190,9
2177,2021-05-28 12:42:00.0000000,179.44000,179.46001,179.42500,179.44000,6115,326030000000,1.190,9
2178,2021-05-28 12:43:00.0000000,179.44009,179.45000,179.41499,179.44000,4446,326030000000,1.190,9
2179,2021-05-28 12:44:00.0000000,179.47290,179.48000,179.43810,179.43810,2460,326090000000,1.190,9
2180,2021-05-28 12:45:00.0000000,179.46001,179.49001,179.46001,179.47009,9759,326067000000,1.190,9
2181,2021-05-28 12:46:00.0000000,179.39999,179.45000,179.37000,179.45000,11134,325958000000,1.190,9
2182,2021-05-28 12:47:00.0000000,179.25999,179.39999,179.23000,179.39000,17447,325703000000,1.190,9
2183,2021-05-28 12:48:00.0000000,179.20000,179.31000,179.17000,179.28999,22648,325594000000,1.190,9
2184,2021-05-28 12:49:00.0000000,179.22690,179.22690,179.16000,179.19000,8988,325643000000,1.190,9
2185,2021-05-28 12:50:00.0000000,179.20000,179.23000,179.19000,179.22369,9141,325594000000,1.190,9
2186,2021-05-28 12:51:00.0000000,179.22000,179.23000,179.19000,179.20000,5346,325631000000,1.190,9
2187,2021-05-28 12:52:00.0000000,179.28999,179.32001,179.19501,179.19501,5086,325758000000,1.190,9
2188,2021-05-28 12:53:00.0000000,179.35899,179.38000,179.30000,179.30000,4925,325883000000,1.190,9
2189,2021-05-28 12:54:00.0000000,179.35001,179.39000,179.35001,179.37000,5163,325867000000,1.190,9
2190,2021-05-28 12:55:00.0000000,179.37500,179.38000,179.34000,179.35001,4870,325912000000,1.190,9
2191,2021-05-28 12:56:00.0000000,179.44000,179.44000,179.38000,179.38000,10403,326030000000,1.190,9
2192,2021-05-28 12:57:00.0000000,179.44000,179.44991,179.38000,179.44000,9307,326030000000,1.190,9
2193,2021-05-28 12:58:00.0000000,179.41620,179.45000,179.41620,179.42500,4108,325987000000,1.190,9
2194,2021-05-28 12:59:00.0000000,179.45000,179.45000,179.41000,179.41499,6717,326048000000,1.190,9
2195,2021-05-28 13:00:00.0000000,179.42999,179.47000,179.41499,179.45799,8990,326012000000,1.190,9
2196,2021-05-28 13:01:00.0000000,179.42999,179.42999,179.39999,179.41020,7872,326012000000,1.190,9
2197,2021-05-28 13:02:00.0000000,179.47000,179.47270,179.42000,179.42000,4253,326085000000,1.190,9
2198,2021-05-28 13:03:00.0000000,179.48000,179.50000,179.46001,179.46001,17003,326103000000,1.190,9
2199,2021-05-28 13:04:00.0000000,179.51990,179.51990,179.45000,179.47501,4711,326175000000,1.190,9
2200,2021-05-28 13:05:00.0000000,179.48000,179.50000,179.46001,179.49001,10929,326103000000,1.190,9
2201,2021-05-28 13:06:00.0000000,179.50000,179.51500,179.47250,179.47250,4085,326139000000,1.190,9
2202,2021-05-28 13:07:00.0000000,179.47000,179.50000,179.46001,179.48000,8356,326085000000,1.190,9
2203,2021-05-28 13:08:00.0000000,179.50000,179.50000,179.45010,179.45010,5896,326139000000,1.190,9
2204,2021-05-28 13:09:00.0000000,179.48500,179.50000,179.46001,179.50000,5945,326112000000,1.190,9
2205,2021-05-28 13:10:00.0000000,179.53000,179.53999,179.48500,179.48500,4965,326194000000,1.190,9
2206,2021-05-28 13:11:00.0000000,179.56000,179.57001,179.53000,179.57001,8456,326248000000,1.190,9
2207,2021-05-28 13:12:00.0000000,179.58000,179.59000,179.53999,179.56000,5063,326285000000,1.190,9
2208,2021-05-28 13:13:00.0000000,179.56000,179.62000,179.56000,179.58000,12270,326248000000,1.190,9
2209,2021-05-28 13:14:00.0000000,179.47009,179.59000,179.47009,179.56000,7657,326085000000,1.190,9
2210,2021-05-28 13:15:00.0000000,179.38989,179.49001,179.37000,179.47000,8495,325939000000,1.190,9
2211,2021-05-28 13:16:00.0000000,179.42670,179.42670,179.35001,179.37000,11914,326006000000,1.190,9
2212,2021-05-28 13:17:00.0000000,179.46001,179.46001,179.41499,179.42000,4580,326067000000,1.190,9
2213,2021-05-28 13:18:00.0000000,179.45630,179.47000,179.44000,179.46001,4321,326060000000,1.190,9
2214,2021-05-28 13:19:00.0000000,179.50000,179.50000,179.44000,179.45000,11003,326139000000,1.190,9
2215,2021-05-28 13:20:00.0000000,179.48000,179.53000,179.47000,179.49001,8705,326103000000,1.190,9
2216,2021-05-28 13:21:00.0000000,179.52000,179.52000,179.46001,179.48000,9062,326176000000,1.190,9
2217,2021-05-28 13:22:00.0000000,179.55000,179.55000,179.46001,179.50000,25928,326230000000,1.190,9
2218,2021-05-28 13:23:00.0000000,179.50000,179.55000,179.48140,179.55000,8346,326139000000,1.190,9
2219,2021-05-28 13:24:00.0000000,179.56641,179.59660,179.50999,179.52000,12073,326260000000,1.190,9
2220,2021-05-28 13:25:00.0000000,179.52000,179.55360,179.50000,179.55000,9879,326176000000,1.190,9
2221,2021-05-28 13:26:00.0000000,179.54500,179.56000,179.50000,179.51010,5380,326221000000,1.190,9
2222,2021-05-28 13:27:00.0000000,179.52000,179.55000,179.50000,179.53999,9971,326176000000,1.190,9
2223,2021-05-28 13:28:00.0000000,179.49001,179.53999,179.48140,179.53999,3185,326121000000,1.190,9
2224,2021-05-28 13:29:00.0000000,179.49001,179.54900,179.48000,179.48500,6230,326121000000,1.190,9
2225,2021-05-28 13:30:00.0000000,179.55000,179.55000,179.48500,179.49001,7176,326230000000,1.190,9
2226,2021-05-28 13:31:00.0000000,179.58990,179.59000,179.55000,179.58000,5775,326303000000,1.190,9
2227,2021-05-28 13:32:00.0000000,179.61501,179.61501,179.55499,179.57500,3552,326348000000,1.190,9
2228,2021-05-28 13:33:00.0000000,179.58580,179.61000,179.57001,179.61000,4260,326295000000,1.190,9
2229,2021-05-28 13:34:00.0000000,179.62160,179.67000,179.57001,179.59000,7182,326360000000,1.190,9
2230,2021-05-28 13:35:00.0000000,179.67000,179.69749,179.61501,179.61501,9713,326448000000,1.190,9
2231,2021-05-28 13:36:00.0000000,179.64500,179.70000,179.64500,179.67999,6347,326403000000,1.190,9
2232,2021-05-28 13:37:00.0000000,179.67000,179.68500,179.64000,179.64999,7103,326448000000,1.190,9
2233,2021-05-28 13:38:00.0000000,179.70500,179.70900,179.66000,179.67999,13272,326512000000,1.190,9
2234,2021-05-28 13:39:00.0000000,179.53999,179.70000,179.49001,179.70000,16404,326212000000,1.190,9
2235,2021-05-28 13:40:00.0000000,179.55499,179.57001,179.52000,179.52000,4627,326239000000,1.190,9
2236,2021-05-28 13:41:00.0000000,179.60460,179.64000,179.53000,179.53999,10019,326329000000,1.190,9
2237,2021-05-28 13:42:00.0000000,179.56000,179.64999,179.56000,179.61000,9852,326248000000,1.190,9
2238,2021-05-28 13:43:00.0000000,179.57001,179.58000,179.55000,179.55000,4680,326266000000,1.190,9
2239,2021-05-28 13:44:00.0000000,179.61000,179.64810,179.58000,179.58000,9481,326339000000,1.190,9
2240,2021-05-28 13:45:00.0000000,179.64110,179.65900,179.60001,179.61000,7139,326396000000,1.190,9
2241,2021-05-28 13:46:00.0000000,179.67500,179.67999,179.61000,179.64000,13249,326457000000,1.190,9
2242,2021-05-28 13:47:00.0000000,179.66000,179.69341,179.62410,179.67000,4227,326430000000,1.190,9
2243,2021-05-28 13:48:00.0000000,179.67999,179.67999,179.64000,179.64999,4906,326466000000,1.190,9
2244,2021-05-28 13:49:00.0000000,179.68500,179.71500,179.67000,179.67709,6748,326475000000,1.190,9
2245,2021-05-28 13:50:00.0000000,179.67000,179.70000,179.66000,179.67999,4670,326448000000,1.190,9
2246,2021-05-28 13:51:00.0000000,179.61000,179.67000,179.60001,179.67000,7141,326339000000,1.190,9
2247,2021-05-28 13:52:00.0000000,179.64999,179.65990,179.62000,179.62000,5373,326412000000,1.190,9
2248,2021-05-28 13:53:00.0000000,179.62000,179.65500,179.62000,179.64500,2174,326357000000,1.190,9
2249,2021-05-28 13:54:00.0000000,179.67000,179.67000,179.63000,179.64000,7078,326448000000,1.190,9
2250,2021-05-28 13:55:00.0000000,179.67999,179.71001,179.67999,179.67999,10587,326466000000,1.190,9
2251,2021-05-28 13:56:00.0000000,179.67999,179.70000,179.66000,179.67000,8399,326466000000,1.190,9
2252,2021-05-28 13:57:00.0000000,179.71500,179.72000,179.67999,179.70000,7486,326530000000,1.190,9
2253,2021-05-28 13:58:00.0000000,179.66000,179.72000,179.64999,179.72000,8100,326430000000,1.190,9
2254,2021-05-28 13:59:00.0000000,179.69000,179.71001,179.64999,179.66000,9689,326485000000,1.190,9
2255,2021-05-28 14:00:00.0000000,179.73000,179.78000,179.72000,179.72000,12408,326557000000,1.190,9
2256,2021-05-28 14:01:00.0000000,179.67000,179.75000,179.64999,179.74240,5421,326448000000,1.190,9
2257,2021-05-28 14:02:00.0000000,179.64500,179.69000,179.64500,179.64999,12321,326403000000,1.190,9
2258,2021-05-28 14:03:00.0000000,179.52000,179.63499,179.52000,179.63499,9816,326176000000,1.190,9
2259,2021-05-28 14:04:00.0000000,179.56619,179.58211,179.52000,179.52000,8528,326260000000,1.190,9
2260,2021-05-28 14:05:00.0000000,179.43040,179.56000,179.42999,179.56000,18938,326013000000,1.190,9
2261,2021-05-28 14:06:00.0000000,179.38000,179.42999,179.36000,179.42999,10019,325921000000,1.190,9
2262,2021-05-28 14:07:00.0000000,179.37000,179.41000,179.35001,179.39000,10425,325903000000,1.190,9
2263,2021-05-28 14:08:00.0000000,179.39000,179.39999,179.33000,179.37000,8626,325939000000,1.190,9
2264,2021-05-28 14:09:00.0000000,179.41000,179.48000,179.39999,179.39999,14039,325976000000,1.190,9
2265,2021-05-28 14:10:00.0000000,179.38000,179.39000,179.35500,179.39000,5680,325921000000,1.190,9
2266,2021-05-28 14:11:00.0000000,179.30000,179.38000,179.28000,179.37000,11277,325776000000,1.190,9
2267,2021-05-28 14:12:00.0000000,179.32001,179.32001,179.28999,179.31310,6255,325812000000,1.190,9
2268,2021-05-28 14:13:00.0000000,179.27000,179.31000,179.22000,179.31000,12461,325721000000,1.190,9
2269,2021-05-28 14:14:00.0000000,179.28000,179.30000,179.27000,179.27000,5495,325740000000,1.190,9
2270,2021-05-28 14:15:00.0000000,179.27000,179.28000,179.25011,179.27000,6722,325721000000,1.190,9
2271,2021-05-28 14:16:00.0000000,179.28999,179.33000,179.27000,179.27000,8840,325758000000,1.190,9
2272,2021-05-28 14:17:00.0000000,179.39600,179.41000,179.28999,179.28999,11233,325950000000,1.190,9
2273,2021-05-28 14:18:00.0000000,179.35001,179.39330,179.32001,179.39330,11069,325867000000,1.190,9
2274,2021-05-28 14:19:00.0000000,179.24500,179.36000,179.24001,179.36000,13920,325676000000,1.190,9
2275,2021-05-28 14:20:00.0000000,179.21989,179.31641,179.20000,179.24989,24433,325630000000,1.190,9
2276,2021-05-28 14:21:00.0000000,179.29500,179.29500,179.14000,179.20000,9709,325767000000,1.190,9
2277,2021-05-28 14:22:00.0000000,179.25000,179.30000,179.25000,179.30000,2168,325685000000,1.190,9
2278,2021-05-28 14:23:00.0000000,179.23000,179.28000,179.21001,179.23000,6613,325649000000,1.190,9
2279,2021-05-28 14:24:00.0000000,179.28999,179.28999,179.24001,179.24001,5568,325758000000,1.190,9
2280,2021-05-28 14:25:00.0000000,179.28999,179.32381,179.27180,179.27180,10406,325758000000,1.190,9
2281,2021-05-28 14:26:00.0000000,179.25999,179.30000,179.25500,179.27000,8987,325703000000,1.190,9
2282,2021-05-28 14:27:00.0000000,179.34790,179.36000,179.25000,179.27000,9581,325863000000,1.190,9
2283,2021-05-28 14:28:00.0000000,179.34000,179.37000,179.30000,179.34500,15255,325849000000,1.190,9
2284,2021-05-28 14:29:00.0000000,179.39000,179.39020,179.35001,179.36000,10587,325939000000,1.190,9
2285,2021-05-28 14:30:00.0000000,179.42999,179.42999,179.38000,179.38000,11325,326012000000,1.190,9
2286,2021-05-28 14:31:00.0000000,179.40800,179.41560,179.35370,179.41000,8688,325972000000,1.190,9
2287,2021-05-28 14:32:00.0000000,179.39000,179.45000,179.38000,179.41000,15036,325939000000,1.190,9
2288,2021-05-28 14:33:00.0000000,179.34500,179.44000,179.33000,179.39999,7438,325858000000,1.190,9
2289,2021-05-28 14:34:00.0000000,179.39999,179.39999,179.31000,179.35001,10147,325958000000,1.190,9
2290,2021-05-28 14:35:00.0000000,179.32001,179.41000,179.32001,179.41000,10086,325812000000,1.190,9
2291,2021-05-28 14:36:00.0000000,179.33501,179.36000,179.33000,179.33990,4919,325840000000,1.190,9
2292,2021-05-28 14:37:00.0000000,179.36501,179.37550,179.31000,179.33000,9648,325894000000,1.190,9
2293,2021-05-28 14:38:00.0000000,179.31000,179.39999,179.31000,179.38000,9891,325794000000,1.190,9
2294,2021-05-28 14:39:00.0000000,179.19000,179.28999,179.16000,179.28999,24561,325576000000,1.190,9
2295,2021-05-28 14:40:00.0000000,179.13499,179.19501,179.13499,179.19501,11731,325476000000,1.190,9
2296,2021-05-28 14:41:00.0000000,179.12500,179.14000,179.06000,179.13190,14973,325458000000,1.190,9
2297,2021-05-28 14:42:00.0000000,179.07500,179.12000,179.07001,179.12000,8395,325367000000,1.190,9
2298,2021-05-28 14:43:00.0000000,179.06000,179.10001,179.05499,179.07500,11418,325340000000,1.190,9
2299,2021-05-28 14:44:00.0000000,179.10001,179.10001,179.06000,179.07001,8008,325413000000,1.190,9
2300,2021-05-28 14:45:00.0000000,179.01500,179.09000,179.00999,179.09000,18212,325258000000,1.190,9
2301,2021-05-28 14:46:00.0000000,179.14000,179.14000,179.00999,179.01500,18602,325485000000,1.190,9
2302,2021-05-28 14:47:00.0000000,179.28999,179.32140,179.16991,179.17000,17545,325758000000,1.190,9
2303,2021-05-28 14:48:00.0000000,179.25999,179.28590,179.25000,179.27000,7512,325703000000,1.190,9
2304,2021-05-28 14:49:00.0000000,179.27240,179.27240,179.22000,179.24001,7461,325726000000,1.190,9
2305,2021-05-28 14:50:00.0000000,179.30000,179.32179,179.28999,179.28999,10567,325776000000,1.190,9
2306,2021-05-28 14:51:00.0000000,179.30499,179.34000,179.28999,179.30000,8038,325785000000,1.190,9
2307,2021-05-28 14:52:00.0000000,179.33000,179.35001,179.28000,179.28999,8205,325830000000,1.190,9
2308,2021-05-28 14:53:00.0000000,179.31500,179.36301,179.31000,179.34700,9487,325803000000,1.190,9
2309,2021-05-28 14:54:00.0000000,179.25999,179.32990,179.25999,179.32001,18299,325703000000,1.190,9
2310,2021-05-28 14:55:00.0000000,179.22000,179.25999,179.20000,179.25999,7851,325631000000,1.190,9
2311,2021-05-28 14:56:00.0000000,179.32001,179.32001,179.23000,179.23000,16188,325812000000,1.190,9
2312,2021-05-28 14:57:00.0000000,179.32001,179.36000,179.30000,179.31500,6566,325812000000,1.190,9
2313,2021-05-28 14:58:00.0000000,179.27000,179.35500,179.27000,179.32001,11579,325721000000,1.190,9
2314,2021-05-28 14:59:00.0000000,179.27000,179.32001,179.27000,179.28000,10872,325721000000,1.190,9
2315,2021-05-28 15:00:00.0000000,179.30000,179.30000,179.25000,179.27000,10751,325776000000,1.190,9
2316,2021-05-28 09:30:00.0000000,68.83500,69.17000,68.81000,69.08000,68870,51418987131,NULL,10
2317,2021-05-28 09:31:00.0000000,68.63000,68.86000,68.61000,68.86000,21647,51265853018,NULL,10
2318,2021-05-28 09:32:00.0000000,68.70000,68.75000,68.67000,68.67000,5667,51318142020,NULL,10
2319,2021-05-28 09:33:00.0000000,68.80000,68.80000,68.52000,68.68000,21880,51392845480,NULL,10
2320,2021-05-28 09:34:00.0000000,68.97000,68.99000,68.69000,68.80500,9910,51519832242,NULL,10
2321,2021-05-28 09:35:00.0000000,68.99000,69.04000,68.90270,68.97000,7993,51534769514,NULL,10
2322,2021-05-28 09:36:00.0000000,68.67820,68.89000,68.67820,68.89000,11441,51301859767,NULL,10
2323,2021-05-28 09:37:00.0000000,68.59000,68.66000,68.56000,68.61000,4695,51235972774,NULL,10
2324,2021-05-28 09:38:00.0000000,68.43000,68.59000,68.41000,68.59000,11527,51116457498,NULL,10
2325,2021-05-28 09:39:00.0000000,68.60600,68.60600,68.48500,68.48500,9056,51247929431,NULL,10
2326,2021-05-28 09:40:00.0000000,68.42000,68.60000,68.42000,68.60000,6331,51108986012,NULL,10
2327,2021-05-28 09:41:00.0000000,68.36000,68.47000,68.36000,68.42500,9178,51064168496,NULL,10
2328,2021-05-28 09:42:00.0000000,68.35000,68.42840,68.35000,68.42000,2960,51056697010,NULL,10
2329,2021-05-28 09:43:00.0000000,68.46800,68.52000,68.37000,68.37000,6864,51144844585,NULL,10
2330,2021-05-28 09:44:00.0000000,68.52000,68.52000,68.46000,68.48000,4001,51183683772,NULL,10
2331,2021-05-28 09:45:00.0000000,68.46000,68.55880,68.41000,68.55180,4754,51138866256,NULL,10
2332,2021-05-28 09:46:00.0000000,68.50500,68.51000,68.43000,68.45500,5615,51172479393,NULL,10
2333,2021-05-28 09:47:00.0000000,68.37140,68.50000,68.37140,68.50000,9553,51072682912,NULL,10
2334,2021-05-28 09:48:00.0000000,68.61000,68.63000,68.40500,68.40500,8316,51250915746,NULL,10
2335,2021-05-28 09:49:00.0000000,68.61990,68.71000,68.61990,68.64000,9655,51258313144,NULL,10
2336,2021-05-28 09:50:00.0000000,68.67000,68.70000,68.59500,68.61000,7225,51295733262,NULL,10
2337,2021-05-28 09:51:00.0000000,68.53000,68.63000,68.53000,68.62000,2694,51191155258,NULL,10
2338,2021-05-28 09:52:00.0000000,68.58000,68.59000,68.51000,68.51000,7683,51228506988,NULL,10
2339,2021-05-28 09:53:00.0000000,68.59000,68.64000,68.56000,68.58500,6718,51235972774,NULL,10
2340,2021-05-28 09:54:00.0000000,68.55000,68.58000,68.51000,68.58000,4917,51206098230,NULL,10
2341,2021-05-28 09:55:00.0000000,68.58500,68.67000,68.58500,68.58500,7605,51232239881,NULL,10
2342,2021-05-28 09:56:00.0000000,68.61000,68.61000,68.51500,68.59000,8820,51250915746,NULL,10
2343,2021-05-28 09:57:00.0000000,68.58000,68.66000,68.56000,68.66000,3372,51228506988,NULL,10
2344,2021-05-28 09:58:00.0000000,68.62500,68.62500,68.57000,68.60000,4144,51262120125,NULL,10
2345,2021-05-28 09:59:00.0000000,68.61000,68.66000,68.57000,68.62500,16697,51250915746,NULL,10
2346,2021-05-28 10:00:00.0000000,68.53000,68.61500,68.52500,68.61500,6768,51191155258,NULL,10
2347,2021-05-28 10:01:00.0000000,68.51000,68.53000,68.41000,68.52000,6701,51176217986,NULL,10
2348,2021-05-28 10:02:00.0000000,68.47000,68.60000,68.47000,68.54850,11259,51146337742,NULL,10
2349,2021-05-28 10:03:00.0000000,68.58000,68.59000,68.50000,68.51000,3822,51228506988,NULL,10
2350,2021-05-28 10:04:00.0000000,68.59000,68.60000,68.55000,68.60000,9031,51235972774,NULL,10
2351,2021-05-28 10:05:00.0000000,68.48810,68.64000,68.48810,68.59000,6923,51159855945,NULL,10
2352,2021-05-28 10:06:00.0000000,68.41900,68.46000,68.38000,68.46000,6490,51108239434,NULL,10
2353,2021-05-28 10:07:00.0000000,68.38000,68.42000,68.35000,68.42000,6124,51079105768,NULL,10
2354,2021-05-28 10:08:00.0000000,68.35000,68.41000,68.34000,68.40000,6723,51056697010,NULL,10
2355,2021-05-28 10:09:00.0000000,68.37000,68.39000,68.31000,68.33000,4458,51071639982,NULL,10
2356,2021-05-28 10:10:00.0000000,68.41000,68.42500,68.39000,68.42500,6642,51101520226,NULL,10
2357,2021-05-28 10:11:00.0000000,68.32000,68.44000,68.31000,68.41000,6289,51034288252,NULL,10
2358,2021-05-28 10:12:00.0000000,68.29000,68.33000,68.27380,68.32000,6014,51011879494,NULL,10
2359,2021-05-28 10:13:00.0000000,68.34000,68.34000,68.28800,68.29000,4990,51049225524,NULL,10
2360,2021-05-28 10:14:00.0000000,68.30500,68.33000,68.29000,68.30010,4972,51023083873,NULL,10
2361,2021-05-28 10:15:00.0000000,68.15000,68.34000,68.15000,68.30500,20229,50907301490,NULL,10
2362,2021-05-28 10:16:00.0000000,68.18000,68.20000,68.16000,68.16000,12585,50929710248,NULL,10
2363,2021-05-28 10:17:00.0000000,68.16000,68.19000,68.14000,68.18000,8477,50914772976,NULL,10
2364,2021-05-28 10:18:00.0000000,68.15000,68.20000,68.13100,68.13100,6322,50907301490,NULL,10
2365,2021-05-28 10:19:00.0000000,68.07500,68.11570,68.07000,68.11000,7161,50851273895,NULL,10
2366,2021-05-28 10:20:00.0000000,68.08000,68.08000,68.00000,68.06000,23537,50855012488,NULL,10
2367,2021-05-28 10:21:00.0000000,68.09160,68.14000,68.09160,68.09510,5436,50863675080,NULL,10
2368,2021-05-28 10:22:00.0000000,68.12000,68.17000,68.10000,68.14000,5886,50884892732,NULL,10
2369,2021-05-28 10:23:00.0000000,68.08010,68.10000,68.08000,68.10000,4748,50855086576,NULL,10
2370,2021-05-28 10:24:00.0000000,68.05000,68.09000,68.05000,68.08500,6059,50832603730,NULL,10
2371,2021-05-28 10:25:00.0000000,68.06000,68.12000,68.03010,68.03010,6623,50840069516,NULL,10
2372,2021-05-28 10:26:00.0000000,68.06500,68.08000,68.05000,68.06000,4508,50843808109,NULL,10
2373,2021-05-28 10:27:00.0000000,68.13160,68.16000,68.08000,68.08000,6232,50893555324,NULL,10
2374,2021-05-28 10:28:00.0000000,68.10010,68.12000,68.07000,68.10000,7262,50870023848,NULL,10
2375,2021-05-28 10:29:00.0000000,68.09500,68.12000,68.09500,68.11000,4188,50866216867,NULL,10
2376,2021-05-28 10:30:00.0000000,68.12000,68.17000,68.10000,68.10000,5048,50884892732,NULL,10
2377,2021-05-28 10:31:00.0000000,68.19000,68.19000,68.13000,68.13000,3986,50937181734,NULL,10
2378,2021-05-28 10:32:00.0000000,68.31000,68.31000,68.23000,68.23000,7680,51026816766,NULL,10
2379,2021-05-28 10:33:00.0000000,68.28500,68.32000,68.28000,68.30000,4965,51008146601,NULL,10
2380,2021-05-28 10:34:00.0000000,68.26550,68.28000,68.26000,68.28000,7338,50993579768,NULL,10
2381,2021-05-28 10:35:00.0000000,68.28000,68.28000,68.27000,68.27000,1914,51004408008,NULL,10
2382,2021-05-28 10:36:00.0000000,68.21000,68.30000,68.20000,68.29000,65798,50952119006,NULL,10
2383,2021-05-28 10:37:00.0000000,68.10000,68.21000,68.10000,68.21000,13013,50869949760,NULL,10
2384,2021-05-28 10:38:00.0000000,68.07000,68.10000,68.04000,68.10000,14360,50847541002,NULL,10
2385,2021-05-28 10:39:00.0000000,68.07000,68.10000,68.04510,68.05000,4346,50847541002,NULL,10
2386,2021-05-28 10:40:00.0000000,68.16000,68.20000,68.07000,68.07000,5754,50914772976,NULL,10
2387,2021-05-28 10:41:00.0000000,68.10000,68.15000,68.10000,68.15000,16325,50869949760,NULL,10
2388,2021-05-28 10:42:00.0000000,68.13000,68.13000,68.07560,68.09000,4133,50892358518,NULL,10
2389,2021-05-28 10:43:00.0000000,68.16000,68.16000,68.13790,68.14950,6166,50914772976,NULL,10
2390,2021-05-28 10:44:00.0000000,68.19000,68.19000,68.15000,68.15000,3877,50937181734,NULL,10
2391,2021-05-28 10:45:00.0000000,68.22000,68.23840,68.18000,68.18000,4811,50959590492,NULL,10
2392,2021-05-28 10:46:00.0000000,68.21000,68.21000,68.19000,68.21000,4436,50952119006,NULL,10
2393,2021-05-28 10:47:00.0000000,68.23000,68.23500,68.17500,68.19000,5399,50967061978,NULL,10
2394,2021-05-28 10:48:00.0000000,68.20000,68.23000,68.20000,68.22000,5260,50944647520,NULL,10
2395,2021-05-28 10:49:00.0000000,68.17000,68.19500,68.16270,68.19500,2186,50922238762,NULL,10
2396,2021-05-28 10:50:00.0000000,68.16500,68.21000,68.16500,68.17500,2218,50918505869,NULL,10
2397,2021-05-28 10:51:00.0000000,68.15000,68.19500,68.14000,68.17000,7249,50907301490,NULL,10
2398,2021-05-28 10:52:00.0000000,68.16000,68.16000,68.15500,68.15500,1769,50914772976,NULL,10
2399,2021-05-28 10:53:00.0000000,68.15000,68.16840,68.14000,68.14000,1918,50907301490,NULL,10
2400,2021-05-28 10:54:00.0000000,68.18000,68.19500,68.15500,68.15500,5287,50929710248,NULL,10
2401,2021-05-28 10:55:00.0000000,68.28000,68.28500,68.16500,68.17000,7823,51004408008,NULL,10
2402,2021-05-28 10:56:00.0000000,68.21500,68.26500,68.21500,68.26000,6114,50955851899,NULL,10
2403,2021-05-28 10:57:00.0000000,68.26000,68.26000,68.19500,68.21000,5308,50989470736,NULL,10
2404,2021-05-28 10:58:00.0000000,68.25000,68.27000,68.23500,68.27000,5047,50981999250,NULL,10
2405,2021-05-28 10:59:00.0000000,68.17000,68.25000,68.17000,68.25000,9126,50922238762,NULL,10
2406,2021-05-28 11:00:00.0000000,68.18000,68.20000,68.17000,68.17000,4532,50929710248,NULL,10
2407,2021-05-28 11:01:00.0000000,68.19010,68.20000,68.14000,68.18500,6180,50937255822,NULL,10
2408,2021-05-28 11:02:00.0000000,68.23000,68.23000,68.16000,68.17000,5090,50967061978,NULL,10
2409,2021-05-28 11:03:00.0000000,68.23000,68.25500,68.22000,68.22500,6296,50967061978,NULL,10
2410,2021-05-28 11:04:00.0000000,68.24000,68.25000,68.21000,68.22000,7097,50974527764,NULL,10
2411,2021-05-28 11:05:00.0000000,68.25000,68.29000,68.24000,68.27000,6571,50981999250,NULL,10
2412,2021-05-28 11:06:00.0000000,68.25000,68.27000,68.23500,68.25000,7172,50981999250,NULL,10
2413,2021-05-28 11:07:00.0000000,68.25000,68.25500,68.23000,68.24010,11572,50981999250,NULL,10
2414,2021-05-28 11:08:00.0000000,68.24000,68.27000,68.21000,68.24000,9286,50974527764,NULL,10
2415,2021-05-28 11:09:00.0000000,68.24000,68.25000,68.23500,68.24000,4628,50974527764,NULL,10
2416,2021-05-28 11:10:00.0000000,68.22000,68.25000,68.21000,68.24000,10468,50959590492,NULL,10
2417,2021-05-28 11:11:00.0000000,68.22000,68.23490,68.21000,68.22000,5505,50959590492,NULL,10
2418,2021-05-28 11:12:00.0000000,68.20000,68.26000,68.20000,68.23800,7214,50944647520,NULL,10
2419,2021-05-28 11:13:00.0000000,68.19000,68.21000,68.16000,68.20000,12260,50937181734,NULL,10
2420,2021-05-28 11:14:00.0000000,68.21630,68.21760,68.17000,68.18000,1874,50956826441,NULL,10
2421,2021-05-28 11:15:00.0000000,68.30000,68.30500,68.22000,68.22000,3978,51019350980,NULL,10
2422,2021-05-28 11:16:00.0000000,68.27000,68.28350,68.24500,68.28350,3007,50996936522,NULL,10
2423,2021-05-28 11:17:00.0000000,68.30000,68.30900,68.27000,68.27500,6760,51019350980,NULL,10
2424,2021-05-28 11:18:00.0000000,68.28000,68.31500,68.28000,68.31000,3603,51004408008,NULL,10
2425,2021-05-28 11:19:00.0000000,68.28000,68.30000,68.28000,68.29000,6120,51004408008,NULL,10
2426,2021-05-28 11:20:00.0000000,68.31000,68.31000,68.30000,68.30000,1881,51026816766,NULL,10
2427,2021-05-28 11:21:00.0000000,68.30000,68.33000,68.30000,68.31000,4328,51019350980,NULL,10
2428,2021-05-28 11:22:00.0000000,68.24000,68.28000,68.22500,68.28000,7920,50974527764,NULL,10
2429,2021-05-28 11:23:00.0000000,68.28000,68.30500,68.23500,68.23500,4283,51004408008,NULL,10
2430,2021-05-28 11:24:00.0000000,68.27500,68.29000,68.27500,68.27500,4727,51000675115,NULL,10
2431,2021-05-28 11:25:00.0000000,68.30000,68.30500,68.27500,68.27500,5014,51019350980,NULL,10
2432,2021-05-28 11:26:00.0000000,68.24000,68.29020,68.24000,68.29000,7254,50974527764,NULL,10
2433,2021-05-28 11:27:00.0000000,68.24500,68.25500,68.23000,68.24000,6353,50978266357,NULL,10
2434,2021-05-28 11:28:00.0000000,68.26850,68.26850,68.21000,68.23000,15840,50995819504,NULL,10
2435,2021-05-28 11:29:00.0000000,68.31000,68.31000,68.27010,68.27500,3370,51026816766,NULL,10
2436,2021-05-28 11:30:00.0000000,68.26000,68.33000,68.25500,68.32000,7326,50989470736,NULL,10
2437,2021-05-28 11:31:00.0000000,68.17000,68.26500,68.17000,68.26500,6173,50922238762,NULL,10
2438,2021-05-28 11:32:00.0000000,68.10000,68.18000,68.09000,68.18000,18959,50869949760,NULL,10
2439,2021-05-28 11:33:00.0000000,68.08000,68.10000,68.08000,68.10000,6113,50855012488,NULL,10
2440,2021-05-28 11:34:00.0000000,68.09000,68.11000,68.06000,68.07000,8379,50862478274,NULL,10
2441,2021-05-28 11:35:00.0000000,68.09460,68.10500,68.07000,68.10500,5542,50865914816,NULL,10
2442,2021-05-28 11:36:00.0000000,67.94000,68.13000,67.71000,68.09000,261295,50750434484,NULL,10
2443,2021-05-28 11:37:00.0000000,67.91000,67.96000,67.87000,67.94490,32840,50728025726,NULL,10
2444,2021-05-28 11:38:00.0000000,67.94000,67.94000,67.90860,67.91000,24424,50750434484,NULL,10
2445,2021-05-28 11:39:00.0000000,67.98000,67.99000,67.94000,67.95000,5384,50780314728,NULL,10
2446,2021-05-28 11:40:00.0000000,67.94000,67.97000,67.92000,67.97000,11851,50750434484,NULL,10
2447,2021-05-28 11:41:00.0000000,67.94000,67.98000,67.92000,67.95000,9498,50750434484,NULL,10
2448,2021-05-28 11:42:00.0000000,67.96000,67.96500,67.93000,67.94000,7967,50765371756,NULL,10
2449,2021-05-28 11:43:00.0000000,67.92000,67.95000,67.91000,67.95000,7608,50735491512,NULL,10
2450,2021-05-28 11:44:00.0000000,67.91830,67.93500,67.91000,67.92000,2626,50734220619,NULL,10
2451,2021-05-28 11:45:00.0000000,67.93000,67.96000,67.90000,67.91000,9609,50742962998,NULL,10
2452,2021-05-28 11:46:00.0000000,67.93840,67.93840,67.91000,67.93000,8283,50749237678,NULL,10
2453,2021-05-28 11:47:00.0000000,67.99000,68.00000,67.93500,67.93500,11257,50787780514,NULL,10
2454,2021-05-28 11:48:00.0000000,67.93500,67.97000,67.92500,67.97000,9721,50746695891,NULL,10
2455,2021-05-28 11:49:00.0000000,67.95500,67.96000,67.92000,67.94000,7082,50761638863,NULL,10
2456,2021-05-28 11:50:00.0000000,67.96500,67.97500,67.94000,67.95000,8128,50769104649,NULL,10
2457,2021-05-28 11:51:00.0000000,67.95000,67.97000,67.92500,67.96500,6974,50757900270,NULL,10
2458,2021-05-28 11:52:00.0000000,67.95000,67.96000,67.94000,67.94950,7909,50757900270,NULL,10
2459,2021-05-28 11:53:00.0000000,67.91000,67.95010,67.90000,67.95000,5271,50728025726,NULL,10
2460,2021-05-28 11:54:00.0000000,67.94000,67.94000,67.90500,67.90710,5473,50750434484,NULL,10
2461,2021-05-28 11:55:00.0000000,67.95000,67.95180,67.94500,67.94500,2978,50757900270,NULL,10
2462,2021-05-28 11:56:00.0000000,67.94000,67.94500,67.92500,67.94000,9008,50750434484,NULL,10
2463,2021-05-28 11:57:00.0000000,67.92990,67.94000,67.90500,67.94000,7870,50742888910,NULL,10
2464,2021-05-28 11:58:00.0000000,67.96000,67.96000,67.93000,67.93000,4479,50765371756,NULL,10
2465,2021-05-28 11:59:00.0000000,67.98000,68.03000,67.96000,67.96000,24197,50780314728,NULL,10
2466,2021-05-28 12:00:00.0000000,67.92000,67.98000,67.92000,67.97000,8042,50735491512,NULL,10
2467,2021-05-28 12:01:00.0000000,67.93300,67.93500,67.92000,67.93000,5050,50745202734,NULL,10
2468,2021-05-28 12:02:00.0000000,67.98000,67.98000,67.93500,67.93500,9679,50780314728,NULL,10
2469,2021-05-28 12:03:00.0000000,67.96000,68.01500,67.96000,67.99000,5641,50765371756,NULL,10
2470,2021-05-28 12:04:00.0000000,67.98620,67.99000,67.95300,67.95500,2677,50784942376,NULL,10
2471,2021-05-28 12:05:00.0000000,67.99000,67.99840,67.98000,67.99000,9149,50787780514,NULL,10
2472,2021-05-28 12:06:00.0000000,67.95000,67.98500,67.95000,67.97000,4225,50757900270,NULL,10
2473,2021-05-28 12:07:00.0000000,67.98000,67.98000,67.95000,67.96000,2527,50780314728,NULL,10
2474,2021-05-28 12:08:00.0000000,67.98000,67.98000,67.97000,67.97000,2519,50780314728,NULL,10
2475,2021-05-28 12:09:00.0000000,67.99500,67.99500,67.97360,67.97360,5235,50791519107,NULL,10
2476,2021-05-28 12:10:00.0000000,67.98000,68.01000,67.97000,68.00000,6269,50780314728,NULL,10
2477,2021-05-28 12:11:00.0000000,68.00000,68.00000,67.99000,67.99000,2595,50795252000,NULL,10
2478,2021-05-28 12:12:00.0000000,68.01010,68.01010,68.00000,68.01000,3987,50802797574,NULL,10
2479,2021-05-28 12:13:00.0000000,68.00000,68.03000,68.00000,68.02000,5556,50795252000,NULL,10
2480,2021-05-28 12:14:00.0000000,68.01500,68.02000,67.99000,67.99500,3308,50806456379,NULL,10
2481,2021-05-28 12:15:00.0000000,68.01000,68.02000,67.99500,68.02000,8157,50802723486,NULL,10
2482,2021-05-28 12:16:00.0000000,68.02000,68.03000,67.98000,68.00000,7572,50810189272,NULL,10
2483,2021-05-28 12:17:00.0000000,68.02000,68.02000,68.01000,68.02000,1771,50810189272,NULL,10
2484,2021-05-28 12:18:00.0000000,68.03000,68.05000,68.01500,68.01500,6374,50817660758,NULL,10
2485,2021-05-28 12:19:00.0000000,68.07000,68.07000,68.03000,68.03000,4832,50847541002,NULL,10
2486,2021-05-28 12:20:00.0000000,68.09000,68.10000,68.07500,68.08000,5416,50862478274,NULL,10
2487,2021-05-28 12:21:00.0000000,68.10820,68.10820,68.09000,68.09000,8978,50876076265,NULL,10
2488,2021-05-28 12:22:00.0000000,68.15000,68.15000,68.10500,68.10500,2503,50907301490,NULL,10
2489,2021-05-28 12:23:00.0000000,68.17000,68.17000,68.12500,68.13740,4262,50922238762,NULL,10
2490,2021-05-28 12:24:00.0000000,68.13000,68.17500,68.13000,68.15500,5577,50892358518,NULL,10
2491,2021-05-28 12:25:00.0000000,68.13000,68.13000,68.10000,68.11000,7101,50892358518,NULL,10
2492,2021-05-28 12:26:00.0000000,68.12000,68.12000,68.11540,68.12000,1275,50884892732,NULL,10
2493,2021-05-28 12:27:00.0000000,68.09100,68.11000,68.08000,68.11000,4055,50863230552,NULL,10
2494,2021-05-28 12:28:00.0000000,68.12000,68.13500,68.10000,68.10000,4664,50884892732,NULL,10
2495,2021-05-28 12:29:00.0000000,68.10000,68.13000,68.09000,68.12000,3907,50869949760,NULL,10
2496,2021-05-28 12:30:00.0000000,68.10500,68.11000,68.08000,68.10000,5683,50873688353,NULL,10
2497,2021-05-28 12:31:00.0000000,68.10000,68.11000,68.09030,68.11000,3754,50869949760,NULL,10
2498,2021-05-28 12:32:00.0000000,68.11000,68.12000,68.10000,68.10000,3993,50877421246,NULL,10
2499,2021-05-28 12:33:00.0000000,68.06040,68.10000,68.04000,68.10000,11001,50840371567,NULL,10
2500,2021-05-28 12:34:00.0000000,68.07000,68.07000,68.06000,68.06000,3048,50847541002,NULL,10
2501,2021-05-28 12:35:00.0000000,68.06000,68.07500,68.05810,68.05810,2409,50840069516,NULL,10
2502,2021-05-28 12:36:00.0000000,68.03000,68.04000,68.02500,68.03000,4554,50817660758,NULL,10
2503,2021-05-28 12:37:00.0000000,68.02000,68.04000,68.01000,68.04000,8000,50810189272,NULL,10
2504,2021-05-28 12:38:00.0000000,68.02000,68.03000,68.01000,68.01000,3563,50810189272,NULL,10
2505,2021-05-28 12:39:00.0000000,68.03080,68.04000,68.00770,68.02000,6090,50818259161,NULL,10
2506,2021-05-28 12:40:00.0000000,68.05500,68.05500,68.02500,68.04000,6509,50836336623,NULL,10
2507,2021-05-28 12:41:00.0000000,68.05000,68.06500,68.03000,68.06500,3964,50832603730,NULL,10
2508,2021-05-28 12:42:00.0000000,68.08000,68.08000,68.05000,68.05000,1705,50855012488,NULL,10
2509,2021-05-28 12:43:00.0000000,68.09500,68.10000,68.08000,68.08000,5466,50866216867,NULL,10
2510,2021-05-28 12:44:00.0000000,68.09740,68.11000,68.08000,68.10000,6288,50868006376,NULL,10
2511,2021-05-28 12:45:00.0000000,68.07000,68.08000,68.06990,68.08000,6568,50847541002,NULL,10
2512,2021-05-28 12:46:00.0000000,68.11500,68.12000,68.08000,68.08000,4006,50881154139,NULL,10
2513,2021-05-28 12:47:00.0000000,68.10000,68.13000,68.10000,68.11000,4646,50869949760,NULL,10
2514,2021-05-28 12:48:00.0000000,68.05000,68.11000,68.04000,68.10000,8895,50832603730,NULL,10
2515,2021-05-28 12:49:00.0000000,68.07840,68.07840,68.04000,68.06000,4187,50853815682,NULL,10
2516,2021-05-28 12:50:00.0000000,68.08000,68.09000,68.07420,68.07420,4058,50855012488,NULL,10
2517,2021-05-28 12:51:00.0000000,68.08000,68.08500,68.07000,68.08500,3269,50855012488,NULL,10
2518,2021-05-28 12:52:00.0000000,68.07010,68.10500,68.07000,68.08000,7458,50847615090,NULL,10
2519,2021-05-28 12:53:00.0000000,68.07000,68.08000,68.07000,68.08000,4123,50847541002,NULL,10
2520,2021-05-28 12:54:00.0000000,68.10500,68.10500,68.08000,68.08000,1727,50873688353,NULL,10
2521,2021-05-28 12:55:00.0000000,68.11000,68.11000,68.09860,68.10000,2938,50877421246,NULL,10
2522,2021-05-28 12:56:00.0000000,68.11000,68.12000,68.10030,68.11000,3181,50877421246,NULL,10
2523,2021-05-28 12:57:00.0000000,68.11000,68.11000,68.10000,68.10500,3434,50877421246,NULL,10
2524,2021-05-28 12:58:00.0000000,68.12500,68.12500,68.10000,68.11000,3238,50888625625,NULL,10
2525,2021-05-28 12:59:00.0000000,68.12000,68.12500,68.11000,68.11500,1453,50884892732,NULL,10
2526,2021-05-28 13:00:00.0000000,68.11000,68.13000,68.10000,68.11000,4636,50877421246,NULL,10
2527,2021-05-28 13:01:00.0000000,68.12500,68.13500,68.12000,68.12000,2262,50888625625,NULL,10
2528,2021-05-28 13:02:00.0000000,68.12000,68.14000,68.11870,68.13500,3070,50884892732,NULL,10
2529,2021-05-28 13:03:00.0000000,68.12500,68.12500,68.12010,68.12500,977,50888625625,NULL,10
2530,2021-05-28 13:04:00.0000000,68.15000,68.15500,68.13000,68.13000,3788,50907301490,NULL,10
2531,2021-05-28 13:05:00.0000000,68.17000,68.18000,68.16000,68.16000,3528,50922238762,NULL,10
2532,2021-05-28 13:06:00.0000000,68.17500,68.17500,68.17500,68.17500,807,50925977355,NULL,10
2533,2021-05-28 13:07:00.0000000,68.19000,68.19000,68.17000,68.17500,3905,50937181734,NULL,10
2534,2021-05-28 13:08:00.0000000,68.18000,68.18990,68.16010,68.18990,2868,50929710248,NULL,10
2535,2021-05-28 13:09:00.0000000,68.18300,68.19000,68.18000,68.18000,4198,50931949984,NULL,10
2536,2021-05-28 13:10:00.0000000,68.18000,68.19000,68.17000,68.18000,2299,50929710248,NULL,10
2537,2021-05-28 13:11:00.0000000,68.18500,68.18500,68.18000,68.18000,2640,50933443141,NULL,10
2538,2021-05-28 13:12:00.0000000,68.17000,68.17000,68.15000,68.17000,5360,50922238762,NULL,10
2539,2021-05-28 13:13:00.0000000,68.15500,68.16000,68.15000,68.16000,2087,50911034383,NULL,10
2540,2021-05-28 13:14:00.0000000,68.15500,68.16000,68.13500,68.16000,3175,50911034383,NULL,10
2541,2021-05-28 13:15:00.0000000,68.17000,68.17000,68.15000,68.15000,4304,50922238762,NULL,10
2542,2021-05-28 13:16:00.0000000,68.22500,68.24500,68.16000,68.16000,7480,50963323385,NULL,10
2543,2021-05-28 13:17:00.0000000,68.25500,68.26000,68.22500,68.24000,5244,50985732143,NULL,10
2544,2021-05-28 13:18:00.0000000,68.23000,68.25000,68.22000,68.25000,7763,50967061978,NULL,10
2545,2021-05-28 13:19:00.0000000,68.27000,68.27340,68.22780,68.22780,5086,50996936522,NULL,10
2546,2021-05-28 13:20:00.0000000,68.28000,68.28500,68.26000,68.26000,2114,51004408008,NULL,10
2547,2021-05-28 13:21:00.0000000,68.28000,68.30000,68.26000,68.27000,5260,51004408008,NULL,10
2548,2021-05-28 13:22:00.0000000,68.26000,68.29000,68.26000,68.29000,4069,50989470736,NULL,10
2549,2021-05-28 13:23:00.0000000,68.27000,68.29500,68.26000,68.27000,3387,50996936522,NULL,10
2550,2021-05-28 13:24:00.0000000,68.31940,68.31940,68.26500,68.26500,3323,51033838025,NULL,10
2551,2021-05-28 13:25:00.0000000,68.31000,68.33000,68.30000,68.31000,2026,51026816766,NULL,10
2552,2021-05-28 13:26:00.0000000,68.32000,68.32000,68.30000,68.30000,2477,51034288252,NULL,10
2553,2021-05-28 13:27:00.0000000,68.33500,68.33500,68.31000,68.31000,3161,51045492631,NULL,10
2554,2021-05-28 13:28:00.0000000,68.33990,68.33990,68.32500,68.32500,1714,51049151436,NULL,10
2555,2021-05-28 13:29:00.0000000,68.37860,68.38000,68.33000,68.34000,10375,51078062838,NULL,10
2556,2021-05-28 13:30:00.0000000,68.36000,68.39000,68.34350,68.39000,3624,51064168496,NULL,10
2557,2021-05-28 13:31:00.0000000,68.38500,68.39000,68.36000,68.37000,4952,51082844361,NULL,10
2558,2021-05-28 13:32:00.0000000,68.40500,68.40500,68.37500,68.39000,8654,51097781633,NULL,10
2559,2021-05-28 13:33:00.0000000,68.40000,68.40500,68.39000,68.39000,4690,51094048740,NULL,10
2560,2021-05-28 13:34:00.0000000,68.36000,68.38000,68.36000,68.38000,1650,51064168496,NULL,10
2561,2021-05-28 13:35:00.0000000,68.35500,68.36000,68.34000,68.34000,3301,51060435603,NULL,10
2562,2021-05-28 13:36:00.0000000,68.37000,68.37000,68.35160,68.35160,2315,51071639982,NULL,10
2563,2021-05-28 13:37:00.0000000,68.35310,68.39500,68.34500,68.38000,3560,51059016533,NULL,10
2564,2021-05-28 13:38:00.0000000,68.38000,68.38000,68.36000,68.36000,3044,51079105768,NULL,10
2565,2021-05-28 13:39:00.0000000,68.38500,68.39000,68.37000,68.38200,3762,51082844361,NULL,10
2566,2021-05-28 13:40:00.0000000,68.38000,68.39000,68.37000,68.38000,4128,51079105768,NULL,10
2567,2021-05-28 13:41:00.0000000,68.36110,68.38000,68.36000,68.38000,3606,51064989163,NULL,10
2568,2021-05-28 13:42:00.0000000,68.39000,68.39000,68.37000,68.37000,1672,51086577254,NULL,10
2569,2021-05-28 13:43:00.0000000,68.38500,68.39670,68.38000,68.39000,2702,51082844361,NULL,10
2570,2021-05-28 13:44:00.0000000,68.42500,68.42500,68.39000,68.39000,2559,51112724605,NULL,10
2571,2021-05-28 13:45:00.0000000,68.43000,68.44000,68.42000,68.44000,5325,51116457498,NULL,10
2572,2021-05-28 13:46:00.0000000,68.46000,68.47000,68.42000,68.42000,4314,51138866256,NULL,10
2573,2021-05-28 13:47:00.0000000,68.45000,68.47000,68.43000,68.43100,3070,51131394770,NULL,10
2574,2021-05-28 13:48:00.0000000,68.45240,68.46000,68.45000,68.45000,1663,51133189979,NULL,10
2575,2021-05-28 13:49:00.0000000,68.46820,68.48000,68.46000,68.46000,1336,51144992760,NULL,10
2576,2021-05-28 13:50:00.0000000,68.44000,68.46000,68.44000,68.46000,3061,51123928984,NULL,10
2577,2021-05-28 13:51:00.0000000,68.44000,68.44000,68.41000,68.43180,3746,51123928984,NULL,10
2578,2021-05-28 13:52:00.0000000,68.44000,68.46000,68.44000,68.45000,4763,51123928984,NULL,10
2579,2021-05-28 13:53:00.0000000,68.45500,68.45500,68.45500,68.45500,107,51135133363,NULL,10
2580,2021-05-28 13:54:00.0000000,68.44000,68.45500,68.43000,68.45500,3069,51123928984,NULL,10
2581,2021-05-28 13:55:00.0000000,68.45000,68.45500,68.43000,68.43000,2908,51131394770,NULL,10
2582,2021-05-28 13:56:00.0000000,68.44800,68.45500,68.43350,68.45500,1814,51129901613,NULL,10
2583,2021-05-28 13:57:00.0000000,68.42500,68.44000,68.41380,68.44000,3339,51112724605,NULL,10
2584,2021-05-28 13:58:00.0000000,68.42840,68.44000,68.42000,68.42000,2256,51115260692,NULL,10
2585,2021-05-28 13:59:00.0000000,68.43000,68.44000,68.42500,68.43000,2363,51116457498,NULL,10
2586,2021-05-28 14:00:00.0000000,68.44000,68.44000,68.42010,68.43000,3214,51123928984,NULL,10
2587,2021-05-28 14:01:00.0000000,68.43010,68.45000,68.43010,68.44000,3394,51116531586,NULL,10
2588,2021-05-28 14:02:00.0000000,68.46000,68.47000,68.44000,68.44000,4082,51138866256,NULL,10
2589,2021-05-28 14:03:00.0000000,68.48000,68.49000,68.47000,68.47000,2395,51153809228,NULL,10
2590,2021-05-28 14:04:00.0000000,68.46000,68.48000,68.46000,68.48000,1575,51138866256,NULL,10
2591,2021-05-28 14:05:00.0000000,68.50000,68.50000,68.45000,68.46000,6168,51168746500,NULL,10
2592,2021-05-28 14:06:00.0000000,68.44000,68.48500,68.43000,68.48000,3984,51123928984,NULL,10
2593,2021-05-28 14:07:00.0000000,68.42000,68.43000,68.42000,68.43000,2477,51108986012,NULL,10
2594,2021-05-28 14:08:00.0000000,68.40000,68.43000,68.38000,68.42500,12155,51094048740,NULL,10
2595,2021-05-28 14:09:00.0000000,68.41500,68.41500,68.40260,68.41000,2356,51105253119,NULL,10
2596,2021-05-28 14:10:00.0000000,68.39000,68.41000,68.38500,68.41000,3838,51086577254,NULL,10
2597,2021-05-28 14:11:00.0000000,68.36000,68.39000,68.36000,68.38000,1934,51064168496,NULL,10
2598,2021-05-28 14:12:00.0000000,68.33000,68.36980,68.33000,68.35000,4001,51041759738,NULL,10
2599,2021-05-28 14:13:00.0000000,68.31000,68.33000,68.30000,68.33000,7586,51026816766,NULL,10
2600,2021-05-28 14:14:00.0000000,68.33000,68.33000,68.31000,68.31500,3641,51041759738,NULL,10
2601,2021-05-28 14:15:00.0000000,68.32500,68.32940,68.31000,68.31500,4492,51038021145,NULL,10
2602,2021-05-28 14:16:00.0000000,68.33500,68.35000,68.32500,68.33000,5044,51045492631,NULL,10
2603,2021-05-28 14:17:00.0000000,68.35000,68.35000,68.33000,68.33000,2053,51056697010,NULL,10
2604,2021-05-28 14:18:00.0000000,68.40000,68.40000,68.34500,68.35000,6145,51094048740,NULL,10
2605,2021-05-28 14:19:00.0000000,68.38210,68.38500,68.38000,68.38000,1688,51080678713,NULL,10
2606,2021-05-28 14:20:00.0000000,68.40000,68.41000,68.37000,68.38000,8577,51094048740,NULL,10
2607,2021-05-28 14:21:00.0000000,68.38000,68.38610,68.37500,68.38000,4796,51079105768,NULL,10
2608,2021-05-28 14:22:00.0000000,68.37000,68.38000,68.36500,68.37500,3225,51071639982,NULL,10
2609,2021-05-28 14:23:00.0000000,68.36000,68.37000,68.35490,68.36500,3165,51064168496,NULL,10
2610,2021-05-28 14:24:00.0000000,68.36000,68.37500,68.34000,68.37000,7064,51064168496,NULL,10
2611,2021-05-28 14:25:00.0000000,68.35000,68.36000,68.34000,68.36000,6897,51056697010,NULL,10
2612,2021-05-28 14:26:00.0000000,68.32000,68.34000,68.31000,68.34000,3298,51034288252,NULL,10
2613,2021-05-28 14:27:00.0000000,68.33500,68.34000,68.30000,68.30000,8438,51045492631,NULL,10
2614,2021-05-28 14:28:00.0000000,68.38000,68.38000,68.32500,68.32500,4115,51079105768,NULL,10
2615,2021-05-28 14:29:00.0000000,68.38000,68.39000,68.36500,68.37500,5413,51079105768,NULL,10
2616,2021-05-28 14:30:00.0000000,68.35990,68.37860,68.35000,68.37860,4921,51064094408,NULL,10
2617,2021-05-28 14:31:00.0000000,68.34000,68.35000,68.32000,68.35000,4624,51049225524,NULL,10
2618,2021-05-28 14:32:00.0000000,68.32000,68.33000,68.30500,68.32880,5569,51034288252,NULL,10
2619,2021-05-28 14:33:00.0000000,68.30500,68.32500,68.29500,68.31590,3741,51023083873,NULL,10
2620,2021-05-28 14:34:00.0000000,68.31000,68.31000,68.30500,68.30500,3150,51026816766,NULL,10
2621,2021-05-28 14:35:00.0000000,68.31280,68.33500,68.30000,68.30500,7562,51028908326,NULL,10
2622,2021-05-28 14:36:00.0000000,68.33260,68.34000,68.31500,68.31500,4709,51043703122,NULL,10
2623,2021-05-28 14:37:00.0000000,68.34500,68.35000,68.33500,68.34000,2008,51052964117,NULL,10
2624,2021-05-28 14:38:00.0000000,68.37500,68.38000,68.35000,68.35000,3734,51075372875,NULL,10
2625,2021-05-28 14:39:00.0000000,68.36500,68.38000,68.36000,68.37500,5414,51067901389,NULL,10
2626,2021-05-28 14:40:00.0000000,68.38500,68.38500,68.37000,68.37000,1627,51082844361,NULL,10
2627,2021-05-28 14:41:00.0000000,68.37000,68.38000,68.35500,68.38000,4266,51071639982,NULL,10
2628,2021-05-28 14:42:00.0000000,68.37000,68.39500,68.37000,68.37500,4867,51071639982,NULL,10
2629,2021-05-28 14:43:00.0000000,68.37000,68.37500,68.36500,68.37170,2832,51071639982,NULL,10
2630,2021-05-28 14:44:00.0000000,68.38000,68.40000,68.37500,68.37500,4639,51079105768,NULL,10
2631,2021-05-28 14:45:00.0000000,68.37490,68.38500,68.36500,68.37500,4562,51075298787,NULL,10
2632,2021-05-28 14:46:00.0000000,68.37000,68.38000,68.37000,68.37500,1972,51071639982,NULL,10
2633,2021-05-28 14:47:00.0000000,68.38000,68.38000,68.35500,68.36000,6515,51079105768,NULL,10
2634,2021-05-28 14:48:00.0000000,68.38500,68.38500,68.37000,68.37000,2062,51082844361,NULL,10
2635,2021-05-28 14:49:00.0000000,68.36500,68.38000,68.36000,68.37000,4080,51067901389,NULL,10
2636,2021-05-28 14:50:00.0000000,68.38500,68.38500,68.35500,68.36000,4492,51082844361,NULL,10
2637,2021-05-28 14:51:00.0000000,68.38500,68.38500,68.37100,68.38000,2944,51082844361,NULL,10
2638,2021-05-28 14:52:00.0000000,68.41000,68.43000,68.39500,68.39500,5952,51101520226,NULL,10
2639,2021-05-28 14:53:00.0000000,68.41000,68.43000,68.41000,68.41300,3767,51101520226,NULL,10
2640,2021-05-28 14:54:00.0000000,68.42000,68.43000,68.41000,68.41000,2969,51108986012,NULL,10
2641,2021-05-28 14:55:00.0000000,68.42000,68.44000,68.41500,68.42500,4355,51108986012,NULL,10
2642,2021-05-28 14:56:00.0000000,68.41500,68.43000,68.41000,68.42000,5126,51105253119,NULL,10
2643,2021-05-28 14:57:00.0000000,68.43000,68.43500,68.42000,68.42000,7573,51116457498,NULL,10
2644,2021-05-28 14:58:00.0000000,68.42000,68.45000,68.42000,68.43500,6053,51108986012,NULL,10
2645,2021-05-28 14:59:00.0000000,68.40500,68.43000,68.40500,68.42500,3927,51097781633,NULL,10
2646,2021-05-28 15:00:00.0000000,68.47000,68.47000,68.39000,68.40000,6703,51146337742,NULL,10
2647,2021-05-28 09:30:00.0000000,371.23999,372.37000,370.70001,372.00000,58818,126302000000,1.500,11
2648,2021-05-28 09:31:00.0000000,370.05200,370.84000,369.82999,370.70001,12035,125898000000,1.500,11
2649,2021-05-28 09:32:00.0000000,369.94000,370.45001,369.94000,370.26999,8766,125860000000,1.500,11
2650,2021-05-28 09:33:00.0000000,370.60999,370.60999,369.34000,369.81000,7778,126087000000,1.500,11
2651,2021-05-28 09:34:00.0000000,371.34229,371.38000,370.60999,370.62000,7942,126337000000,1.500,11
2652,2021-05-28 09:35:00.0000000,370.09000,371.50000,370.09000,371.39999,7504,125911000000,1.500,11
2653,2021-05-28 09:36:00.0000000,369.54999,370.10999,369.44000,369.54001,6355,125727000000,1.500,11
2654,2021-05-28 09:37:00.0000000,369.36499,369.61230,369.19000,369.51999,3622,125664000000,1.500,11
2655,2021-05-28 09:38:00.0000000,368.54999,369.39999,368.54001,369.20999,16810,125387000000,1.500,11
2656,2021-05-28 09:39:00.0000000,369.26001,369.26001,368.67499,368.82001,5892,125628000000,1.500,11
2657,2021-05-28 09:40:00.0000000,368.64001,369.00000,368.54001,368.97000,6638,125417000000,1.500,11
2658,2021-05-28 09:41:00.0000000,368.87500,368.97000,368.48001,368.67499,8571,125497000000,1.500,11
2659,2021-05-28 09:42:00.0000000,369.17001,369.29501,368.87009,369.17001,6707,125598000000,1.500,11
2660,2021-05-28 09:43:00.0000000,369.34149,369.89999,369.12000,369.14001,5236,125656000000,1.500,11
2661,2021-05-28 09:44:00.0000000,369.64001,369.67001,369.42749,369.47501,2810,125757000000,1.500,11
2662,2021-05-28 09:45:00.0000000,370.12000,370.24860,369.70001,369.92001,4659,125921000000,1.500,11
2663,2021-05-28 09:46:00.0000000,370.29999,370.29999,369.67590,369.95999,5335,125982000000,1.500,11
2664,2021-05-28 09:47:00.0000000,369.92999,370.59000,369.88000,370.13000,11716,125856000000,1.500,11
2665,2021-05-28 09:48:00.0000000,370.19000,370.44000,369.87000,369.98001,4003,125945000000,1.500,11
2666,2021-05-28 09:49:00.0000000,370.40302,370.67001,370.14001,370.67001,8901,126017000000,1.500,11
2667,2021-05-28 09:50:00.0000000,370.26001,370.41000,370.13501,370.38000,5069,125968000000,1.500,11
2668,2021-05-28 09:51:00.0000000,369.85001,370.17001,369.66000,370.12000,5831,125829000000,1.500,11
2669,2021-05-28 09:52:00.0000000,370.60001,370.67999,369.75500,369.75500,8132,126084000000,1.500,11
2670,2021-05-28 09:53:00.0000000,370.50000,370.81000,370.35999,370.73999,2905,126050000000,1.500,11
2671,2021-05-28 09:54:00.0000000,370.53821,370.56000,370.32999,370.51999,1938,126063000000,1.500,11
2672,2021-05-28 09:55:00.0000000,370.78000,370.89999,370.45999,370.60999,2747,126145000000,1.500,11
2673,2021-05-28 09:56:00.0000000,370.91891,371.09000,370.41000,370.85001,15236,126193000000,1.500,11
2674,2021-05-28 09:57:00.0000000,371.10001,371.15500,370.94000,371.07001,9278,126254000000,1.500,11
2675,2021-05-28 09:58:00.0000000,370.95999,371.06000,370.79999,371.06000,7068,126207000000,1.500,11
2676,2021-05-28 09:59:00.0000000,370.94501,371.25000,370.94501,371.07999,6386,126201000000,1.500,11
2677,2021-05-28 10:00:00.0000000,370.73999,370.89990,370.51501,370.77499,8264,126132000000,1.500,11
2678,2021-05-28 10:01:00.0000000,370.64999,370.67999,370.28000,370.67999,5060,126101000000,1.500,11
2679,2021-05-28 10:02:00.0000000,370.45999,370.82999,370.28000,370.70001,6626,126036000000,1.500,11
2680,2021-05-28 10:03:00.0000000,370.79999,370.97000,370.44000,370.44000,5105,126152000000,1.500,11
2681,2021-05-28 10:04:00.0000000,370.48001,370.89001,369.87000,370.89001,11637,126043000000,1.500,11
2682,2021-05-28 10:05:00.0000000,369.82001,370.70001,369.82001,370.54999,5961,125819000000,1.500,11
2683,2021-05-28 10:06:00.0000000,370.01001,370.01001,369.47501,369.81000,8227,125883000000,1.500,11
2684,2021-05-28 10:07:00.0000000,370.12000,370.15500,369.85999,370.00000,4730,125921000000,1.500,11
2685,2021-05-28 10:08:00.0000000,369.51001,370.06750,369.51001,370.01001,6240,125713000000,1.500,11
2686,2021-05-28 10:09:00.0000000,369.75000,369.76001,369.09000,369.13000,5651,125795000000,1.500,11
2687,2021-05-28 10:10:00.0000000,369.51230,369.69000,369.47000,369.69000,2495,125714000000,1.500,11
2688,2021-05-28 10:11:00.0000000,369.36670,369.78000,369.29999,369.57001,4994,125664000000,1.500,11
2689,2021-05-28 10:12:00.0000000,369.64001,369.64001,369.45001,369.45001,3427,125757000000,1.500,11
2690,2021-05-28 10:13:00.0000000,369.60001,369.60001,369.28000,369.48001,3617,125744000000,1.500,11
2691,2021-05-28 10:14:00.0000000,369.51001,369.60001,369.44000,369.45999,2003,125713000000,1.500,11
2692,2021-05-28 10:15:00.0000000,369.73999,369.73999,369.47000,369.48001,5743,125791000000,1.500,11
2693,2021-05-28 10:16:00.0000000,369.70999,369.70999,369.41000,369.65079,4041,125781000000,1.500,11
2694,2021-05-28 10:17:00.0000000,369.70999,369.70999,369.61499,369.61499,843,125781000000,1.500,11
2695,2021-05-28 10:18:00.0000000,369.37000,369.72000,369.37000,369.72000,6360,125666000000,1.500,11
2696,2021-05-28 10:19:00.0000000,369.01001,369.35001,369.01001,369.35001,4791,125543000000,1.500,11
2697,2021-05-28 10:20:00.0000000,369.00000,369.23999,369.00000,369.08499,3196,125540000000,1.500,11
2698,2021-05-28 10:21:00.0000000,369.29001,369.29999,369.05499,369.26001,2446,125638000000,1.500,11
2699,2021-05-28 10:22:00.0000000,369.07999,369.39001,369.00000,369.34000,3555,125567000000,1.500,11
2700,2021-05-28 10:23:00.0000000,369.39001,369.39001,369.03000,369.14999,4570,125672000000,1.500,11
2701,2021-05-28 10:24:00.0000000,369.36499,369.54001,369.22009,369.25000,5721,125664000000,1.500,11
2702,2021-05-28 10:25:00.0000000,369.14001,369.29001,369.14001,369.29001,2853,125587000000,1.500,11
2703,2021-05-28 10:26:00.0000000,369.45001,369.45001,369.10999,369.10999,1922,125693000000,1.500,11
2704,2021-05-28 10:27:00.0000000,369.42499,369.51001,369.35999,369.41000,3248,125684000000,1.500,11
2705,2021-05-28 10:28:00.0000000,369.41751,369.54001,369.32999,369.37000,7752,125682000000,1.500,11
2706,2021-05-28 10:29:00.0000000,369.37070,369.42999,369.37070,369.42999,1263,125666000000,1.500,11
2707,2021-05-28 10:30:00.0000000,369.50000,369.54501,369.39001,369.47000,5432,125710000000,1.500,11
2708,2021-05-28 10:31:00.0000000,369.37000,369.44000,369.29001,369.32001,3342,125666000000,1.500,11
2709,2021-05-28 10:32:00.0000000,369.56000,369.56000,369.37650,369.47000,1610,125730000000,1.500,11
2710,2021-05-28 10:33:00.0000000,369.59000,369.67999,369.34000,369.54001,4973,125740000000,1.500,11
2711,2021-05-28 10:34:00.0000000,370.15811,370.15811,369.64999,369.66000,5153,125934000000,1.500,11
2712,2021-05-28 10:35:00.0000000,370.10001,370.10001,369.95111,370.01001,4133,125914000000,1.500,11
2713,2021-05-28 10:36:00.0000000,370.12000,370.28000,369.97000,370.17001,4893,125921000000,1.500,11
2714,2021-05-28 10:37:00.0000000,369.80499,370.10999,369.79001,370.10999,4180,125814000000,1.500,11
2715,2021-05-28 10:38:00.0000000,369.82211,369.82211,369.60001,369.66000,3862,125819000000,1.500,11
2716,2021-05-28 10:39:00.0000000,369.70001,369.85999,369.60001,369.85999,5421,125778000000,1.500,11
2717,2021-05-28 10:40:00.0000000,370.10001,370.10001,369.60001,369.60001,2248,125914000000,1.500,11
2718,2021-05-28 10:41:00.0000000,369.75000,370.04001,369.67001,370.04001,7173,125795000000,1.500,11
2719,2021-05-28 10:42:00.0000000,369.88000,369.89001,369.76999,369.79001,1291,125839000000,1.500,11
2720,2021-05-28 10:43:00.0000000,370.16000,370.16000,370.00000,370.00000,1911,125934000000,1.500,11
2721,2021-05-28 10:44:00.0000000,370.10999,370.10999,370.04001,370.04001,2725,125917000000,1.500,11
2722,2021-05-28 10:45:00.0000000,370.04501,370.17001,370.04501,370.17001,3739,125895000000,1.500,11
2723,2021-05-28 10:46:00.0000000,369.73001,370.01001,369.73001,369.98001,4985,125788000000,1.500,11
2724,2021-05-28 10:47:00.0000000,369.76999,369.95001,369.66000,369.66000,5870,125802000000,1.500,11
2725,2021-05-28 10:48:00.0000000,369.85999,369.97000,369.76001,369.76001,4618,125832000000,1.500,11
2726,2021-05-28 10:49:00.0000000,370.06000,370.06000,369.95001,369.95001,720,125900000000,1.500,11
2727,2021-05-28 10:50:00.0000000,369.89499,370.17001,369.89499,370.07999,2708,125844000000,1.500,11
2728,2021-05-28 10:51:00.0000000,370.16000,370.17001,370.01999,370.01999,1298,125934000000,1.500,11
2729,2021-05-28 10:52:00.0000000,370.07999,370.19000,370.07001,370.17001,4897,125907000000,1.500,11
2730,2021-05-28 10:53:00.0000000,370.09000,370.17001,370.07001,370.07501,3615,125911000000,1.500,11
2731,2021-05-28 10:54:00.0000000,370.04999,370.04999,369.97000,370.04999,2858,125897000000,1.500,11
2732,2021-05-28 10:55:00.0000000,370.57999,370.57999,370.06000,370.07001,4747,126077000000,1.500,11
2733,2021-05-28 10:56:00.0000000,370.26001,370.66000,370.26001,370.59000,4596,125968000000,1.500,11
2734,2021-05-28 10:57:00.0000000,370.16000,370.35999,369.89001,370.16000,9506,125934000000,1.500,11
2735,2021-05-28 10:58:00.0000000,370.32910,370.32910,370.12000,370.20001,3714,125992000000,1.500,11
2736,2021-05-28 10:59:00.0000000,370.34000,370.41000,370.20010,370.25500,8524,125996000000,1.500,11
2737,2021-05-28 11:00:00.0000000,370.48999,370.48999,370.32999,370.32999,1766,126047000000,1.500,11
2738,2021-05-28 11:01:00.0000000,370.60999,370.67001,370.51999,370.51999,2062,126087000000,1.500,11
2739,2021-05-28 11:02:00.0000000,370.69000,370.79999,370.57999,370.57999,2835,126115000000,1.500,11
2740,2021-05-28 11:03:00.0000000,370.64999,370.81000,370.55621,370.70499,3589,126101000000,1.500,11
2741,2021-05-28 11:04:00.0000000,370.69000,370.76001,370.65500,370.69000,2224,126115000000,1.500,11
2742,2021-05-28 11:05:00.0000000,370.82999,370.89990,370.70001,370.84500,5254,126162000000,1.500,11
2743,2021-05-28 11:06:00.0000000,370.67001,370.79999,370.59000,370.79999,2849,126108000000,1.500,11
2744,2021-05-28 11:08:00.0000000,370.82999,370.82999,370.64999,370.66000,1981,126162000000,1.500,11
2745,2021-05-28 11:09:00.0000000,370.70999,370.82001,370.67499,370.76999,3388,126121000000,1.500,11
2746,2021-05-28 11:10:00.0000000,370.74500,370.83990,370.73999,370.73999,2758,126133000000,1.500,11
2747,2021-05-28 11:11:00.0000000,370.77499,370.84000,370.67999,370.84000,2179,126144000000,1.500,11
2748,2021-05-28 11:12:00.0000000,370.79999,370.92001,370.76501,370.88000,2643,126152000000,1.500,11
2749,2021-05-28 11:13:00.0000000,370.82001,370.82001,370.73999,370.73999,2752,126159000000,1.500,11
2750,2021-05-28 11:14:00.0000000,370.92999,371.03000,370.89999,370.89999,4909,126196000000,1.500,11
2751,2021-05-28 11:15:00.0000000,370.94000,371.17001,370.85999,370.89001,4103,126200000000,1.500,11
2752,2021-05-28 11:16:00.0000000,371.10001,371.10001,370.88000,370.95499,4068,126254000000,1.500,11
2753,2021-05-28 11:17:00.0000000,371.26999,371.26999,370.98999,371.04999,3426,126312000000,1.500,11
2754,2021-05-28 11:18:00.0000000,371.29001,371.32999,371.29001,371.32999,1735,126319000000,1.500,11
2755,2021-05-28 11:19:00.0000000,371.30051,371.35001,371.17999,371.17999,5180,126322000000,1.500,11
2756,2021-05-28 11:20:00.0000000,371.29999,371.51001,371.29999,371.50000,7596,126322000000,1.500,11
2757,2021-05-28 11:21:00.0000000,371.51999,371.64999,371.35001,371.35001,3014,126397000000,1.500,11
2758,2021-05-28 11:22:00.0000000,371.67001,371.84000,371.67001,371.67001,2849,126448000000,1.500,11
2759,2021-05-28 11:23:00.0000000,371.75000,371.82001,371.73999,371.73999,845,126475000000,1.500,11
2760,2021-05-28 11:24:00.0000000,371.51999,371.82999,371.51999,371.82999,3826,126397000000,1.500,11
2761,2021-05-28 11:25:00.0000000,371.57999,371.59000,371.50000,371.50000,2719,126417000000,1.500,11
2762,2021-05-28 11:26:00.0000000,371.35999,371.56000,371.29999,371.51999,3785,126343000000,1.500,11
2763,2021-05-28 11:27:00.0000000,371.28000,371.42999,371.26001,371.37000,2119,126315000000,1.500,11
2764,2021-05-28 11:28:00.0000000,371.16080,371.34000,371.16000,371.23001,4916,126275000000,1.500,11
2765,2021-05-28 11:29:00.0000000,371.04999,371.14001,370.95999,371.10999,2754,126237000000,1.500,11
2766,2021-05-28 11:30:00.0000000,371.29001,371.29001,371.07001,371.07001,7375,126319000000,1.500,11
2767,2021-05-28 11:31:00.0000000,371.01990,371.34000,371.01990,371.32999,7788,126227000000,1.500,11
2768,2021-05-28 11:32:00.0000000,370.91000,371.03000,370.88000,371.03000,5429,126190000000,1.500,11
2769,2021-05-28 11:33:00.0000000,371.11890,371.28549,371.01999,371.01999,3580,126261000000,1.500,11
2770,2021-05-28 11:34:00.0000000,371.17001,371.17001,370.94000,370.94000,1593,126278000000,1.500,11
2771,2021-05-28 11:35:00.0000000,371.03000,371.29999,371.01749,371.19000,8095,126230000000,1.500,11
2772,2021-05-28 11:36:00.0000000,371.29001,371.29001,371.07999,371.09500,3220,126319000000,1.500,11
2773,2021-05-28 11:37:00.0000000,371.29999,371.39999,371.29999,371.39001,3616,126322000000,1.500,11
2774,2021-05-28 11:38:00.0000000,371.50000,371.50000,371.45001,371.45001,624,126390000000,1.500,11
2775,2021-05-28 11:39:00.0000000,371.35999,371.54001,371.34000,371.51001,1848,126343000000,1.500,11
2776,2021-05-28 11:40:00.0000000,371.17001,371.29999,371.17001,371.29999,960,126278000000,1.500,11
2777,2021-05-28 11:41:00.0000000,371.10001,371.23001,371.03000,371.21500,1666,126254000000,1.500,11
2778,2021-05-28 11:42:00.0000000,371.07001,371.12000,370.92999,371.03000,3449,126244000000,1.500,11
2779,2021-05-28 11:43:00.0000000,371.14001,371.22000,371.03000,371.04001,2705,126268000000,1.500,11
2780,2021-05-28 11:44:00.0000000,371.19000,371.28000,371.16000,371.16000,2673,126285000000,1.500,11
2781,2021-05-28 11:45:00.0000000,370.72501,371.12000,370.71970,371.10001,7735,126127000000,1.500,11
2782,2021-05-28 11:46:00.0000000,370.63000,370.85001,370.50000,370.81000,8418,126094000000,1.500,11
2783,2021-05-28 11:47:00.0000000,370.82001,370.98001,370.79001,370.79001,2661,126159000000,1.500,11
2784,2021-05-28 11:48:00.0000000,371.00000,371.04999,370.79010,370.79010,3272,126220000000,1.500,11
2785,2021-05-28 11:49:00.0000000,370.88000,371.01999,370.88000,370.98999,2179,126179000000,1.500,11
2786,2021-05-28 11:50:00.0000000,370.89639,371.03000,370.89639,370.89999,3061,126185000000,1.500,11
2787,2021-05-28 11:51:00.0000000,371.01001,371.03000,370.95001,371.03000,3092,126224000000,1.500,11
2788,2021-05-28 11:52:00.0000000,370.95001,370.95001,370.92001,370.92001,491,126203000000,1.500,11
2789,2021-05-28 11:53:00.0000000,370.94000,370.98999,370.91000,370.92001,1527,126200000000,1.500,11
2790,2021-05-28 11:54:00.0000000,371.03000,371.03000,370.82999,370.98001,3656,126230000000,1.500,11
2791,2021-05-28 11:55:00.0000000,371.11011,371.14001,371.01001,371.03000,3368,126258000000,1.500,11
2792,2021-05-28 11:56:00.0000000,371.12000,371.12000,371.07999,371.10999,1694,126261000000,1.500,11
2793,2021-05-28 11:57:00.0000000,370.78000,371.03000,370.78000,371.01999,2768,126145000000,1.500,11
2794,2021-05-28 11:58:00.0000000,370.95001,371.00000,370.89001,370.89001,2687,126203000000,1.500,11
2795,2021-05-28 11:59:00.0000000,370.95001,371.02499,370.95001,371.00000,1160,126203000000,1.500,11
2796,2021-05-28 12:00:00.0000000,370.88000,370.91000,370.82001,370.91000,1596,126179000000,1.500,11
2797,2021-05-28 12:01:00.0000000,371.04001,371.04001,370.85999,370.88000,1268,126234000000,1.500,11
2798,2021-05-28 12:02:00.0000000,370.97000,371.07001,370.92999,370.92999,2482,126210000000,1.500,11
2799,2021-05-28 12:03:00.0000000,371.00000,371.04001,370.91000,371.04001,7546,126220000000,1.500,11
2800,2021-05-28 12:04:00.0000000,371.34000,371.34000,370.97000,371.00000,7780,126336000000,1.500,11
2801,2021-05-28 12:05:00.0000000,371.17001,371.29999,371.17001,371.29999,1565,126278000000,1.500,11
2802,2021-05-28 12:06:00.0000000,371.22000,371.22000,371.10001,371.10999,750,126295000000,1.500,11
2803,2021-05-28 12:07:00.0000000,371.22000,371.25000,371.12500,371.17001,3140,126295000000,1.500,11
2804,2021-05-28 12:08:00.0000000,371.13501,371.20999,371.09009,371.09009,2625,126266000000,1.500,11
2805,2021-05-28 12:09:00.0000000,371.22501,371.22501,371.12000,371.17001,2454,126297000000,1.500,11
2806,2021-05-28 12:10:00.0000000,371.32001,371.32001,371.23999,371.25000,3578,126329000000,1.500,11
2807,2021-05-28 12:11:00.0000000,371.20999,371.35999,371.20999,371.31000,6033,126292000000,1.500,11
2808,2021-05-28 12:12:00.0000000,371.29999,371.32001,371.23999,371.32001,2896,126322000000,1.500,11
2809,2021-05-28 12:13:00.0000000,371.32001,371.39999,371.32001,371.34000,3583,126329000000,1.500,11
2810,2021-05-28 12:14:00.0000000,371.28000,371.38000,371.20001,371.32001,5475,126315000000,1.500,11
2811,2021-05-28 12:15:00.0000000,371.79001,371.79001,371.25000,371.26999,10107,126489000000,1.500,11
2812,2021-05-28 12:16:00.0000000,371.64499,371.82999,371.64499,371.78000,5403,126440000000,1.500,11
2813,2021-05-28 12:17:00.0000000,371.79501,371.84000,371.64001,371.64001,3815,126491000000,1.500,11
2814,2021-05-28 12:18:00.0000000,371.76999,371.98999,371.76999,371.89001,3604,126482000000,1.500,11
2815,2021-05-28 12:19:00.0000000,371.98999,372.04001,371.70001,371.70999,10566,126557000000,1.500,11
2816,2021-05-28 12:20:00.0000000,371.92999,371.98999,371.82999,371.95999,5955,126537000000,1.500,11
2817,2021-05-28 12:21:00.0000000,371.85001,371.89001,371.76001,371.88101,6177,126509000000,1.500,11
2818,2021-05-28 12:22:00.0000000,371.87750,371.94000,371.84000,371.84500,4839,126519000000,1.500,11
2819,2021-05-28 12:23:00.0000000,371.73999,371.82501,371.67059,371.82501,6263,126472000000,1.500,11
2820,2021-05-28 12:24:00.0000000,371.69000,371.97000,371.69000,371.75000,9906,126455000000,1.500,11
2821,2021-05-28 12:25:00.0000000,371.39819,371.67999,371.39819,371.67999,3835,126356000000,1.500,11
2822,2021-05-28 12:26:00.0000000,371.35999,371.35999,371.26501,371.31000,2408,126343000000,1.500,11
2823,2021-05-28 12:27:00.0000000,371.31500,371.39001,371.25000,371.32999,5059,126327000000,1.500,11
2824,2021-05-28 12:28:00.0000000,371.35001,371.35001,371.28000,371.29001,1885,126339000000,1.500,11
2825,2021-05-28 12:29:00.0000000,371.39001,371.51001,371.23001,371.26999,6549,126353000000,1.500,11
2826,2021-05-28 12:30:00.0000000,371.38501,371.42001,371.26999,371.35501,5109,126351000000,1.500,11
2827,2021-05-28 12:31:00.0000000,371.54001,371.54001,371.42999,371.47000,3553,126404000000,1.500,11
2828,2021-05-28 12:32:00.0000000,371.81000,371.82001,371.51999,371.51999,7403,126496000000,1.500,11
2829,2021-05-28 12:33:00.0000000,371.78000,371.82001,371.76001,371.79001,3747,126486000000,1.500,11
2830,2021-05-28 12:34:00.0000000,371.54001,371.78000,371.44000,371.78000,4930,126404000000,1.500,11
2831,2021-05-28 12:35:00.0000000,371.40601,371.64999,371.40601,371.54999,2470,126358000000,1.500,11
2832,2021-05-28 12:36:00.0000000,371.43991,371.51999,371.34000,371.48001,3195,126370000000,1.500,11
2833,2021-05-28 12:37:00.0000000,371.26999,371.42001,371.26999,371.39001,3480,126312000000,1.500,11
2834,2021-05-28 12:38:00.0000000,371.12100,371.29999,371.10999,371.29001,2492,126261000000,1.500,11
2835,2021-05-28 12:39:00.0000000,371.28500,371.35999,371.06000,371.20041,5217,126317000000,1.500,11
2836,2021-05-28 12:40:00.0000000,371.25000,371.41000,371.25000,371.30301,5965,126305000000,1.500,11
2837,2021-05-28 12:41:00.0000000,371.38300,371.38300,371.35999,371.35999,358,126350000000,1.500,11
2838,2021-05-28 12:42:00.0000000,371.39999,371.44000,371.32001,371.35999,4069,126356000000,1.500,11
2839,2021-05-28 12:43:00.0000000,371.54999,371.65671,371.42999,371.42999,6482,126407000000,1.500,11
2840,2021-05-28 12:44:00.0000000,371.44839,371.60001,371.35001,371.60001,4012,126373000000,1.500,11
2841,2021-05-28 12:45:00.0000000,371.45999,371.45999,371.35199,371.38000,1901,126377000000,1.500,11
2842,2021-05-28 12:46:00.0000000,371.60999,371.60999,371.44000,371.44000,2181,126428000000,1.500,11
2843,2021-05-28 12:47:00.0000000,371.39499,371.57001,371.32800,371.57001,1817,126355000000,1.500,11
2844,2021-05-28 12:48:00.0000000,371.30600,371.60999,371.23001,371.47000,9110,126324000000,1.500,11
2845,2021-05-28 12:49:00.0000000,371.35001,371.39499,371.34299,371.38000,1026,126339000000,1.500,11
2846,2021-05-28 12:50:00.0000000,371.32999,371.32999,371.29800,371.31299,2324,126332000000,1.500,11
2847,2021-05-28 12:51:00.0000000,371.37000,371.37000,371.22000,371.22299,2408,126346000000,1.500,11
2848,2021-05-28 12:52:00.0000000,371.28000,371.29568,371.23499,371.29001,2083,126315000000,1.500,11
2849,2021-05-28 12:53:00.0000000,371.41000,371.42999,371.38000,371.38000,703,126360000000,1.500,11
2850,2021-05-28 12:54:00.0000000,371.47000,371.47000,371.35999,371.35999,919,126380000000,1.500,11
2851,2021-05-28 12:55:00.0000000,371.32001,371.41000,371.31000,371.37000,1504,126329000000,1.500,11
2852,2021-05-28 12:57:00.0000000,371.47000,371.47000,371.42999,371.42999,1346,126380000000,1.500,11
2853,2021-05-28 12:58:00.0000000,371.35999,371.47000,371.35999,371.47000,2376,126343000000,1.500,11
2854,2021-05-28 12:59:00.0000000,371.23999,371.35999,371.23999,371.35999,1205,126302000000,1.500,11
2855,2021-05-28 13:00:00.0000000,371.30499,371.30499,371.23999,371.23999,2271,126324000000,1.500,11
2856,2021-05-28 13:01:00.0000000,371.16000,371.27499,371.16000,371.27499,1280,126275000000,1.500,11
2857,2021-05-28 13:02:00.0000000,371.20999,371.20999,371.16000,371.16000,274,126292000000,1.500,11
2858,2021-05-28 13:03:00.0000000,371.29001,371.29001,371.17001,371.17001,2648,126319000000,1.500,11
2859,2021-05-28 13:04:00.0000000,371.34991,371.39999,371.13000,371.35001,5536,126339000000,1.500,11
2860,2021-05-28 13:05:00.0000000,371.26001,371.29501,371.20001,371.29501,1511,126309000000,1.500,11
2861,2021-05-28 13:06:00.0000000,371.26001,371.30499,371.25000,371.29999,4628,126309000000,1.500,11
2862,2021-05-28 13:07:00.0000000,371.40302,371.45999,371.22501,371.22501,1394,126357000000,1.500,11
2863,2021-05-28 13:08:00.0000000,371.31000,371.38000,371.31000,371.37000,749,126326000000,1.500,11
2864,2021-05-28 13:09:00.0000000,371.35999,371.39999,371.35001,371.35101,4942,126343000000,1.500,11
2865,2021-05-28 13:10:00.0000000,371.26001,371.41000,371.26001,371.35501,5002,126309000000,1.500,11
2866,2021-05-28 13:11:00.0000000,371.27121,371.35001,371.27121,371.35001,1377,126312000000,1.500,11
2867,2021-05-28 13:12:00.0000000,371.32999,371.42999,371.25500,371.26001,5314,126332000000,1.500,11
2868,2021-05-28 13:13:00.0000000,371.32001,371.39999,371.29001,371.31000,2871,126329000000,1.500,11
2869,2021-05-28 13:14:00.0000000,371.11749,371.23999,371.07999,371.23999,3118,126260000000,1.500,11
2870,2021-05-28 13:15:00.0000000,371.13000,371.23001,371.06000,371.07001,5836,126264000000,1.500,11
2871,2021-05-28 13:16:00.0000000,371.20001,371.23001,371.16000,371.16000,9604,126288000000,1.500,11
2872,2021-05-28 13:17:00.0000000,371.22000,371.31000,371.14001,371.14700,4811,126295000000,1.500,11
2873,2021-05-28 13:18:00.0000000,371.28000,371.32001,371.23001,371.23001,2701,126315000000,1.500,11
2874,2021-05-28 13:19:00.0000000,371.51910,371.51910,371.28000,371.28000,2698,126397000000,1.500,11
2875,2021-05-28 13:20:00.0000000,371.60999,371.60999,371.54999,371.54999,1577,126428000000,1.500,11
2876,2021-05-28 13:21:00.0000000,371.69000,371.74429,371.60999,371.69501,2882,126455000000,1.500,11
2877,2021-05-28 13:22:00.0000000,371.66000,371.71500,371.60001,371.70001,7588,126445000000,1.500,11
2878,2021-05-28 13:23:00.0000000,371.60999,371.73801,371.60999,371.66000,2596,126428000000,1.500,11
2879,2021-05-28 13:24:00.0000000,371.79999,371.79999,371.64001,371.67001,6445,126492000000,1.500,11
2880,2021-05-28 13:25:00.0000000,371.82401,371.82999,371.67999,371.75000,4233,126500000000,1.500,11
2881,2021-05-28 13:26:00.0000000,371.67999,371.85999,371.67999,371.79001,3046,126451000000,1.500,11
2882,2021-05-28 13:27:00.0000000,371.75000,371.75000,371.67001,371.72501,3569,126475000000,1.500,11
2883,2021-05-28 13:28:00.0000000,371.62000,371.73001,371.57001,371.73001,4020,126431000000,1.500,11
2884,2021-05-28 13:29:00.0000000,371.62000,371.62000,371.51999,371.51999,1274,126431000000,1.500,11
2885,2021-05-28 13:30:00.0000000,371.66000,371.70499,371.51999,371.70499,6197,126445000000,1.500,11
2886,2021-05-28 13:31:00.0000000,371.69000,371.73001,371.64999,371.73001,2020,126455000000,1.500,11
2887,2021-05-28 13:32:00.0000000,371.73001,371.73001,371.67011,371.67011,2019,126468000000,1.500,11
2888,2021-05-28 13:33:00.0000000,371.48999,371.64999,371.48999,371.64999,1678,126387000000,1.500,11
2889,2021-05-28 13:34:00.0000000,371.72000,371.73001,371.48999,371.48999,11380,126465000000,1.500,11
2890,2021-05-28 13:35:00.0000000,371.70999,371.73999,371.63000,371.63000,2292,126462000000,1.500,11
2891,2021-05-28 13:37:00.0000000,371.92499,372.00000,371.76001,371.79001,8945,126535000000,1.500,11
2892,2021-05-28 13:38:00.0000000,371.81000,372.01999,371.76999,371.95001,9006,126496000000,1.500,11
2893,2021-05-28 13:39:00.0000000,371.85999,371.91000,371.79999,371.79999,4083,126513000000,1.500,11
2894,2021-05-28 13:40:00.0000000,371.88000,371.92001,371.81000,371.81000,8057,126520000000,1.500,11
2895,2021-05-28 13:41:00.0000000,371.59000,371.70999,371.57639,371.69000,2640,126421000000,1.500,11
2896,2021-05-28 13:42:00.0000000,371.60001,371.61499,371.54001,371.61499,2233,126424000000,1.500,11
2897,2021-05-28 13:43:00.0000000,371.60999,371.60999,371.56000,371.59000,920,126428000000,1.500,11
2898,2021-05-28 13:44:00.0000000,371.73999,371.73999,371.62500,371.62500,1202,126472000000,1.500,11
2899,2021-05-28 13:45:00.0000000,372.00500,372.00500,371.76999,371.84000,3036,126562000000,1.500,11
2900,2021-05-28 13:46:00.0000000,372.17001,372.25000,372.07999,372.07999,3584,126618000000,1.500,11
2901,2021-05-28 13:47:00.0000000,372.20999,372.25000,372.19501,372.20999,3426,126632000000,1.500,11
2902,2021-05-28 13:48:00.0000000,372.35501,372.37000,372.26999,372.31000,3615,126681000000,1.500,11
2903,2021-05-28 13:49:00.0000000,372.34000,372.45001,372.32999,372.33499,3388,126676000000,1.500,11
2904,2021-05-28 13:50:00.0000000,372.31000,372.39001,372.31000,372.34000,2008,126666000000,1.500,11
2905,2021-05-28 13:51:00.0000000,372.39001,372.39001,372.28000,372.28000,979,126693000000,1.500,11
2906,2021-05-28 13:52:00.0000000,372.45001,372.45001,372.35001,372.42001,1750,126713000000,1.500,11
2907,2021-05-28 13:53:00.0000000,372.50000,372.50000,372.39001,372.40509,2381,126730000000,1.500,11
2908,2021-05-28 13:54:00.0000000,372.51999,372.57999,372.48001,372.50000,2979,126737000000,1.500,11
2909,2021-05-28 13:55:00.0000000,372.60001,372.60001,372.53000,372.53000,1679,126764000000,1.500,11
2910,2021-05-28 13:56:00.0000000,372.54001,372.63000,372.51001,372.62900,1429,126744000000,1.500,11
2911,2021-05-28 13:57:00.0000000,372.57001,372.59000,372.50000,372.57001,6623,126754000000,1.500,11
2912,2021-05-28 13:58:00.0000000,372.45001,372.63000,372.45001,372.59000,2304,126713000000,1.500,11
2913,2021-05-28 13:59:00.0000000,372.35999,372.37991,372.35999,372.37991,468,126683000000,1.500,11
2914,2021-05-28 14:00:00.0000000,372.73001,372.73001,372.34900,372.34900,2584,126809000000,1.500,11
2915,2021-05-28 14:01:00.0000000,372.70001,372.78281,372.64001,372.72000,1565,126799000000,1.500,11
2916,2021-05-28 14:02:00.0000000,372.59000,372.75000,372.59000,372.66000,2736,126761000000,1.500,11
2917,2021-05-28 14:03:00.0000000,372.61700,372.67001,372.60999,372.62000,1377,126770000000,1.500,11
2918,2021-05-28 14:04:00.0000000,372.57001,372.64999,372.57001,372.64999,2358,126754000000,1.500,11
2919,2021-05-28 14:05:00.0000000,372.64001,372.64001,372.54999,372.57999,1931,126778000000,1.500,11
2920,2021-05-28 14:06:00.0000000,372.39999,372.63031,372.39999,372.63031,2979,126696000000,1.500,11
2921,2021-05-28 14:07:00.0000000,372.41000,372.41000,372.39001,372.39999,1076,126700000000,1.500,11
2922,2021-05-28 14:08:00.0000000,372.31000,372.45999,372.26999,372.44000,4576,126666000000,1.500,11
2923,2021-05-28 14:09:00.0000000,372.35001,372.39999,372.26001,372.32001,2525,126679000000,1.500,11
2924,2021-05-28 14:10:00.0000000,372.33929,372.33929,372.26999,372.29999,1800,126676000000,1.500,11
2925,2021-05-28 14:11:00.0000000,372.12000,372.28000,372.07999,372.26999,3731,126601000000,1.500,11
2926,2021-05-28 14:12:00.0000000,372.19901,372.19901,372.12051,372.18790,1710,126628000000,1.500,11
2927,2021-05-28 14:13:00.0000000,372.23999,372.26999,372.12000,372.19000,3749,126642000000,1.500,11
2928,2021-05-28 14:14:00.0000000,372.32999,372.32999,372.32999,372.32999,875,126673000000,1.500,11
2929,2021-05-28 14:15:00.0000000,372.35501,372.42001,372.35001,372.42001,1192,126681000000,1.500,11
2930,2021-05-28 14:16:00.0000000,372.33560,372.42999,372.33560,372.42999,794,126675000000,1.500,11
2931,2021-05-28 14:17:00.0000000,372.41000,372.47000,372.29999,372.32001,4036,126700000000,1.500,11
2932,2021-05-28 14:18:00.0000000,372.48999,372.48999,372.38159,372.38159,870,126727000000,1.500,11
2933,2021-05-28 14:19:00.0000000,372.72000,372.75000,372.57999,372.59000,6004,126805000000,1.500,11
2934,2021-05-28 14:20:00.0000000,372.94000,372.98001,372.77069,372.81000,6215,126880000000,1.500,11
2935,2021-05-28 14:21:00.0000000,372.84000,373.01001,372.84000,372.92001,10041,126846000000,1.500,11
2936,2021-05-28 14:22:00.0000000,372.94000,373.01001,372.92001,372.92999,4705,126880000000,1.500,11
2937,2021-05-28 14:23:00.0000000,372.94000,373.04999,372.88501,372.91000,11768,126880000000,1.500,11
2938,2021-05-28 14:24:00.0000000,373.01999,373.04999,372.89001,372.94000,4836,126907000000,1.500,11
2939,2021-05-28 14:25:00.0000000,372.85941,373.07001,372.85941,373.07001,4432,126853000000,1.500,11
2940,2021-05-28 14:26:00.0000000,372.70999,372.85999,372.70999,372.85999,2995,126802000000,1.500,11
2941,2021-05-28 14:27:00.0000000,372.69000,372.81000,372.64001,372.78000,5124,126795000000,1.500,11
2942,2021-05-28 14:28:00.0000000,372.84351,372.84351,372.75000,372.75000,1643,126847000000,1.500,11
2943,2021-05-28 14:29:00.0000000,372.79001,372.85999,372.77499,372.84000,2730,126829000000,1.500,11
2944,2021-05-28 14:30:00.0000000,372.84000,372.84000,372.78000,372.78000,1492,126846000000,1.500,11
2945,2021-05-28 14:31:00.0000000,372.95001,372.95999,372.78000,372.82001,4827,126884000000,1.500,11
2946,2021-05-28 14:32:00.0000000,372.98001,373.04001,372.92999,372.92999,2378,126894000000,1.500,11
2947,2021-05-28 14:33:00.0000000,372.91000,372.95999,372.91000,372.95999,902,126870000000,1.500,11
2948,2021-05-28 14:34:00.0000000,372.88000,372.88000,372.75500,372.79999,3908,126860000000,1.500,11
2949,2021-05-28 14:35:00.0000000,372.82001,372.89999,372.79001,372.89999,1661,126839000000,1.500,11
2950,2021-05-28 14:36:00.0000000,372.72000,372.84549,372.69000,372.84549,1810,126805000000,1.500,11
2951,2021-05-28 14:37:00.0000000,372.63000,372.72681,372.60999,372.72000,4697,126775000000,1.500,11
2952,2021-05-28 14:38:00.0000000,372.75000,372.76999,372.64001,372.69989,9532,126816000000,1.500,11
2953,2021-05-28 14:39:00.0000000,372.49600,372.69000,372.42999,372.69000,1648,126729000000,1.500,11
2954,2021-05-28 14:40:00.0000000,372.63181,372.66501,372.53699,372.54001,2087,126775000000,1.500,11
2955,2021-05-28 14:41:00.0000000,372.54001,372.57001,372.48001,372.52930,1679,126744000000,1.500,11
2956,2021-05-28 14:42:00.0000000,372.46500,372.54999,372.39001,372.54999,1695,126719000000,1.500,11
2957,2021-05-28 14:43:00.0000000,372.41000,372.41000,372.37000,372.38000,3002,126700000000,1.500,11
2958,2021-05-28 14:44:00.0000000,372.48001,372.48999,372.42999,372.42999,2140,126724000000,1.500,11
2959,2021-05-28 14:45:00.0000000,372.39999,372.45999,372.39999,372.45999,874,126696000000,1.500,11
2960,2021-05-28 14:46:00.0000000,372.17999,372.35001,372.17999,372.35001,3152,126622000000,1.500,11
2961,2021-05-28 14:47:00.0000000,372.22000,372.23001,372.22000,372.23001,523,126635000000,1.500,11
2962,2021-05-28 14:48:00.0000000,372.17999,372.19000,372.14001,372.17999,2899,126622000000,1.500,11
2963,2021-05-28 14:49:00.0000000,371.94000,372.09000,371.89999,372.09000,4770,126540000000,1.500,11
2964,2021-05-28 14:50:00.0000000,372.09000,372.09000,371.92999,371.92999,4043,126591000000,1.500,11
2965,2021-05-28 14:51:00.0000000,372.09000,372.09000,372.00000,372.06000,2627,126591000000,1.500,11
2966,2021-05-28 14:52:00.0000000,372.16000,372.29999,372.12000,372.12000,2582,126615000000,1.500,11
2967,2021-05-28 14:53:00.0000000,372.17001,372.22000,372.10001,372.22000,2507,126618000000,1.500,11
2968,2021-05-28 14:54:00.0000000,372.29001,372.29999,372.20999,372.20999,1424,126659000000,1.500,11
2969,2021-05-28 14:55:00.0000000,372.35001,372.37500,372.28009,372.35001,3451,126679000000,1.500,11
2970,2021-05-28 14:56:00.0000000,372.35501,372.39709,372.29001,372.32999,14281,126681000000,1.500,11
2971,2021-05-28 14:57:00.0000000,372.24051,372.26999,372.20999,372.23001,1068,126642000000,1.500,11
2972,2021-05-28 14:58:00.0000000,372.10681,372.28000,372.10681,372.28000,2757,126597000000,1.500,11
2973,2021-05-28 14:59:00.0000000,371.94000,372.12939,371.94000,372.04999,3444,126540000000,1.500,11
2974,2021-05-28 15:00:00.0000000,372.19000,372.19000,372.00000,372.00000,2136,126625000000,1.500,11
2975,2021-05-28 09:30:00.0000000,320.91000,321.04999,320.12000,320.37000,74353,341210000000,1.040,12
2976,2021-05-28 09:31:00.0000000,320.58499,320.97000,320.07001,320.87000,11952,340865000000,1.040,12
2977,2021-05-28 09:32:00.0000000,321.10001,321.20001,320.59000,320.73001,13486,341412000000,1.040,12
2978,2021-05-28 09:33:00.0000000,320.91000,321.29001,320.91000,321.07001,8214,341210000000,1.040,12
2979,2021-05-28 09:34:00.0000000,321.05109,321.13000,320.77860,320.77860,7923,341360000000,1.040,12
2980,2021-05-28 09:35:00.0000000,321.22000,321.44940,320.89499,321.19000,9998,341540000000,1.040,12
2981,2021-05-28 09:36:00.0000000,321.11011,321.14999,320.92001,321.14999,3552,341423000000,1.040,12
2982,2021-05-28 09:37:00.0000000,321.32999,321.51001,321.16501,321.16501,15110,341657000000,1.040,12
2983,2021-05-28 09:38:00.0000000,320.85999,321.28000,320.85999,321.16519,5432,341157000000,1.040,12
2984,2021-05-28 09:39:00.0000000,321.10001,321.15500,321.10001,321.15500,6632,341412000000,1.040,12
2985,2021-05-28 09:40:00.0000000,320.83051,321.20999,320.72000,321.20999,17381,341126000000,1.040,12
2986,2021-05-28 09:41:00.0000000,320.76999,321.14001,320.75000,320.89789,8180,341061000000,1.040,12
2987,2021-05-28 09:42:00.0000000,320.70001,320.82999,320.68011,320.70999,5933,340987000000,1.040,12
2988,2021-05-28 09:43:00.0000000,320.39999,320.70999,320.26999,320.70999,9330,340668000000,1.040,12
2989,2021-05-28 09:44:00.0000000,320.39999,320.53000,320.32001,320.37500,5116,340668000000,1.040,12
2990,2021-05-28 09:45:00.0000000,320.98999,320.98999,320.48001,320.51999,6172,341295000000,1.040,12
2991,2021-05-28 09:46:00.0000000,321.20999,321.47000,320.94000,320.94000,15561,341529000000,1.040,12
2992,2021-05-28 09:47:00.0000000,321.23001,321.45999,321.14999,321.23999,13204,341550000000,1.040,12
2993,2021-05-28 09:48:00.0000000,320.72501,321.26779,320.72501,321.26001,7057,341013000000,1.040,12
2994,2021-05-28 09:49:00.0000000,320.76999,320.87000,320.57999,320.59000,6877,341061000000,1.040,12
2995,2021-05-28 09:50:00.0000000,320.12000,320.63611,320.12000,320.63611,12765,340370000000,1.040,12
2996,2021-05-28 09:51:00.0000000,320.21991,320.31000,319.89001,320.00000,9574,340476000000,1.040,12
2997,2021-05-28 09:52:00.0000000,320.26999,320.30499,320.13501,320.19000,3560,340530000000,1.040,12
2998,2021-05-28 09:53:00.0000000,320.35001,320.40500,320.27499,320.27499,6041,340615000000,1.040,12
2999,2021-05-28 09:54:00.0000000,320.19000,320.47000,320.19000,320.47000,3924,340445000000,1.040,12
3000,2021-05-28 09:55:00.0000000,319.87000,320.17001,319.82001,320.17001,8270,340104000000,1.040,12
3001,2021-05-28 09:56:00.0000000,319.61011,319.96860,319.56119,319.91000,3988,339828000000,1.040,12
3002,2021-05-28 09:57:00.0000000,319.79651,319.79651,319.53009,319.60999,7682,340026000000,1.040,12
3003,2021-05-28 09:58:00.0000000,319.73999,319.85999,319.60999,319.79611,7592,339966000000,1.040,12
3004,2021-05-28 09:59:00.0000000,320.17999,320.35999,319.73001,319.73001,8840,340434000000,1.040,12
3005,2021-05-28 10:00:00.0000000,319.78000,320.19550,319.78000,320.12000,9812,340009000000,1.040,12
3006,2021-05-28 10:01:00.0000000,319.70999,319.85999,319.64999,319.72000,4010,339934000000,1.040,12
3007,2021-05-28 10:02:00.0000000,319.76001,319.76999,319.66000,319.70999,3115,339987000000,1.040,12
3008,2021-05-28 10:03:00.0000000,319.73499,319.85999,319.56000,319.82999,10253,339961000000,1.040,12
3009,2021-05-28 10:04:00.0000000,319.84000,319.98999,319.45001,319.64999,12448,340072000000,1.040,12
3010,2021-05-28 10:05:00.0000000,319.82001,320.00000,319.68500,319.83499,9649,340051000000,1.040,12
3011,2021-05-28 10:06:00.0000000,319.62000,319.84000,319.38449,319.84000,8393,339839000000,1.040,12
3012,2021-05-28 10:07:00.0000000,319.78500,319.78500,319.51001,319.54001,5446,340014000000,1.040,12
3013,2021-05-28 10:08:00.0000000,319.85001,319.87500,319.67001,319.87000,11983,340083000000,1.040,12
3014,2021-05-28 10:09:00.0000000,319.82501,319.89999,319.63000,319.89999,9796,340057000000,1.040,12
3015,2021-05-28 10:10:00.0000000,319.44000,319.82001,319.29999,319.82001,12651,339647000000,1.040,12
3016,2021-05-28 10:11:00.0000000,319.65329,319.65329,319.38000,319.39001,5781,339874000000,1.040,12
3017,2021-05-28 10:12:00.0000000,319.38000,319.64499,319.28000,319.64499,5015,339583000000,1.040,12
3018,2021-05-28 10:13:00.0000000,319.45999,319.57999,319.23001,319.32999,11920,339668000000,1.040,12
3019,2021-05-28 10:14:00.0000000,319.37991,319.42001,319.29999,319.41660,3634,339583000000,1.040,12
3020,2021-05-28 10:15:00.0000000,319.44000,319.57999,319.23001,319.47000,7721,339647000000,1.040,12
3021,2021-05-28 10:16:00.0000000,319.53000,319.54001,319.32001,319.42999,13803,339743000000,1.040,12
3022,2021-05-28 10:17:00.0000000,319.54999,319.64001,319.42001,319.56500,5304,339764000000,1.040,12
3023,2021-05-28 10:18:00.0000000,319.56000,319.66000,319.50000,319.50000,4308,339775000000,1.040,12
3024,2021-05-28 10:19:00.0000000,319.37000,319.54999,319.35999,319.54999,6457,339573000000,1.040,12
3025,2021-05-28 10:20:00.0000000,319.35999,319.51999,319.25000,319.38000,13049,339562000000,1.040,12
3026,2021-05-28 10:21:00.0000000,319.42001,319.48001,319.35999,319.35999,3470,339626000000,1.040,12
3027,2021-05-28 10:22:00.0000000,319.50000,319.53000,319.44000,319.50500,2758,339711000000,1.040,12
3028,2021-05-28 10:23:00.0000000,319.48001,319.53000,319.39999,319.44000,2320,339690000000,1.040,12
3029,2021-05-28 10:24:00.0000000,319.40500,319.51389,319.32001,319.51389,5967,339610000000,1.040,12
3030,2021-05-28 10:25:00.0000000,319.06500,319.39999,319.06500,319.35999,8065,339248000000,1.040,12
3031,2021-05-28 10:26:00.0000000,319.38000,319.39999,319.06000,319.10001,6195,339583000000,1.040,12
3032,2021-05-28 10:27:00.0000000,319.26001,319.35999,319.19000,319.32001,7321,339456000000,1.040,12
3033,2021-05-28 10:28:00.0000000,319.25000,319.30499,319.14999,319.29990,4537,339445000000,1.040,12
3034,2021-05-28 10:29:00.0000000,319.48999,319.54001,319.31000,319.31000,6003,339700000000,1.040,12
3035,2021-05-28 10:30:00.0000000,319.51999,319.51999,319.39001,319.48999,7732,339732000000,1.040,12
3036,2021-05-28 10:31:00.0000000,319.45001,319.54999,319.39999,319.50000,5673,339658000000,1.040,12
3037,2021-05-28 10:32:00.0000000,319.56000,319.60001,319.44000,319.51682,6644,339775000000,1.040,12
3038,2021-05-28 10:33:00.0000000,319.57001,319.64999,319.52490,319.52490,3777,339785000000,1.040,12
3039,2021-05-28 10:34:00.0000000,319.63000,319.63000,319.50000,319.54999,4050,339849000000,1.040,12
3040,2021-05-28 10:35:00.0000000,319.70001,319.76001,319.62000,319.63000,4641,339924000000,1.040,12
3041,2021-05-28 10:36:00.0000000,320.16000,320.16000,319.73999,319.76999,9998,340413000000,1.040,12
3042,2021-05-28 10:37:00.0000000,320.32001,320.32001,320.01999,320.14999,11520,340583000000,1.040,12
3043,2021-05-28 10:38:00.0000000,320.37991,320.39001,320.22000,320.29651,15638,340647000000,1.040,12
3044,2021-05-28 10:39:00.0000000,320.29999,320.37000,320.29001,320.31000,8376,340562000000,1.040,12
3045,2021-05-28 10:40:00.0000000,320.63000,320.68991,320.29501,320.29501,8841,340912000000,1.040,12
3046,2021-05-28 10:41:00.0000000,320.76001,320.76001,320.45999,320.69000,11238,341051000000,1.040,12
3047,2021-05-28 10:42:00.0000000,320.79999,320.91000,320.54001,320.70001,23720,341093000000,1.040,12
3048,2021-05-28 10:43:00.0000000,320.71689,320.82999,320.64001,320.81500,10267,341005000000,1.040,12
3049,2021-05-28 10:44:00.0000000,320.73999,320.79001,320.70001,320.70001,4037,341029000000,1.040,12
3050,2021-05-28 10:45:00.0000000,320.38000,320.73001,320.34000,320.72000,7900,340647000000,1.040,12
3051,2021-05-28 10:46:00.0000000,320.17999,320.31000,320.06000,320.23999,6721,340434000000,1.040,12
3052,2021-05-28 10:47:00.0000000,320.17249,320.19000,320.09671,320.17001,3368,340426000000,1.040,12
3053,2021-05-28 10:48:00.0000000,320.23001,320.26999,320.18500,320.18500,4209,340487000000,1.040,12
3054,2021-05-28 10:49:00.0000000,320.20999,320.23499,320.17001,320.20001,6075,340466000000,1.040,12
3055,2021-05-28 10:50:00.0000000,320.23499,320.26001,320.16000,320.22000,3102,340492000000,1.040,12
3056,2021-05-28 10:51:00.0000000,320.24500,320.35999,320.20999,320.20999,4215,340503000000,1.040,12
3057,2021-05-28 10:52:00.0000000,320.25000,320.37500,320.23999,320.26999,6002,340508000000,1.040,12
3058,2021-05-28 10:53:00.0000000,320.23999,320.25500,320.17001,320.25000,4309,340498000000,1.040,12
3059,2021-05-28 10:54:00.0000000,320.52051,320.55499,320.26999,320.26999,5721,340796000000,1.040,12
3060,2021-05-28 10:55:00.0000000,320.73499,320.73499,320.51999,320.55499,8694,341024000000,1.040,12
3061,2021-05-28 10:56:00.0000000,320.70001,320.75000,320.69000,320.69000,3380,340987000000,1.040,12
3062,2021-05-28 10:57:00.0000000,320.64999,320.73001,320.63000,320.66501,4339,340934000000,1.040,12
3063,2021-05-28 10:58:00.0000000,320.55939,320.69000,320.52411,320.69000,3670,340837000000,1.040,12
3064,2021-05-28 10:59:00.0000000,320.64999,320.67001,320.59000,320.60001,4369,340934000000,1.040,12
3065,2021-05-28 11:00:00.0000000,320.57001,320.60001,320.47000,320.60001,5807,340849000000,1.040,12
3066,2021-05-28 11:01:00.0000000,320.79999,320.79999,320.53000,320.57001,5611,341093000000,1.040,12
3067,2021-05-28 11:02:00.0000000,320.89999,320.94220,320.79999,320.79999,6310,341199000000,1.040,12
3068,2021-05-28 11:03:00.0000000,320.96899,320.96899,320.85001,320.94000,4962,341273000000,1.040,12
3069,2021-05-28 11:04:00.0000000,321.01999,321.03000,320.89001,320.95999,7231,341327000000,1.040,12
3070,2021-05-28 11:05:00.0000000,321.17999,321.23001,321.06491,321.06491,7101,341497000000,1.040,12
3071,2021-05-28 11:06:00.0000000,321.17001,321.22000,321.14001,321.19000,6419,341487000000,1.040,12
3072,2021-05-28 11:07:00.0000000,321.12421,321.23999,321.01999,321.22000,7301,341438000000,1.040,12
3073,2021-05-28 11:08:00.0000000,321.01501,321.09909,320.98001,321.07501,3669,341322000000,1.040,12
3074,2021-05-28 11:09:00.0000000,321.00000,321.07001,321.00000,321.04001,3676,341306000000,1.040,12
3075,2021-05-28 11:10:00.0000000,321.00000,321.01999,320.89999,320.98999,3761,341306000000,1.040,12
3076,2021-05-28 11:11:00.0000000,321.04999,321.05499,320.85999,321.03000,6779,341359000000,1.040,12
3077,2021-05-28 11:12:00.0000000,320.78000,321.06000,320.78000,321.01999,5710,341072000000,1.040,12
3078,2021-05-28 11:13:00.0000000,320.94330,320.94330,320.77631,320.77631,3276,341246000000,1.040,12
3079,2021-05-28 11:14:00.0000000,320.89001,320.92001,320.89001,320.92001,1265,341189000000,1.040,12
3080,2021-05-28 11:15:00.0000000,320.98001,321.01999,320.92740,320.92740,5601,341285000000,1.040,12
3081,2021-05-28 11:16:00.0000000,321.04999,321.04999,320.95999,320.95999,3555,341359000000,1.040,12
3082,2021-05-28 11:17:00.0000000,321.14001,321.17990,321.04001,321.07001,5468,341455000000,1.040,12
3083,2021-05-28 11:18:00.0000000,321.01001,321.15500,321.01001,321.14999,3560,341316000000,1.040,12
3084,2021-05-28 11:19:00.0000000,321.04001,321.06989,321.02670,321.06989,971,341348000000,1.040,12
3085,2021-05-28 11:20:00.0000000,321.13501,321.13501,321.00000,321.04001,4288,341449000000,1.040,12
3086,2021-05-28 11:21:00.0000000,321.13000,321.17001,321.07001,321.12000,5908,341444000000,1.040,12
3087,2021-05-28 11:22:00.0000000,321.20499,321.20499,321.01999,321.10001,5967,341524000000,1.040,12
3088,2021-05-28 11:23:00.0000000,321.18979,321.23001,321.16000,321.16000,1916,341508000000,1.040,12
3089,2021-05-28 11:24:00.0000000,321.19000,321.19299,321.14999,321.16000,3611,341508000000,1.040,12
3090,2021-05-28 11:25:00.0000000,321.01999,321.17001,321.01999,321.17001,3918,341327000000,1.040,12
3091,2021-05-28 11:26:00.0000000,321.13501,321.13501,321.07001,321.07001,3496,341449000000,1.040,12
3092,2021-05-28 11:27:00.0000000,321.20001,321.22000,321.10001,321.10999,4756,341518000000,1.040,12
3093,2021-05-28 11:28:00.0000000,321.07999,321.20999,321.07999,321.20999,3707,341391000000,1.040,12
3094,2021-05-28 11:29:00.0000000,320.75751,321.04999,320.73999,321.04999,8081,341048000000,1.040,12
3095,2021-05-28 11:30:00.0000000,320.74500,320.81000,320.70001,320.78000,6681,341035000000,1.040,12
3096,2021-05-28 11:31:00.0000000,320.79001,320.91031,320.73001,320.73499,4104,341083000000,1.040,12
3097,2021-05-28 11:32:00.0000000,320.85999,320.85999,320.73001,320.82999,4479,341157000000,1.040,12
3098,2021-05-28 11:33:00.0000000,321.00000,321.00000,320.89999,320.92001,2331,341306000000,1.040,12
3099,2021-05-28 11:34:00.0000000,320.92999,321.14999,320.92999,321.04001,4328,341231000000,1.040,12
3100,2021-05-28 11:35:00.0000000,320.83920,320.93500,320.83920,320.93500,1919,341135000000,1.040,12
3101,2021-05-28 11:36:00.0000000,321.03000,321.06000,320.88000,320.89001,6643,341338000000,1.040,12
3102,2021-05-28 11:37:00.0000000,321.01999,321.05499,320.92999,321.01501,4149,341327000000,1.040,12
3103,2021-05-28 11:38:00.0000000,321.17001,321.17001,321.00000,321.00000,5457,341487000000,1.040,12
3104,2021-05-28 11:39:00.0000000,321.15051,321.16000,321.11340,321.14001,2319,341466000000,1.040,12
3105,2021-05-28 11:40:00.0000000,321.20001,321.23001,321.10001,321.22000,5009,341518000000,1.040,12
3106,2021-05-28 11:41:00.0000000,321.01001,321.20990,320.98001,321.20990,3976,341316000000,1.040,12
3107,2021-05-28 11:42:00.0000000,321.06601,321.13000,321.01001,321.04501,6640,341376000000,1.040,12
3108,2021-05-28 11:43:00.0000000,320.89999,321.10999,320.85999,321.10999,4622,341199000000,1.040,12
3109,2021-05-28 11:44:00.0000000,320.92999,320.93500,320.81000,320.93500,2534,341231000000,1.040,12
3110,2021-05-28 11:45:00.0000000,320.76501,320.96619,320.75000,320.94312,6095,341056000000,1.040,12
3111,2021-05-28 11:46:00.0000000,320.45001,320.79001,320.45001,320.72000,9609,340721000000,1.040,12
3112,2021-05-28 11:47:00.0000000,320.53000,320.63000,320.45001,320.45999,6900,340806000000,1.040,12
3113,2021-05-28 11:48:00.0000000,320.60999,320.60999,320.48001,320.54999,5916,340891000000,1.040,12
3114,2021-05-28 11:49:00.0000000,320.76999,320.76999,320.57999,320.59000,4142,341061000000,1.040,12
3115,2021-05-28 11:50:00.0000000,320.76001,320.89001,320.57001,320.89001,6336,341051000000,1.040,12
3116,2021-05-28 11:51:00.0000000,320.85999,320.92999,320.85001,320.85001,1713,341157000000,1.040,12
3117,2021-05-28 11:52:00.0000000,320.82001,320.89001,320.79999,320.85001,3822,341114000000,1.040,12
3118,2021-05-28 11:53:00.0000000,320.82999,320.85001,320.70999,320.76001,2355,341125000000,1.040,12
3119,2021-05-28 11:54:00.0000000,320.79501,320.79501,320.70001,320.79001,4454,341088000000,1.040,12
3120,2021-05-28 11:55:00.0000000,320.83429,320.83499,320.79001,320.79001,1956,341130000000,1.040,12
3121,2021-05-28 11:56:00.0000000,320.82999,320.85999,320.78000,320.79999,1738,341125000000,1.040,12
3122,2021-05-28 11:57:00.0000000,320.82001,320.84500,320.81000,320.82999,2882,341114000000,1.040,12
3123,2021-05-28 11:58:00.0000000,320.88000,320.94669,320.85001,320.85999,2109,341178000000,1.040,12
3124,2021-05-28 11:59:00.0000000,320.85999,320.92001,320.82999,320.82999,1898,341157000000,1.040,12
3125,2021-05-28 12:00:00.0000000,320.67999,320.79999,320.60999,320.79999,4800,340966000000,1.040,12
3126,2021-05-28 12:01:00.0000000,320.70001,320.77139,320.70001,320.73990,3480,340987000000,1.040,12
3127,2021-05-28 12:02:00.0000000,320.74500,320.74500,320.60001,320.72299,4447,341035000000,1.040,12
3128,2021-05-28 12:03:00.0000000,320.76001,320.76999,320.72000,320.72000,2995,341051000000,1.040,12
3129,2021-05-28 12:04:00.0000000,320.66000,320.73999,320.57999,320.70490,3322,340944000000,1.040,12
3130,2021-05-28 12:05:00.0000000,320.77499,320.79999,320.70001,320.73999,3172,341067000000,1.040,12
3131,2021-05-28 12:06:00.0000000,320.85001,320.89001,320.70999,320.76001,8406,341146000000,1.040,12
3132,2021-05-28 12:07:00.0000000,320.84000,320.92999,320.73999,320.82001,7668,341136000000,1.040,12
3133,2021-05-28 12:08:00.0000000,320.73999,320.87500,320.67999,320.87500,5782,341029000000,1.040,12
3134,2021-05-28 12:09:00.0000000,320.56000,320.73001,320.47000,320.73001,6817,340838000000,1.040,12
3135,2021-05-28 12:10:00.0000000,320.57001,320.61499,320.57001,320.61499,2110,340849000000,1.040,12
3136,2021-05-28 12:11:00.0000000,320.53000,320.56000,320.53000,320.53000,2614,340806000000,1.040,12
3137,2021-05-28 12:12:00.0000000,320.54999,320.54999,320.53000,320.54001,1872,340827000000,1.040,12
3138,2021-05-28 12:13:00.0000000,320.57269,320.57269,320.51001,320.56000,1678,340851000000,1.040,12
3139,2021-05-28 12:14:00.0000000,320.60001,320.72989,320.60001,320.62000,3430,340881000000,1.040,12
3140,2021-05-28 12:15:00.0000000,320.60001,320.67001,320.57001,320.59500,4050,340881000000,1.040,12
3141,2021-05-28 12:16:00.0000000,320.45001,320.54999,320.42999,320.54001,6254,340721000000,1.040,12
3142,2021-05-28 12:17:00.0000000,320.50000,320.50000,320.41000,320.42001,2761,340774000000,1.040,12
3143,2021-05-28 12:18:00.0000000,320.45999,320.50000,320.45999,320.48999,2566,340732000000,1.040,12
3144,2021-05-28 12:19:00.0000000,320.44839,320.54990,320.39999,320.42999,5211,340719000000,1.040,12
3145,2021-05-28 12:20:00.0000000,320.60440,320.60440,320.39001,320.45999,6208,340885000000,1.040,12
3146,2021-05-28 12:21:00.0000000,320.44000,320.56470,320.35001,320.51999,4748,340710000000,1.040,12
3147,2021-05-28 12:22:00.0000000,320.37500,320.39001,320.16000,320.39001,9994,340641000000,1.040,12
3148,2021-05-28 12:23:00.0000000,320.60001,320.60001,320.38739,320.38739,2615,340881000000,1.040,12
3149,2021-05-28 12:24:00.0000000,320.59000,320.60999,320.54001,320.59000,3199,340870000000,1.040,12
3150,2021-05-28 12:25:00.0000000,320.53000,320.66000,320.48999,320.59000,4372,340806000000,1.040,12
3151,2021-05-28 12:26:00.0000000,320.57001,320.57001,320.54001,320.54001,1889,340849000000,1.040,12
3152,2021-05-28 12:27:00.0000000,320.42999,320.67999,320.42999,320.62000,8081,340700000000,1.040,12
3153,2021-05-28 12:28:00.0000000,320.51001,320.51001,320.41751,320.41751,2066,340785000000,1.040,12
3154,2021-05-28 12:29:00.0000000,320.60999,320.66000,320.52499,320.57001,2444,340891000000,1.040,12
3155,2021-05-28 12:30:00.0000000,320.57001,320.59000,320.57001,320.59000,2279,340849000000,1.040,12
3156,2021-05-28 12:31:00.0000000,320.60501,320.63000,320.60001,320.63000,1775,340886000000,1.040,12
3157,2021-05-28 12:32:00.0000000,320.56000,320.60001,320.56000,320.60001,1947,340838000000,1.040,12
3158,2021-05-28 12:33:00.0000000,320.48999,320.53000,320.47000,320.53000,2006,340764000000,1.040,12
3159,2021-05-28 12:34:00.0000000,320.54001,320.59000,320.48999,320.51001,2654,340817000000,1.040,12
3160,2021-05-28 12:35:00.0000000,320.39001,320.56500,320.39001,320.55301,7990,340657000000,1.040,12
3161,2021-05-28 12:36:00.0000000,320.46661,320.57999,320.45999,320.53000,3150,340739000000,1.040,12
3162,2021-05-28 12:37:00.0000000,320.57990,320.64999,320.47000,320.53000,3734,340859000000,1.040,12
3163,2021-05-28 12:38:00.0000000,320.57001,320.64001,320.56000,320.57999,4452,340849000000,1.040,12
3164,2021-05-28 12:39:00.0000000,320.53000,320.61990,320.53000,320.57001,3101,340806000000,1.040,12
3165,2021-05-28 12:40:00.0000000,320.60001,320.60001,320.54501,320.57001,1021,340881000000,1.040,12
3166,2021-05-28 12:41:00.0000000,320.51990,320.61990,320.45001,320.61990,6129,340795000000,1.040,12
3167,2021-05-28 12:42:00.0000000,320.45001,320.51001,320.44009,320.45001,2218,340721000000,1.040,12
3168,2021-05-28 12:43:00.0000000,320.50000,320.51990,320.48001,320.48999,1524,340774000000,1.040,12
3169,2021-05-28 12:44:00.0000000,320.45001,320.50989,320.45001,320.48001,1572,340721000000,1.040,12
3170,2021-05-28 12:45:00.0000000,320.42999,320.50989,320.38000,320.45001,3757,340700000000,1.040,12
3171,2021-05-28 12:46:00.0000000,320.50989,320.51001,320.35999,320.42001,10047,340785000000,1.040,12
3172,2021-05-28 12:47:00.0000000,320.38501,320.48090,320.35999,320.48090,2970,340652000000,1.040,12
3173,2021-05-28 12:48:00.0000000,320.07501,320.38000,319.97000,320.38000,16209,340322000000,1.040,12
3174,2021-05-28 12:49:00.0000000,320.14001,320.21991,320.10001,320.10999,3237,340391000000,1.040,12
3175,2021-05-28 12:50:00.0000000,320.10251,320.19989,320.09000,320.09000,5856,340352000000,1.040,12
3176,2021-05-28 12:51:00.0000000,320.10999,320.17999,320.10999,320.16000,5883,340360000000,1.040,12
3177,2021-05-28 12:52:00.0000000,320.18851,320.20999,320.02719,320.12000,5014,340443000000,1.040,12
3178,2021-05-28 12:53:00.0000000,320.25000,320.26001,320.13950,320.17001,2243,340508000000,1.040,12
3179,2021-05-28 12:54:00.0000000,320.23001,320.30981,320.19000,320.22000,5599,340487000000,1.040,12
3180,2021-05-28 12:55:00.0000000,320.09000,320.22000,320.09000,320.22000,3743,340338000000,1.040,12
3181,2021-05-28 12:56:00.0000000,320.12991,320.19989,320.04001,320.13000,8531,340381000000,1.040,12
3182,2021-05-28 12:57:00.0000000,320.14001,320.16461,320.04001,320.10001,4725,340391000000,1.040,12
3183,2021-05-28 12:58:00.0000000,320.23999,320.26001,320.17990,320.17990,1699,340498000000,1.040,12
3184,2021-05-28 12:59:00.0000000,320.12991,320.19000,320.12991,320.19000,2280,340381000000,1.040,12
3185,2021-05-28 13:00:00.0000000,320.23001,320.23001,320.07001,320.09000,4697,340487000000,1.040,12
3186,2021-05-28 13:01:00.0000000,320.07001,320.16150,319.92999,320.16150,6383,340317000000,1.040,12
3187,2021-05-28 13:02:00.0000000,320.23001,320.23001,320.08990,320.09000,1486,340487000000,1.040,12
3188,2021-05-28 13:03:00.0000000,320.13000,320.25989,320.13000,320.17999,3566,340381000000,1.040,12
3189,2021-05-28 13:04:00.0000000,320.16000,320.16000,320.10001,320.12000,3902,340413000000,1.040,12
3190,2021-05-28 13:05:00.0000000,320.13000,320.17999,320.04999,320.17999,4106,340381000000,1.040,12
3191,2021-05-28 13:06:00.0000000,320.14999,320.14999,320.06000,320.13000,3134,340402000000,1.040,12
3192,2021-05-28 13:07:00.0000000,320.01001,320.13000,320.01001,320.10999,3064,340253000000,1.040,12
3193,2021-05-28 13:08:00.0000000,320.01001,320.01001,319.88000,319.95999,6569,340253000000,1.040,12
3194,2021-05-28 13:09:00.0000000,319.95999,319.97000,319.89001,319.92999,3601,340200000000,1.040,12
3195,2021-05-28 13:10:00.0000000,320.06000,320.07001,319.85001,319.92999,7123,340306000000,1.040,12
3196,2021-05-28 13:11:00.0000000,320.03000,320.03000,320.03000,320.03000,6054,340274000000,1.040,12
3197,2021-05-28 13:12:00.0000000,320.14001,320.14001,320.00000,320.04001,5449,340391000000,1.040,12
3198,2021-05-28 13:13:00.0000000,319.92001,320.14990,319.88000,320.14990,5300,340158000000,1.040,12
3199,2021-05-28 13:14:00.0000000,319.95001,319.97000,319.82001,319.91000,7406,340189000000,1.040,12
3200,2021-05-28 13:15:00.0000000,319.95999,320.01001,319.92999,319.95999,6413,340200000000,1.040,12
3201,2021-05-28 13:16:00.0000000,319.82999,320.03000,319.73999,320.03000,10606,340062000000,1.040,12
3202,2021-05-28 13:17:00.0000000,319.85001,319.87909,319.79001,319.85989,4879,340083000000,1.040,12
3203,2021-05-28 13:18:00.0000000,319.87991,319.87991,319.81500,319.85001,3862,340115000000,1.040,12
3204,2021-05-28 13:19:00.0000000,319.79001,319.79001,319.79001,319.79001,1110,340019000000,1.040,12
3205,2021-05-28 13:20:00.0000000,320.06000,320.06000,319.88000,319.89999,6344,340306000000,1.040,12
3206,2021-05-28 13:21:00.0000000,319.98999,320.03000,319.92999,319.98999,5724,340232000000,1.040,12
3207,2021-05-28 13:22:00.0000000,319.76001,319.95001,319.73001,319.95001,9075,339987000000,1.040,12
3208,2021-05-28 13:23:00.0000000,319.76001,319.85989,319.70001,319.71930,5290,339987000000,1.040,12
3209,2021-05-28 13:24:00.0000000,319.91000,319.91000,319.70999,319.70999,2642,340147000000,1.040,12
3210,2021-05-28 13:25:00.0000000,319.87000,319.92999,319.82999,319.87271,3652,340104000000,1.040,12
3211,2021-05-28 13:26:00.0000000,319.92999,319.92999,319.84000,319.84000,1455,340168000000,1.040,12
3212,2021-05-28 13:27:00.0000000,319.84500,319.92001,319.84500,319.91000,2218,340078000000,1.040,12
3213,2021-05-28 13:28:00.0000000,319.94000,319.94000,319.89001,319.89001,1348,340179000000,1.040,12
3214,2021-05-28 13:29:00.0000000,320.01001,320.03989,319.98001,320.02319,1797,340253000000,1.040,12
3215,2021-05-28 13:30:00.0000000,320.02640,320.04001,319.95001,320.04001,5491,340271000000,1.040,12
3216,2021-05-28 13:31:00.0000000,320.17001,320.17001,320.04001,320.04001,3758,340423000000,1.040,12
3217,2021-05-28 13:32:00.0000000,320.18500,320.22989,320.12000,320.14999,3236,340439000000,1.040,12
3218,2021-05-28 13:33:00.0000000,320.19000,320.30530,320.14001,320.14001,3326,340445000000,1.040,12
3219,2021-05-28 13:34:00.0000000,320.10999,320.21359,320.10999,320.18500,2127,340360000000,1.040,12
3220,2021-05-28 13:35:00.0000000,320.17001,320.19110,320.12000,320.12000,2145,340423000000,1.040,12
3221,2021-05-28 13:36:00.0000000,320.17999,320.18729,320.09000,320.14999,3669,340434000000,1.040,12
3222,2021-05-28 13:37:00.0000000,320.24991,320.24991,320.19000,320.19000,1447,340508000000,1.040,12
3223,2021-05-28 13:38:00.0000000,320.20001,320.24991,320.13000,320.19000,6275,340455000000,1.040,12
3224,2021-05-28 13:39:00.0000000,320.14001,320.29999,320.14001,320.26999,4577,340391000000,1.040,12
3225,2021-05-28 13:40:00.0000000,320.07999,320.17249,320.07001,320.14001,4401,340328000000,1.040,12
3226,2021-05-28 13:41:00.0000000,320.10501,320.20999,320.07001,320.14999,5035,340354000000,1.040,12
3227,2021-05-28 13:42:00.0000000,320.02499,320.14001,320.01001,320.07001,2613,340269000000,1.040,12
3228,2021-05-28 13:43:00.0000000,320.01501,320.07999,319.98999,320.04001,3811,340259000000,1.040,12
3229,2021-05-28 13:44:00.0000000,319.93250,320.01999,319.85999,320.01001,10219,340171000000,1.040,12
3230,2021-05-28 13:45:00.0000000,319.91000,320.00989,319.91000,319.95999,4698,340147000000,1.040,12
3231,2021-05-28 13:46:00.0000000,319.96500,319.98001,319.89999,319.89999,2782,340205000000,1.040,12
3232,2021-05-28 13:47:00.0000000,319.89001,319.97000,319.88000,319.92999,5268,340126000000,1.040,12
3233,2021-05-28 13:48:00.0000000,319.82999,319.95001,319.82999,319.84000,3778,340062000000,1.040,12
3234,2021-05-28 13:49:00.0000000,319.89999,319.95001,319.78000,319.82999,5705,340136000000,1.040,12
3235,2021-05-28 13:50:00.0000000,319.92001,319.92001,319.86499,319.89999,2278,340158000000,1.040,12
3236,2021-05-28 13:51:00.0000000,319.85001,319.91000,319.84000,319.91000,2368,340083000000,1.040,12
3237,2021-05-28 13:52:00.0000000,319.89001,319.92999,319.89001,319.91000,1885,340126000000,1.040,12
3238,2021-05-28 13:53:00.0000000,319.95499,319.97000,319.90500,319.90500,1205,340195000000,1.040,12
3239,2021-05-28 13:54:00.0000000,320.04001,320.06989,319.92001,319.92001,3592,340285000000,1.040,12
3240,2021-05-28 13:55:00.0000000,320.13000,320.17999,320.03171,320.03500,4731,340381000000,1.040,12
3241,2021-05-28 13:56:00.0000000,320.12000,320.13000,320.07999,320.07999,2313,340370000000,1.040,12
3242,2021-05-28 13:57:00.0000000,319.94000,320.10001,319.94000,320.09000,6336,340179000000,1.040,12
3243,2021-05-28 13:58:00.0000000,319.94000,319.94000,319.87000,319.91000,2541,340179000000,1.040,12
3244,2021-05-28 13:59:00.0000000,320.01001,320.01001,319.89001,319.89001,1713,340253000000,1.040,12
3245,2021-05-28 14:00:00.0000000,320.06000,320.06000,319.95001,319.95999,5211,340306000000,1.040,12
3246,2021-05-28 14:01:00.0000000,320.00000,320.07571,320.00000,320.07571,1429,340243000000,1.040,12
3247,2021-05-28 14:02:00.0000000,320.01999,320.07001,319.95999,319.97000,9196,340264000000,1.040,12
3248,2021-05-28 14:03:00.0000000,320.04001,320.04999,320.01999,320.04001,1563,340285000000,1.040,12
3249,2021-05-28 14:04:00.0000000,320.06000,320.07999,319.98001,319.98001,1524,340306000000,1.040,12
3250,2021-05-28 14:05:00.0000000,319.98999,320.18991,319.95001,320.07001,7999,340232000000,1.040,12
3251,2021-05-28 14:06:00.0000000,320.07001,320.07001,319.98001,320.01001,3105,340317000000,1.040,12
3252,2021-05-28 14:07:00.0000000,320.01001,320.07999,320.01001,320.03000,1825,340253000000,1.040,12
3253,2021-05-28 14:08:00.0000000,320.00000,320.04990,319.91501,319.99109,3995,340243000000,1.040,12
3254,2021-05-28 14:09:00.0000000,320.17599,320.23001,320.00000,320.02499,14365,340430000000,1.040,12
3255,2021-05-28 14:10:00.0000000,320.07999,320.16000,320.07999,320.12000,5787,340328000000,1.040,12
3256,2021-05-28 14:11:00.0000000,319.92999,320.07001,319.92999,320.07001,1657,340168000000,1.040,12
3257,2021-05-28 14:12:00.0000000,319.82001,319.96991,319.78699,319.92999,5275,340051000000,1.040,12
3258,2021-05-28 14:13:00.0000000,319.84000,319.85001,319.78000,319.81500,4445,340072000000,1.040,12
3259,2021-05-28 14:14:00.0000000,319.79501,319.90591,319.79501,319.85999,2679,340025000000,1.040,12
3260,2021-05-28 14:15:00.0000000,319.76111,319.82990,319.76001,319.79501,4478,339989000000,1.040,12
3261,2021-05-28 14:16:00.0000000,319.79999,319.84000,319.75000,319.76001,6044,340030000000,1.040,12
3262,2021-05-28 14:17:00.0000000,319.67999,319.79001,319.64999,319.76001,7606,339902000000,1.040,12
3263,2021-05-28 14:18:00.0000000,319.81000,319.81500,319.67001,319.67999,5104,340041000000,1.040,12
3264,2021-05-28 14:19:00.0000000,319.94989,319.94989,319.76001,319.76001,3418,340189000000,1.040,12
3265,2021-05-28 14:20:00.0000000,319.79999,319.88000,319.79999,319.88000,2822,340030000000,1.040,12
3266,2021-05-28 14:21:00.0000000,319.83981,319.85001,319.76001,319.76999,2477,340072000000,1.040,12
3267,2021-05-28 14:22:00.0000000,319.91000,319.91000,319.83951,319.83951,2258,340147000000,1.040,12
3268,2021-05-28 14:23:00.0000000,319.85001,319.91000,319.85001,319.89999,3956,340083000000,1.040,12
3269,2021-05-28 14:24:00.0000000,319.85001,319.85001,319.84000,319.84000,1359,340083000000,1.040,12
3270,2021-05-28 14:25:00.0000000,319.81000,319.81000,319.76999,319.76999,1764,340041000000,1.040,12
3271,2021-05-28 14:26:00.0000000,319.82001,319.84470,319.82001,319.82999,3229,340051000000,1.040,12
3272,2021-05-28 14:27:00.0000000,319.79999,319.85999,319.75000,319.82999,4213,340030000000,1.040,12
3273,2021-05-28 14:28:00.0000000,319.67999,319.75000,319.67001,319.75000,4655,339902000000,1.040,12
3274,2021-05-28 14:29:00.0000000,319.68079,319.73999,319.64001,319.67999,2674,339903000000,1.040,12
3275,2021-05-28 14:30:00.0000000,319.73999,319.73999,319.64001,319.64001,3702,339966000000,1.040,12
3276,2021-05-28 14:31:00.0000000,319.72989,319.73999,319.69000,319.70999,4191,339955000000,1.040,12
3277,2021-05-28 14:32:00.0000000,319.72000,319.79001,319.72000,319.73999,2704,339945000000,1.040,12
3278,2021-05-28 14:33:00.0000000,319.72800,319.73999,319.69000,319.73999,2206,339953000000,1.040,12
3279,2021-05-28 14:34:00.0000000,319.60999,319.69000,319.60999,319.69000,5040,339828000000,1.040,12
3280,2021-05-28 14:35:00.0000000,319.59000,319.59000,319.57001,319.59000,2252,339807000000,1.040,12
3281,2021-05-28 14:36:00.0000000,319.50000,319.64999,319.48999,319.64999,3230,339711000000,1.040,12
3282,2021-05-28 14:37:00.0000000,319.51941,319.53650,319.43011,319.51990,4286,339732000000,1.040,12
3283,2021-05-28 14:38:00.0000000,319.54999,319.54999,319.51999,319.51999,1332,339764000000,1.040,12
3284,2021-05-28 14:39:00.0000000,319.51001,319.53000,319.48001,319.53000,3828,339722000000,1.040,12
3285,2021-05-28 14:40:00.0000000,319.54001,319.57001,319.53000,319.53000,3765,339753000000,1.040,12
3286,2021-05-28 14:41:00.0000000,319.45999,319.51099,319.45001,319.51099,2778,339668000000,1.040,12
3287,2021-05-28 14:42:00.0000000,319.41611,319.45999,319.41611,319.44141,1664,339622000000,1.040,12
3288,2021-05-28 14:43:00.0000000,319.45999,319.47000,319.45999,319.46960,2984,339668000000,1.040,12
3289,2021-05-28 14:44:00.0000000,319.48001,319.49619,319.45001,319.45001,2539,339690000000,1.040,12
3290,2021-05-28 14:45:00.0000000,319.51001,319.51001,319.45001,319.45001,4622,339722000000,1.040,12
3291,2021-05-28 14:46:00.0000000,319.48999,319.50519,319.48001,319.50519,2303,339700000000,1.040,12
3292,2021-05-28 14:47:00.0000000,319.46500,319.47000,319.44000,319.45001,2204,339674000000,1.040,12
3293,2021-05-28 14:48:00.0000000,319.41000,319.45001,319.41000,319.45001,2595,339615000000,1.040,12
3294,2021-05-28 14:49:00.0000000,319.42001,319.48999,319.42001,319.42001,5167,339626000000,1.040,12
3295,2021-05-28 14:50:00.0000000,319.44000,319.45499,319.39999,319.45499,5732,339647000000,1.040,12
3296,2021-05-28 14:51:00.0000000,319.51001,319.51001,319.42999,319.45001,2611,339722000000,1.040,12
3297,2021-05-28 14:52:00.0000000,319.48761,319.54999,319.48499,319.48999,3899,339698000000,1.040,12
3298,2021-05-28 14:53:00.0000000,319.59000,319.60999,319.50000,319.50000,3762,339807000000,1.040,12
3299,2021-05-28 14:54:00.0000000,319.63000,319.63000,319.54999,319.56000,2293,339849000000,1.040,12
3300,2021-05-28 14:55:00.0000000,319.67999,319.70999,319.63000,319.63000,3475,339902000000,1.040,12
3301,2021-05-28 14:56:00.0000000,319.67001,319.69000,319.63000,319.69000,4667,339892000000,1.040,12
3302,2021-05-28 14:57:00.0000000,319.64999,319.64999,319.57590,319.60001,4796,339870000000,1.040,12
3303,2021-05-28 14:58:00.0000000,319.70001,319.70999,319.68259,319.70999,1448,339924000000,1.040,12
3304,2021-05-28 14:59:00.0000000,319.73581,319.76041,319.70499,319.70999,2244,339962000000,1.040,12
3305,2021-05-28 15:00:00.0000000,319.67001,319.73001,319.63000,319.73001,5275,339892000000,1.040,12
3306,2021-05-28 09:30:00.0000000,231.78000,232.24001,231.54500,232.00000,40878,160984000000,1.160,13
3307,2021-05-28 09:31:00.0000000,231.47501,231.71001,231.47501,231.71001,2538,160772000000,1.160,13
3308,2021-05-28 09:32:00.0000000,231.01500,231.44501,230.86000,231.44501,7346,160453000000,1.160,13
3309,2021-05-28 09:33:00.0000000,231.00000,231.04500,230.72200,230.86000,8890,160442000000,1.160,13
3310,2021-05-28 09:34:00.0000000,231.08000,231.23000,231.00000,231.12000,4816,160498000000,1.160,13
3311,2021-05-28 09:35:00.0000000,231.13000,231.35001,231.08000,231.24750,5614,160533000000,1.160,13
3312,2021-05-28 09:36:00.0000000,231.02000,231.20000,230.95000,231.08000,3001,160456000000,1.160,13
3313,2021-05-28 09:37:00.0000000,230.81000,231.13741,230.61000,230.96001,6322,160310000000,1.160,13
3314,2021-05-28 09:38:00.0000000,230.58060,230.89000,230.58060,230.75999,2477,160151000000,1.160,13
3315,2021-05-28 09:39:00.0000000,231.24001,231.24001,231.00000,231.00000,6906,160609000000,1.160,13
3316,2021-05-28 09:40:00.0000000,231.00999,231.16000,231.00999,231.13000,3258,160449000000,1.160,13
3317,2021-05-28 09:41:00.0000000,230.72000,231.00000,230.67999,230.78999,3223,160248000000,1.160,13
3318,2021-05-28 09:42:00.0000000,230.44000,230.71001,230.39999,230.71001,3765,160053000000,1.160,13
3319,2021-05-28 09:43:00.0000000,230.49001,230.67999,230.31000,230.31000,6418,160088000000,1.160,13
3320,2021-05-28 09:44:00.0000000,230.48000,230.60001,230.48000,230.53500,1659,160081000000,1.160,13
3321,2021-05-28 09:45:00.0000000,230.49001,230.62000,230.45000,230.46500,4692,160088000000,1.160,13
3322,2021-05-28 09:46:00.0000000,230.63000,230.67999,230.46001,230.50000,9811,160185000000,1.160,13
3323,2021-05-28 09:47:00.0000000,230.62000,230.71320,230.61000,230.67500,5456,160179000000,1.160,13
3324,2021-05-28 09:48:00.0000000,230.49001,230.58000,230.36000,230.48000,6429,160088000000,1.160,13
3325,2021-05-28 09:49:00.0000000,230.41000,230.62000,230.41000,230.58000,5338,160033000000,1.160,13
3326,2021-05-28 09:50:00.0000000,230.39999,230.50999,230.39999,230.49001,5046,160026000000,1.160,13
3327,2021-05-28 09:51:00.0000000,230.34000,230.53500,230.34000,230.39000,4807,159984000000,1.160,13
3328,2021-05-28 09:52:00.0000000,230.67000,230.67999,230.37000,230.37000,2853,160213000000,1.160,13
3329,2021-05-28 09:53:00.0000000,230.89000,230.92000,230.73500,230.73500,1789,160366000000,1.160,13
3330,2021-05-28 09:54:00.0000000,230.85500,230.97000,230.85001,230.89999,8659,160342000000,1.160,13
3331,2021-05-28 09:55:00.0000000,231.06000,231.06000,230.87000,230.95000,3681,160484000000,1.160,13
3332,2021-05-28 09:56:00.0000000,230.86000,231.06000,230.69000,231.06000,7282,160345000000,1.160,13
3333,2021-05-28 09:57:00.0000000,231.08501,231.08501,230.92000,230.92000,1372,160501000000,1.160,13
3334,2021-05-28 09:58:00.0000000,230.94000,231.14999,230.85500,231.14999,5014,160401000000,1.160,13
3335,2021-05-28 09:59:00.0000000,231.19000,231.19000,231.00999,231.00999,4513,160574000000,1.160,13
3336,2021-05-28 10:00:00.0000000,231.11000,231.31000,231.11000,231.20000,6080,160519000000,1.160,13
3337,2021-05-28 10:01:00.0000000,231.19000,231.26500,231.05000,231.07001,4539,160574000000,1.160,13
3338,2021-05-28 10:02:00.0000000,231.25999,231.37000,231.21001,231.21001,3855,160623000000,1.160,13
3339,2021-05-28 10:03:00.0000000,231.33000,231.33000,231.24001,231.28500,1649,160672000000,1.160,13
3340,2021-05-28 10:04:00.0000000,231.28999,231.36501,231.13000,231.36501,8613,160644000000,1.160,13
3341,2021-05-28 10:05:00.0000000,231.12000,231.33000,231.12000,231.25999,5625,160526000000,1.160,13
3342,2021-05-28 10:06:00.0000000,231.06000,231.10001,231.03999,231.10001,6865,160484000000,1.160,13
3343,2021-05-28 10:07:00.0000000,231.13000,231.13000,231.00000,231.10001,11805,160533000000,1.160,13
3344,2021-05-28 10:08:00.0000000,231.32001,231.32001,231.16000,231.16000,6850,160665000000,1.160,13
3345,2021-05-28 10:09:00.0000000,231.49001,231.53000,231.28000,231.30000,6092,160783000000,1.160,13
3346,2021-05-28 10:10:00.0000000,231.17000,231.51500,231.16000,231.46001,7852,160561000000,1.160,13
3347,2021-05-28 10:11:00.0000000,231.12180,231.20000,231.07001,231.20000,3261,160527000000,1.160,13
3348,2021-05-28 10:12:00.0000000,230.77000,231.05000,230.77000,231.05000,3608,160283000000,1.160,13
3349,2021-05-28 10:13:00.0000000,230.83000,230.86000,230.66000,230.75999,6399,160324000000,1.160,13
3350,2021-05-28 10:14:00.0000000,230.73000,230.88000,230.73000,230.83000,5068,160255000000,1.160,13
3351,2021-05-28 10:15:00.0000000,230.78999,230.84000,230.74001,230.80000,4584,160297000000,1.160,13
3352,2021-05-28 10:16:00.0000000,230.81500,230.86000,230.78999,230.86000,3153,160314000000,1.160,13
3353,2021-05-28 10:17:00.0000000,230.67000,230.77000,230.59000,230.77000,5610,160213000000,1.160,13
3354,2021-05-28 10:18:00.0000000,230.73000,230.88000,230.71001,230.71001,6148,160255000000,1.160,13
3355,2021-05-28 10:19:00.0000000,230.84000,230.94000,230.57001,230.73000,6407,160331000000,1.160,13
3356,2021-05-28 10:20:00.0000000,230.87000,230.92999,230.75000,230.88499,4898,160352000000,1.160,13
3357,2021-05-28 10:21:00.0000000,230.85001,230.96001,230.82001,230.83501,7125,160338000000,1.160,13
3358,2021-05-28 10:22:00.0000000,230.84000,230.95000,230.84000,230.89000,3711,160331000000,1.160,13
3359,2021-05-28 10:23:00.0000000,230.88000,230.89999,230.80000,230.89000,4477,160359000000,1.160,13
3360,2021-05-28 10:24:00.0000000,230.53000,230.86000,230.53000,230.86000,5139,160116000000,1.160,13
3361,2021-05-28 10:25:00.0000000,230.37000,230.57001,230.37000,230.56000,2757,160005000000,1.160,13
3362,2021-05-28 10:26:00.0000000,230.48000,230.53990,230.34000,230.34000,5580,160081000000,1.160,13
3363,2021-05-28 10:27:00.0000000,230.47000,230.53500,230.37000,230.48000,5169,160074000000,1.160,13
3364,2021-05-28 10:28:00.0000000,230.45500,230.50000,230.39000,230.48000,7212,160064000000,1.160,13
3365,2021-05-28 10:29:00.0000000,230.42000,230.50999,230.39999,230.46001,6422,160040000000,1.160,13
3366,2021-05-28 10:30:00.0000000,230.53000,230.62000,230.46001,230.46001,8999,160116000000,1.160,13
3367,2021-05-28 10:31:00.0000000,230.69000,230.71001,230.59000,230.59000,4472,160227000000,1.160,13
3368,2021-05-28 10:32:00.0000000,230.72000,230.78000,230.71001,230.73000,1996,160248000000,1.160,13
3369,2021-05-28 10:33:00.0000000,230.86000,230.89999,230.69000,230.75500,3245,160345000000,1.160,13
3370,2021-05-28 10:34:00.0000000,230.89999,230.94000,230.78000,230.86150,6034,160373000000,1.160,13
3371,2021-05-28 10:35:00.0000000,230.95219,230.98000,230.89000,230.91000,4324,160409000000,1.160,13
3372,2021-05-28 10:36:00.0000000,230.86000,231.03000,230.84000,230.94501,4517,160345000000,1.160,13
3373,2021-05-28 10:37:00.0000000,230.75999,230.92000,230.71001,230.86501,8365,160276000000,1.160,13
3374,2021-05-28 10:38:00.0000000,230.70461,230.72000,230.59000,230.67999,6088,160237000000,1.160,13
3375,2021-05-28 10:39:00.0000000,230.77000,230.84000,230.67999,230.67999,4260,160283000000,1.160,13
3376,2021-05-28 10:40:00.0000000,230.89800,230.89800,230.74001,230.74001,3489,160372000000,1.160,13
3377,2021-05-28 10:41:00.0000000,230.78999,230.88000,230.75999,230.87000,5800,160297000000,1.160,13
3378,2021-05-28 10:42:00.0000000,230.89999,230.91000,230.75000,230.75000,2021,160373000000,1.160,13
3379,2021-05-28 10:43:00.0000000,231.11000,231.11000,230.95000,230.96001,2199,160519000000,1.160,13
3380,2021-05-28 10:44:00.0000000,231.16000,231.17000,231.07001,231.17000,5187,160554000000,1.160,13
3381,2021-05-28 10:45:00.0000000,231.14999,231.19000,231.11501,231.14999,2135,160547000000,1.160,13
3382,2021-05-28 10:46:00.0000000,231.03999,231.17999,231.00000,231.17000,7436,160470000000,1.160,13
3383,2021-05-28 10:47:00.0000000,231.07001,231.07001,231.00999,231.00999,3559,160491000000,1.160,13
3384,2021-05-28 10:48:00.0000000,231.16901,231.16901,231.05000,231.10001,2735,160560000000,1.160,13
3385,2021-05-28 10:49:00.0000000,231.15500,231.20000,231.08000,231.13000,2738,160550000000,1.160,13
3386,2021-05-28 10:50:00.0000000,231.07001,231.17000,231.02000,231.14999,5599,160491000000,1.160,13
3387,2021-05-28 10:51:00.0000000,230.99001,231.14999,230.85001,231.12000,17650,160435000000,1.160,13
3388,2021-05-28 10:52:00.0000000,230.97501,231.05000,230.92500,231.00999,3393,160425000000,1.160,13
3389,2021-05-28 10:53:00.0000000,231.09000,231.09000,230.92999,230.92999,3349,160505000000,1.160,13
3390,2021-05-28 10:54:00.0000000,231.08000,231.14000,231.08000,231.14000,2552,160498000000,1.160,13
3391,2021-05-28 10:55:00.0000000,231.14000,231.14000,231.05000,231.07001,4770,160540000000,1.160,13
3392,2021-05-28 10:56:00.0000000,231.23000,231.26430,231.11000,231.13000,4432,160602000000,1.160,13
3393,2021-05-28 10:57:00.0000000,231.46001,231.46001,231.23500,231.25999,3278,160762000000,1.160,13
3394,2021-05-28 10:58:00.0000000,231.52499,231.52499,231.39000,231.47000,5288,160807000000,1.160,13
3395,2021-05-28 10:59:00.0000000,231.50000,231.59000,231.50000,231.54340,3640,160790000000,1.160,13
3396,2021-05-28 11:00:00.0000000,231.32629,231.55000,231.22000,231.55000,6337,160669000000,1.160,13
3397,2021-05-28 11:01:00.0000000,231.27000,231.35001,231.27000,231.30000,1400,160630000000,1.160,13
3398,2021-05-28 11:02:00.0000000,231.20000,231.27000,231.19000,231.27000,4136,160581000000,1.160,13
3399,2021-05-28 11:03:00.0000000,231.16499,231.25000,231.16499,231.17000,3430,160557000000,1.160,13
3400,2021-05-28 11:04:00.0000000,231.21001,231.25999,231.17999,231.20000,2354,160588000000,1.160,13
3401,2021-05-28 11:05:00.0000000,231.30000,231.33900,231.19501,231.22000,5490,160651000000,1.160,13
3402,2021-05-28 11:06:00.0000000,231.16000,231.31000,231.16000,231.30000,2724,160554000000,1.160,13
3403,2021-05-28 11:07:00.0000000,231.12000,231.21001,231.09000,231.21001,1516,160526000000,1.160,13
3404,2021-05-28 11:08:00.0000000,231.24590,231.24590,231.06000,231.06000,2802,160613000000,1.160,13
3405,2021-05-28 11:09:00.0000000,231.19000,231.23000,231.14000,231.22000,3458,160574000000,1.160,13
3406,2021-05-28 11:10:00.0000000,231.20000,231.20000,231.20000,231.20000,540,160581000000,1.160,13
3407,2021-05-28 11:11:00.0000000,231.12000,231.19000,231.12000,231.17999,5771,160526000000,1.160,13
3408,2021-05-28 11:12:00.0000000,231.05000,231.14000,231.05000,231.11000,4662,160477000000,1.160,13
3409,2021-05-28 11:13:00.0000000,231.06650,231.07001,231.04500,231.07001,1150,160489000000,1.160,13
3410,2021-05-28 11:14:00.0000000,231.05000,231.07980,231.02000,231.07980,3607,160477000000,1.160,13
3411,2021-05-28 11:15:00.0000000,231.12500,231.12500,231.05000,231.06000,2071,160529000000,1.160,13
3412,2021-05-28 11:16:00.0000000,231.32001,231.39000,231.13000,231.14999,7151,160665000000,1.160,13
3413,2021-05-28 11:17:00.0000000,231.28999,231.36000,231.25999,231.28000,1686,160644000000,1.160,13
3414,2021-05-28 11:18:00.0000000,231.39000,231.39000,231.27000,231.27000,846,160713000000,1.160,13
3415,2021-05-28 11:19:00.0000000,231.36169,231.41730,231.30009,231.30009,3520,160694000000,1.160,13
3416,2021-05-28 11:20:00.0000000,231.44000,231.44000,231.32001,231.32001,1272,160748000000,1.160,13
3417,2021-05-28 11:21:00.0000000,231.46001,231.47501,231.43500,231.44000,5534,160762000000,1.160,13
3418,2021-05-28 11:22:00.0000000,231.47000,231.47000,231.44000,231.44000,1983,160769000000,1.160,13
3419,2021-05-28 11:23:00.0000000,231.62000,231.64000,231.53999,231.53999,3124,160873000000,1.160,13
3420,2021-05-28 11:24:00.0000000,231.52000,231.61000,231.48500,231.61000,3050,160804000000,1.160,13
3421,2021-05-28 11:25:00.0000000,231.67999,231.67999,231.53000,231.53000,2114,160915000000,1.160,13
3422,2021-05-28 11:26:00.0000000,231.50000,231.64000,231.50000,231.61000,4063,160790000000,1.160,13
3423,2021-05-28 11:27:00.0000000,231.46001,231.53999,231.46001,231.53000,18059,160762000000,1.160,13
3424,2021-05-28 11:28:00.0000000,231.49001,231.50999,231.37000,231.45000,5896,160783000000,1.160,13
3425,2021-05-28 11:29:00.0000000,231.20000,231.41000,231.19000,231.36000,15176,160581000000,1.160,13
3426,2021-05-28 11:30:00.0000000,231.25999,231.33000,231.25000,231.30000,4221,160623000000,1.160,13
3427,2021-05-28 11:31:00.0000000,231.06000,231.22000,231.06000,231.22000,3951,160484000000,1.160,13
3428,2021-05-28 11:32:00.0000000,231.10500,231.14000,231.03999,231.06000,3640,160515000000,1.160,13
3429,2021-05-28 11:33:00.0000000,231.06000,231.13000,231.06000,231.09000,2821,160484000000,1.160,13
3430,2021-05-28 11:34:00.0000000,231.14000,231.16000,231.06000,231.07350,2870,160540000000,1.160,13
3431,2021-05-28 11:35:00.0000000,231.12000,231.16910,231.12000,231.14999,4728,160526000000,1.160,13
3432,2021-05-28 11:36:00.0000000,231.17560,231.24001,231.17560,231.17999,1784,160564000000,1.160,13
3433,2021-05-28 11:37:00.0000000,231.17999,231.22000,231.17999,231.21500,1103,160567000000,1.160,13
3434,2021-05-28 11:38:00.0000000,231.18100,231.23500,231.18100,231.22501,1759,160568000000,1.160,13
3435,2021-05-28 11:39:00.0000000,231.25000,231.25000,231.22000,231.22000,1561,160616000000,1.160,13
3436,2021-05-28 11:40:00.0000000,231.21001,231.27000,231.21001,231.25999,3215,160588000000,1.160,13
3437,2021-05-28 11:41:00.0000000,231.17000,231.24001,231.16000,231.24001,2580,160561000000,1.160,13
3438,2021-05-28 11:42:00.0000000,231.14000,231.17000,231.11000,231.17000,3727,160540000000,1.160,13
3439,2021-05-28 11:43:00.0000000,231.12500,231.21001,231.11000,231.11000,5462,160529000000,1.160,13
3440,2021-05-28 11:44:00.0000000,231.11000,231.14500,231.09000,231.14000,4019,160519000000,1.160,13
3441,2021-05-28 11:45:00.0000000,231.16000,231.17999,231.08000,231.12000,2420,160554000000,1.160,13
3442,2021-05-28 11:46:00.0000000,231.14000,231.20000,231.10001,231.14000,8023,160540000000,1.160,13
3443,2021-05-28 11:47:00.0000000,231.20000,231.20000,231.14000,231.17999,933,160581000000,1.160,13
3444,2021-05-28 11:48:00.0000000,231.27000,231.27000,231.21001,231.21001,763,160630000000,1.160,13
3445,2021-05-28 11:49:00.0000000,231.30000,231.35001,231.25000,231.27000,5198,160651000000,1.160,13
3446,2021-05-28 11:50:00.0000000,231.25999,231.32001,231.24001,231.28999,2841,160623000000,1.160,13
3447,2021-05-28 11:51:00.0000000,231.23000,231.28999,231.23000,231.25999,2340,160602000000,1.160,13
3448,2021-05-28 11:52:00.0000000,231.25999,231.25999,231.22000,231.22000,1361,160623000000,1.160,13
3449,2021-05-28 11:53:00.0000000,231.17000,231.24001,231.17000,231.24001,4184,160561000000,1.160,13
3450,2021-05-28 11:54:00.0000000,231.21001,231.24001,231.20000,231.20000,2157,160588000000,1.160,13
3451,2021-05-28 11:55:00.0000000,231.23000,231.23000,231.23000,231.23000,914,160602000000,1.160,13
3452,2021-05-28 11:56:00.0000000,231.21500,231.25000,231.21500,231.24001,1753,160592000000,1.160,13
3453,2021-05-28 11:57:00.0000000,231.33000,231.33000,231.22000,231.23000,3964,160672000000,1.160,13
3454,2021-05-28 11:58:00.0000000,231.28000,231.30000,231.25999,231.28999,1866,160637000000,1.160,13
3455,2021-05-28 11:59:00.0000000,231.25999,231.28000,231.25999,231.28000,726,160623000000,1.160,13
3456,2021-05-28 12:00:00.0000000,231.17000,231.25999,231.17000,231.25999,4420,160561000000,1.160,13
3457,2021-05-28 12:01:00.0000000,231.18539,231.20000,231.15080,231.19000,1827,160571000000,1.160,13
3458,2021-05-28 12:02:00.0000000,231.27000,231.27000,231.14000,231.18500,2809,160630000000,1.160,13
3459,2021-05-28 12:03:00.0000000,231.32001,231.32001,231.27000,231.27000,3017,160665000000,1.160,13
3460,2021-05-28 12:04:00.0000000,231.27000,231.31000,231.25000,231.28999,2360,160630000000,1.160,13
3461,2021-05-28 12:05:00.0000000,231.28000,231.32001,231.27499,231.28999,900,160637000000,1.160,13
3462,2021-05-28 12:06:00.0000000,231.23000,231.28999,231.21001,231.28999,3388,160602000000,1.160,13
3463,2021-05-28 12:07:00.0000000,231.25999,231.30000,231.25999,231.25999,1027,160623000000,1.160,13
3464,2021-05-28 12:08:00.0000000,231.28999,231.30000,231.28999,231.30000,1323,160644000000,1.160,13
3465,2021-05-28 12:09:00.0000000,231.27000,231.32001,231.27000,231.32001,4912,160630000000,1.160,13
3466,2021-05-28 12:10:00.0000000,231.22000,231.28000,231.19000,231.25999,3447,160595000000,1.160,13
3467,2021-05-28 12:11:00.0000000,231.00000,231.27000,230.99001,231.22000,21298,160442000000,1.160,13
3468,2021-05-28 12:12:00.0000000,230.91000,231.00999,230.89999,231.00000,10871,160380000000,1.160,13
3469,2021-05-28 12:13:00.0000000,231.03000,231.03000,230.94000,230.94000,1909,160463000000,1.160,13
3470,2021-05-28 12:14:00.0000000,231.05000,231.05000,231.02000,231.03000,1874,160477000000,1.160,13
3471,2021-05-28 12:15:00.0000000,231.13499,231.14999,231.05499,231.07001,2047,160536000000,1.160,13
3472,2021-05-28 12:16:00.0000000,231.12000,231.20000,231.12000,231.13000,5185,160526000000,1.160,13
3473,2021-05-28 12:17:00.0000000,231.17000,231.17999,231.09210,231.09500,1833,160561000000,1.160,13
3474,2021-05-28 12:18:00.0000000,231.12000,231.17999,231.12000,231.17000,2043,160526000000,1.160,13
3475,2021-05-28 12:19:00.0000000,231.09000,231.14999,231.06000,231.10001,3912,160505000000,1.160,13
3476,2021-05-28 12:20:00.0000000,231.11000,231.20000,230.99001,231.20000,5951,160519000000,1.160,13
3477,2021-05-28 12:21:00.0000000,230.95500,231.09000,230.95500,231.09000,1766,160411000000,1.160,13
3478,2021-05-28 12:22:00.0000000,231.08611,231.08611,231.05000,231.05000,792,160502000000,1.160,13
3479,2021-05-28 12:23:00.0000000,231.03999,231.10001,231.03999,231.10001,5300,160470000000,1.160,13
3480,2021-05-28 12:24:00.0000000,231.09000,231.09000,231.07001,231.09000,497,160505000000,1.160,13
3481,2021-05-28 12:25:00.0000000,231.06619,231.11000,231.05740,231.11000,1198,160488000000,1.160,13
3482,2021-05-28 12:26:00.0000000,231.00999,231.03999,230.98000,231.03000,2325,160449000000,1.160,13
3483,2021-05-28 12:27:00.0000000,230.94000,231.08000,230.94000,231.05000,2585,160401000000,1.160,13
3484,2021-05-28 12:28:00.0000000,231.03000,231.04179,230.99001,230.99001,2533,160463000000,1.160,13
3485,2021-05-28 12:29:00.0000000,231.01500,231.05000,230.94000,231.02000,1269,160453000000,1.160,13
3486,2021-05-28 12:30:00.0000000,231.00990,231.00990,230.92999,230.98000,1726,160449000000,1.160,13
3487,2021-05-28 12:31:00.0000000,231.07500,231.11000,231.03500,231.03500,2876,160495000000,1.160,13
3488,2021-05-28 12:32:00.0000000,231.09990,231.10001,231.07500,231.10001,2194,160512000000,1.160,13
3489,2021-05-28 12:33:00.0000000,231.00999,231.06000,231.00999,231.06000,2957,160449000000,1.160,13
3490,2021-05-28 12:34:00.0000000,231.08600,231.13000,231.03999,231.03999,1946,160502000000,1.160,13
3491,2021-05-28 12:35:00.0000000,231.07001,231.11000,231.05000,231.05499,3953,160491000000,1.160,13
3492,2021-05-28 12:36:00.0000000,231.07001,231.07001,231.07001,231.07001,280,160491000000,1.160,13
3493,2021-05-28 12:37:00.0000000,231.12000,231.12000,231.06500,231.08000,1348,160526000000,1.160,13
3494,2021-05-28 12:38:00.0000000,231.07001,231.14999,231.06500,231.13000,5821,160491000000,1.160,13
3495,2021-05-28 12:39:00.0000000,231.10001,231.13000,231.08000,231.08000,1391,160512000000,1.160,13
3496,2021-05-28 12:40:00.0000000,231.11000,231.22099,231.11000,231.17000,3790,160519000000,1.160,13
3497,2021-05-28 12:41:00.0000000,231.12000,231.16000,231.09000,231.12500,3531,160526000000,1.160,13
3498,2021-05-28 12:42:00.0000000,231.14999,231.17000,231.14999,231.16000,593,160547000000,1.160,13
3499,2021-05-28 12:43:00.0000000,231.14000,231.16000,231.14000,231.14999,1550,160540000000,1.160,13
3500,2021-05-28 12:44:00.0000000,231.17000,231.19000,231.14000,231.16000,2569,160561000000,1.160,13
3501,2021-05-28 12:45:00.0000000,231.14999,231.17000,231.14000,231.17000,1595,160547000000,1.160,13
3502,2021-05-28 12:46:00.0000000,231.23000,231.23000,231.13000,231.13091,5239,160602000000,1.160,13
3503,2021-05-28 12:47:00.0000000,231.19000,231.23000,231.19000,231.23000,1742,160574000000,1.160,13
3504,2021-05-28 12:48:00.0000000,230.95000,231.17999,230.92999,231.17999,14052,160408000000,1.160,13
3505,2021-05-28 12:49:00.0000000,231.06000,231.07001,231.00000,231.00000,2020,160484000000,1.160,13
3506,2021-05-28 12:50:00.0000000,231.06000,231.07820,231.06000,231.07820,1570,160484000000,1.160,13
3507,2021-05-28 12:51:00.0000000,231.06000,231.08501,231.06000,231.06000,693,160484000000,1.160,13
3508,2021-05-28 12:52:00.0000000,231.05499,231.06000,231.05499,231.06000,1079,160481000000,1.160,13
3509,2021-05-28 12:53:00.0000000,231.02000,231.06000,231.02000,231.06000,2758,160456000000,1.160,13
3510,2021-05-28 12:54:00.0000000,231.06000,231.06000,231.04550,231.04550,1262,160484000000,1.160,13
3511,2021-05-28 12:55:00.0000000,231.10001,231.10001,231.05000,231.06000,3358,160512000000,1.160,13
3512,2021-05-28 12:56:00.0000000,231.17999,231.17999,231.11000,231.11000,4126,160567000000,1.160,13
3513,2021-05-28 12:57:00.0000000,231.14000,231.17999,231.08000,231.17000,5091,160540000000,1.160,13
3514,2021-05-28 12:58:00.0000000,231.25999,231.25999,231.11000,231.11000,3239,160623000000,1.160,13
3515,2021-05-28 12:59:00.0000000,231.33000,231.33000,231.22000,231.23000,4766,160672000000,1.160,13
3516,2021-05-28 13:00:00.0000000,231.44000,231.48000,231.30499,231.34000,4292,160748000000,1.160,13
3517,2021-05-28 13:01:00.0000000,231.44000,231.47000,231.39000,231.47000,4889,160748000000,1.160,13
3518,2021-05-28 13:02:00.0000000,231.46001,231.48000,231.39000,231.48000,3427,160762000000,1.160,13
3519,2021-05-28 13:03:00.0000000,231.60001,231.60001,231.48000,231.50000,2249,160859000000,1.160,13
3520,2021-05-28 13:04:00.0000000,231.69000,231.69000,231.58000,231.58000,79206,160922000000,1.160,13
3521,2021-05-28 13:05:00.0000000,231.60001,231.67000,231.57001,231.67000,2784,160859000000,1.160,13
3522,2021-05-28 13:06:00.0000000,231.63000,231.67999,231.62000,231.62000,5476,160880000000,1.160,13
3523,2021-05-28 13:07:00.0000000,231.66000,231.69000,231.62000,231.66000,4747,160901000000,1.160,13
3524,2021-05-28 13:08:00.0000000,231.51750,231.70000,231.45000,231.66499,8017,160802000000,1.160,13
3525,2021-05-28 13:09:00.0000000,231.55000,231.59000,231.49080,231.49080,2487,160824000000,1.160,13
3526,2021-05-28 13:10:00.0000000,231.49001,231.58670,231.39000,231.58670,4747,160783000000,1.160,13
3527,2021-05-28 13:11:00.0000000,231.50000,231.50999,231.47000,231.50000,2750,160790000000,1.160,13
3528,2021-05-28 13:12:00.0000000,231.45000,231.48000,231.45000,231.47000,3030,160755000000,1.160,13
3529,2021-05-28 13:13:00.0000000,231.39999,231.45500,231.39999,231.45500,2946,160720000000,1.160,13
3530,2021-05-28 13:14:00.0000000,231.38499,231.39999,231.28999,231.39999,4377,160710000000,1.160,13
3531,2021-05-28 13:15:00.0000000,231.39999,231.45000,231.35001,231.36000,2011,160720000000,1.160,13
3532,2021-05-28 13:16:00.0000000,231.28000,231.46001,231.24001,231.46001,7115,160637000000,1.160,13
3533,2021-05-28 13:17:00.0000000,231.32001,231.37000,231.28000,231.28000,3099,160665000000,1.160,13
3534,2021-05-28 13:18:00.0000000,231.37000,231.38000,231.30000,231.30000,1692,160699000000,1.160,13
3535,2021-05-28 13:19:00.0000000,231.44000,231.45000,231.36000,231.42000,4812,160748000000,1.160,13
3536,2021-05-28 13:20:00.0000000,231.45000,231.52000,231.45000,231.46001,3229,160755000000,1.160,13
3537,2021-05-28 13:21:00.0000000,231.55000,231.55000,231.49001,231.49001,1629,160824000000,1.160,13
3538,2021-05-28 13:22:00.0000000,231.45000,231.52000,231.42000,231.50000,5218,160755000000,1.160,13
3539,2021-05-28 13:23:00.0000000,231.47000,231.49001,231.46001,231.47000,2535,160769000000,1.160,13
3540,2021-05-28 13:24:00.0000000,231.60001,231.61000,231.46001,231.46001,2717,160859000000,1.160,13
3541,2021-05-28 13:25:00.0000000,231.49001,231.60001,231.49001,231.53000,4645,160783000000,1.160,13
3542,2021-05-28 13:26:00.0000000,231.50000,231.50000,231.47000,231.47000,2280,160790000000,1.160,13
3543,2021-05-28 13:27:00.0000000,231.46001,231.46001,231.46001,231.46001,2117,160762000000,1.160,13
3544,2021-05-28 13:28:00.0000000,231.50000,231.53000,231.50000,231.52000,1758,160790000000,1.160,13
3545,2021-05-28 13:29:00.0000000,231.56000,231.57001,231.50000,231.53000,2612,160831000000,1.160,13
3546,2021-05-28 13:30:00.0000000,231.55000,231.58000,231.45000,231.53999,3979,160824000000,1.160,13
3547,2021-05-28 13:31:00.0000000,231.56000,231.56000,231.50000,231.53999,1375,160831000000,1.160,13
3548,2021-05-28 13:32:00.0000000,231.61000,231.61000,231.56000,231.56000,1732,160866000000,1.160,13
3549,2021-05-28 13:33:00.0000000,231.56000,231.62000,231.56000,231.58000,3657,160831000000,1.160,13
3550,2021-05-28 13:34:00.0000000,231.51500,231.55000,231.51500,231.52000,2277,160800000000,1.160,13
3551,2021-05-28 13:35:00.0000000,231.57001,231.60001,231.53999,231.53999,2513,160838000000,1.160,13
3552,2021-05-28 13:36:00.0000000,231.55000,231.58000,231.53999,231.58000,2214,160824000000,1.160,13
3553,2021-05-28 13:37:00.0000000,231.62000,231.64000,231.58000,231.58000,3558,160873000000,1.160,13
3554,2021-05-28 13:38:00.0000000,231.67999,231.71001,231.64000,231.64000,2747,160915000000,1.160,13
3555,2021-05-28 13:39:00.0000000,231.78500,231.78999,231.73000,231.73000,2367,160988000000,1.160,13
3556,2021-05-28 13:40:00.0000000,231.67999,231.82001,231.67999,231.82001,3638,160915000000,1.160,13
3557,2021-05-28 13:41:00.0000000,231.72000,231.75999,231.69000,231.70000,6291,160943000000,1.160,13
3558,2021-05-28 13:42:00.0000000,231.76500,231.78999,231.73000,231.78999,1261,160974000000,1.160,13
3559,2021-05-28 13:43:00.0000000,231.75000,231.81000,231.75000,231.81000,1805,160963000000,1.160,13
3560,2021-05-28 13:44:00.0000000,231.81000,231.82001,231.75000,231.75000,4386,161005000000,1.160,13
3561,2021-05-28 13:45:00.0000000,231.80000,231.88000,231.78999,231.78999,5290,160998000000,1.160,13
3562,2021-05-28 13:46:00.0000000,231.89000,231.89000,231.75999,231.78999,3197,161061000000,1.160,13
3563,2021-05-28 13:47:00.0000000,231.86501,231.96001,231.82001,231.92000,5813,161043000000,1.160,13
3564,2021-05-28 13:48:00.0000000,231.89999,231.96001,231.84000,231.84000,5458,161068000000,1.160,13
3565,2021-05-28 13:49:00.0000000,231.97501,231.99001,231.94000,231.94000,2492,161120000000,1.160,13
3566,2021-05-28 13:50:00.0000000,231.81000,231.99001,231.81000,231.99001,4854,161005000000,1.160,13
3567,2021-05-28 13:51:00.0000000,231.89000,231.89000,231.78000,231.78000,5079,161061000000,1.160,13
3568,2021-05-28 13:52:00.0000000,231.85001,231.89999,231.84000,231.88499,11428,161033000000,1.160,13
3569,2021-05-28 13:53:00.0000000,231.92000,231.92000,231.84000,231.84000,7435,161081000000,1.160,13
3570,2021-05-28 13:54:00.0000000,231.89000,231.92500,231.89000,231.92500,1584,161061000000,1.160,13
3571,2021-05-28 13:55:00.0000000,231.92000,231.92999,231.89500,231.89500,4988,161081000000,1.160,13
3572,2021-05-28 13:56:00.0000000,231.78000,231.89999,231.78000,231.89999,3947,160984000000,1.160,13
3573,2021-05-28 13:57:00.0000000,231.64999,231.78000,231.61000,231.77000,3020,160894000000,1.160,13
3574,2021-05-28 13:58:00.0000000,231.70000,231.70000,231.58000,231.61000,4515,160929000000,1.160,13
3575,2021-05-28 13:59:00.0000000,231.71780,231.75999,231.70000,231.75999,9052,160941000000,1.160,13
3576,2021-05-28 14:00:00.0000000,231.80000,231.80000,231.73000,231.73000,3612,160998000000,1.160,13
3577,2021-05-28 14:01:00.0000000,231.72000,231.82590,231.72000,231.82590,5549,160943000000,1.160,13
3578,2021-05-28 14:02:00.0000000,231.70000,231.75000,231.64000,231.75000,4916,160929000000,1.160,13
3579,2021-05-28 14:03:00.0000000,231.64000,231.75060,231.64000,231.71001,4248,160887000000,1.160,13
3580,2021-05-28 14:04:00.0000000,231.49001,231.65871,231.49001,231.64000,3483,160783000000,1.160,13
3581,2021-05-28 14:05:00.0000000,231.42999,231.57001,231.39999,231.50000,6007,160741000000,1.160,13
3582,2021-05-28 14:06:00.0000000,231.35001,231.42000,231.32001,231.42000,3147,160686000000,1.160,13
3583,2021-05-28 14:07:00.0000000,231.34000,231.36000,231.30000,231.32001,1506,160679000000,1.160,13
3584,2021-05-28 14:08:00.0000000,231.17000,231.32001,231.10001,231.32001,12070,160561000000,1.160,13
3585,2021-05-28 14:09:00.0000000,231.08000,231.16000,231.08000,231.16000,3858,160498000000,1.160,13
3586,2021-05-28 14:10:00.0000000,231.10001,231.10001,231.00999,231.07001,7987,160512000000,1.160,13
3587,2021-05-28 14:11:00.0000000,231.00000,231.09000,231.00000,231.09000,4728,160442000000,1.160,13
3588,2021-05-28 14:12:00.0000000,231.11000,231.11000,231.00000,231.00000,4501,160519000000,1.160,13
3589,2021-05-28 14:13:00.0000000,231.11000,231.17790,231.02000,231.12340,4524,160519000000,1.160,13
3590,2021-05-28 14:14:00.0000000,231.03999,231.14999,231.03999,231.14999,2496,160470000000,1.160,13
3591,2021-05-28 14:15:00.0000000,231.19000,231.19000,231.03000,231.03999,8048,160574000000,1.160,13
3592,2021-05-28 14:16:00.0000000,231.06000,231.16000,231.06000,231.16000,2489,160484000000,1.160,13
3593,2021-05-28 14:17:00.0000000,231.19000,231.19000,231.05000,231.05000,6418,160574000000,1.160,13
3594,2021-05-28 14:18:00.0000000,231.21001,231.23000,231.16000,231.16000,2622,160588000000,1.160,13
3595,2021-05-28 14:19:00.0000000,231.13000,231.17000,231.13000,231.14000,4794,160533000000,1.160,13
3596,2021-05-28 14:20:00.0000000,231.17999,231.17999,231.09000,231.10001,4101,160567000000,1.160,13
3597,2021-05-28 14:21:00.0000000,231.22000,231.23000,231.14000,231.14999,3016,160595000000,1.160,13
3598,2021-05-28 14:22:00.0000000,231.05000,231.23500,231.02000,231.23500,4255,160477000000,1.160,13
3599,2021-05-28 14:23:00.0000000,231.10001,231.13000,231.07001,231.07001,3866,160512000000,1.160,13
3600,2021-05-28 14:24:00.0000000,231.17000,231.17000,231.10001,231.14999,2598,160561000000,1.160,13
3601,2021-05-28 14:25:00.0000000,231.10001,231.14101,231.02000,231.14101,3555,160512000000,1.160,13
3602,2021-05-28 14:26:00.0000000,231.07001,231.12610,231.07001,231.12000,2209,160491000000,1.160,13
3603,2021-05-28 14:27:00.0000000,231.03999,231.05499,231.00000,231.03999,8611,160470000000,1.160,13
3604,2021-05-28 14:28:00.0000000,231.17000,231.17000,231.03999,231.05499,3236,160561000000,1.160,13
3605,2021-05-28 14:29:00.0000000,231.12109,231.17480,231.07500,231.17000,5890,160527000000,1.160,13
3606,2021-05-28 14:30:00.0000000,231.18500,231.18500,231.10001,231.11000,5334,160571000000,1.160,13
3607,2021-05-28 14:31:00.0000000,231.15500,231.22000,231.12000,231.21001,5877,160550000000,1.160,13
3608,2021-05-28 14:32:00.0000000,231.17999,231.20760,231.11000,231.14000,9795,160567000000,1.160,13
3609,2021-05-28 14:33:00.0000000,231.17830,231.17999,231.17830,231.17999,973,160566000000,1.160,13
3610,2021-05-28 14:34:00.0000000,231.17000,231.17000,231.17000,231.17000,1131,160561000000,1.160,13
3611,2021-05-28 14:35:00.0000000,231.17000,231.17000,231.12000,231.13000,3369,160561000000,1.160,13
3612,2021-05-28 14:36:00.0000000,231.12000,231.20000,231.12000,231.20000,1621,160526000000,1.160,13
3613,2021-05-28 14:37:00.0000000,231.14000,231.17000,231.14000,231.17000,2108,160540000000,1.160,13
3614,2021-05-28 14:38:00.0000000,231.11000,231.13000,231.11000,231.13000,1683,160519000000,1.160,13
3615,2021-05-28 14:39:00.0000000,231.09641,231.18500,231.09000,231.11000,7672,160509000000,1.160,13
3616,2021-05-28 14:40:00.0000000,231.14000,231.14999,231.13000,231.13000,2232,160540000000,1.160,13
3617,2021-05-28 14:41:00.0000000,231.14000,231.14000,231.09500,231.14000,6244,160540000000,1.160,13
3618,2021-05-28 14:42:00.0000000,231.08000,231.19000,231.08000,231.17999,2144,160498000000,1.160,13
3619,2021-05-28 14:43:00.0000000,231.14000,231.19000,231.07001,231.07001,5808,160540000000,1.160,13
3620,2021-05-28 14:44:00.0000000,231.16000,231.21001,231.16000,231.17999,1366,160554000000,1.160,13
3621,2021-05-28 14:45:00.0000000,231.11659,231.16000,231.09000,231.13000,3970,160523000000,1.160,13
3622,2021-05-28 14:46:00.0000000,231.11000,231.16000,231.10001,231.12000,5444,160519000000,1.160,13
3623,2021-05-28 14:47:00.0000000,231.14999,231.14999,231.12000,231.13000,4686,160547000000,1.160,13
3624,2021-05-28 14:48:00.0000000,231.10001,231.17000,231.10001,231.14999,3006,160512000000,1.160,13
3625,2021-05-28 14:49:00.0000000,231.10001,231.14999,231.10001,231.14999,1438,160512000000,1.160,13
3626,2021-05-28 14:50:00.0000000,231.14999,231.19000,231.11000,231.13000,5490,160547000000,1.160,13
3627,2021-05-28 14:51:00.0000000,231.23000,231.28500,231.19000,231.19000,3235,160602000000,1.160,13
3628,2021-05-28 14:52:00.0000000,231.21001,231.21001,231.10001,231.20000,4330,160588000000,1.160,13
3629,2021-05-28 14:53:00.0000000,231.14999,231.21500,231.12000,231.16000,3216,160547000000,1.160,13
3630,2021-05-28 14:54:00.0000000,231.11000,231.17000,231.09000,231.12000,4065,160519000000,1.160,13
3631,2021-05-28 14:55:00.0000000,231.12500,231.19000,231.09000,231.11000,4823,160529000000,1.160,13
3632,2021-05-28 14:56:00.0000000,231.11000,231.16000,231.05000,231.12500,7147,160519000000,1.160,13
3633,2021-05-28 14:57:00.0000000,231.14000,231.14931,231.08000,231.13000,5303,160540000000,1.160,13
3634,2021-05-28 14:58:00.0000000,231.11000,231.19501,231.10500,231.17000,6357,160519000000,1.160,13
3635,2021-05-28 14:59:00.0000000,231.09000,231.14000,231.09000,231.14000,2225,160505000000,1.160,13
3636,2021-05-28 15:00:00.0000000,231.25740,231.25740,231.09000,231.10001,3924,160621000000,1.160,13
3637,2021-05-28 09:30:00.0000000,143.95000,144.27000,143.91000,144.21001,91228,128623000000,1.240,14
3638,2021-05-28 09:31:00.0000000,143.81660,143.94000,143.78000,143.92999,13781,128503000000,1.240,14
3639,2021-05-28 09:32:00.0000000,143.80499,143.85249,143.78000,143.84000,3139,128493000000,1.240,14
3640,2021-05-28 09:33:00.0000000,143.60001,143.81000,143.57001,143.80000,12722,128310000000,1.240,14
3641,2021-05-28 09:34:00.0000000,143.64999,143.67000,143.50000,143.58000,7843,128355000000,1.240,14
3642,2021-05-28 09:35:00.0000000,143.82001,143.97000,143.71001,143.71001,18965,128506000000,1.240,14
3643,2021-05-28 09:36:00.0000000,143.86000,143.89999,143.74001,143.78999,18754,128542000000,1.240,14
3644,2021-05-28 09:37:00.0000000,143.70000,143.86000,143.70000,143.85500,3078,128399000000,1.240,14
3645,2021-05-28 09:38:00.0000000,143.75580,143.80000,143.69000,143.71001,4952,128449000000,1.240,14
3646,2021-05-28 09:39:00.0000000,143.72420,143.75999,143.67999,143.72000,3440,128421000000,1.240,14
3647,2021-05-28 09:40:00.0000000,143.64000,143.73000,143.60150,143.72990,12514,128346000000,1.240,14
3648,2021-05-28 09:41:00.0000000,143.67081,143.74001,143.63000,143.64999,8571,128373000000,1.240,14
3649,2021-05-28 09:42:00.0000000,143.69000,143.72000,143.66000,143.67999,4595,128390000000,1.240,14
3650,2021-05-28 09:43:00.0000000,143.71249,143.80180,143.64000,143.69000,6502,128410000000,1.240,14
3651,2021-05-28 09:44:00.0000000,143.74001,143.85989,143.74001,143.80000,6563,128435000000,1.240,14
3652,2021-05-28 09:45:00.0000000,143.70000,143.80000,143.67999,143.77991,4992,128399000000,1.240,14
3653,2021-05-28 09:46:00.0000000,143.90500,143.92999,143.71001,143.71001,3533,128582000000,1.240,14
3654,2021-05-28 09:47:00.0000000,143.86411,143.98000,143.83000,143.89000,4262,128546000000,1.240,14
3655,2021-05-28 09:48:00.0000000,143.91000,143.92000,143.85001,143.87000,8473,128587000000,1.240,14
3656,2021-05-28 09:49:00.0000000,143.86600,143.92999,143.86330,143.89999,8446,128548000000,1.240,14
3657,2021-05-28 09:50:00.0000000,143.85001,143.91000,143.82100,143.91000,2503,128533000000,1.240,14
3658,2021-05-28 09:51:00.0000000,143.83000,143.88499,143.81000,143.85001,3951,128515000000,1.240,14
3659,2021-05-28 09:52:00.0000000,143.91000,143.92999,143.81500,143.81500,2784,128587000000,1.240,14
3660,2021-05-28 09:53:00.0000000,143.93500,143.93500,143.89999,143.92999,6604,128609000000,1.240,14
3661,2021-05-28 09:54:00.0000000,143.94141,143.94141,143.89000,143.89000,1913,128615000000,1.240,14
3662,2021-05-28 09:55:00.0000000,143.98000,144.00999,143.91060,143.92999,5788,128649000000,1.240,14
3663,2021-05-28 09:56:00.0000000,143.94600,143.98000,143.93690,143.95000,4336,128619000000,1.240,14
3664,2021-05-28 09:57:00.0000000,143.98000,144.00500,143.95000,143.97000,3877,128649000000,1.240,14
3665,2021-05-28 09:58:00.0000000,143.83780,143.98000,143.83780,143.97000,3911,128522000000,1.240,14
3666,2021-05-28 09:59:00.0000000,143.88499,143.92999,143.82100,143.84000,4727,128565000000,1.240,14
3667,2021-05-28 10:00:00.0000000,143.89999,143.94000,143.86000,143.89999,3368,128578000000,1.240,14
3668,2021-05-28 10:01:00.0000000,143.83000,143.91000,143.83000,143.91000,2940,128515000000,1.240,14
3669,2021-05-28 10:02:00.0000000,143.84000,143.87500,143.83501,143.83501,2566,128524000000,1.240,14
3670,2021-05-28 10:03:00.0000000,143.85240,143.89000,143.84000,143.87000,5113,128535000000,1.240,14
3671,2021-05-28 10:04:00.0000000,143.79601,143.85001,143.75000,143.85001,5007,128485000000,1.240,14
3672,2021-05-28 10:05:00.0000000,143.80499,143.81000,143.78999,143.80000,3963,128493000000,1.240,14
3673,2021-05-28 10:06:00.0000000,143.75999,143.83000,143.75000,143.83000,5998,128453000000,1.240,14
3674,2021-05-28 10:07:00.0000000,143.70000,143.78000,143.66000,143.77000,13140,128399000000,1.240,14
3675,2021-05-28 10:08:00.0000000,143.57001,143.69051,143.48500,143.69051,13113,128283000000,1.240,14
3676,2021-05-28 10:09:00.0000000,143.58000,143.66000,143.55000,143.56500,4384,128292000000,1.240,14
3677,2021-05-28 10:10:00.0000000,143.58000,143.60001,143.53000,143.53999,5187,128292000000,1.240,14
3678,2021-05-28 10:11:00.0000000,143.62000,143.66000,143.60001,143.60001,2942,128328000000,1.240,14
3679,2021-05-28 10:12:00.0000000,143.52000,143.61000,143.52000,143.59000,3656,128238000000,1.240,14
3680,2021-05-28 10:13:00.0000000,143.62000,143.64000,143.52000,143.55000,2400,128328000000,1.240,14
3681,2021-05-28 10:14:00.0000000,143.62000,143.62000,143.57001,143.60001,3036,128328000000,1.240,14
3682,2021-05-28 10:15:00.0000000,143.64000,143.64000,143.59000,143.61420,5034,128346000000,1.240,14
3683,2021-05-28 10:16:00.0000000,143.64500,143.67000,143.61000,143.61880,2504,128350000000,1.240,14
3684,2021-05-28 10:17:00.0000000,143.66000,143.68900,143.63000,143.64000,4003,128364000000,1.240,14
3685,2021-05-28 10:18:00.0000000,143.73000,143.73000,143.67000,143.67999,1974,128426000000,1.240,14
3686,2021-05-28 10:19:00.0000000,143.74001,143.78000,143.67999,143.74001,6485,128435000000,1.240,14
3687,2021-05-28 10:20:00.0000000,143.69000,143.74001,143.67999,143.74001,4998,128390000000,1.240,14
3688,2021-05-28 10:21:00.0000000,143.67000,143.69000,143.64999,143.66000,3643,128372000000,1.240,14
3689,2021-05-28 10:22:00.0000000,143.70000,143.70000,143.66010,143.66010,1848,128399000000,1.240,14
3690,2021-05-28 10:23:00.0000000,143.66940,143.71001,143.62000,143.71001,3617,128372000000,1.240,14
3691,2021-05-28 10:24:00.0000000,143.64740,143.66000,143.64740,143.66000,1428,128352000000,1.240,14
3692,2021-05-28 10:25:00.0000000,143.59000,143.67000,143.59000,143.66000,3923,128301000000,1.240,14
3693,2021-05-28 10:26:00.0000000,143.62000,143.62000,143.53999,143.59000,7819,128328000000,1.240,14
3694,2021-05-28 10:27:00.0000000,143.64000,143.66499,143.59900,143.59900,2509,128346000000,1.240,14
3695,2021-05-28 10:28:00.0000000,143.67999,143.67999,143.64000,143.64000,3075,128381000000,1.240,14
3696,2021-05-28 10:29:00.0000000,143.73000,143.75000,143.68500,143.69000,4171,128426000000,1.240,14
3697,2021-05-28 10:30:00.0000000,143.72501,143.77000,143.71001,143.74001,6517,128422000000,1.240,14
3698,2021-05-28 10:31:00.0000000,143.78999,143.78999,143.72000,143.73000,3563,128480000000,1.240,14
3699,2021-05-28 10:32:00.0000000,143.83000,143.83000,143.80000,143.83000,5385,128515000000,1.240,14
3700,2021-05-28 10:33:00.0000000,143.84000,143.84000,143.82001,143.82001,1034,128524000000,1.240,14
3701,2021-05-28 10:34:00.0000000,143.81000,143.85001,143.80000,143.85001,2272,128498000000,1.240,14
3702,2021-05-28 10:35:00.0000000,143.82420,143.84000,143.80499,143.82381,3024,128510000000,1.240,14
3703,2021-05-28 10:36:00.0000000,143.87000,143.87000,143.81000,143.82001,2996,128551000000,1.240,14
3704,2021-05-28 10:37:00.0000000,143.83000,143.85001,143.78999,143.85001,3073,128515000000,1.240,14
3705,2021-05-28 10:38:00.0000000,143.83000,143.83000,143.77000,143.81000,3972,128515000000,1.240,14
3706,2021-05-28 10:39:00.0000000,143.76740,143.83000,143.76740,143.80000,2942,128459000000,1.240,14
3707,2021-05-28 10:40:00.0000000,143.77000,143.80000,143.75000,143.77000,3830,128462000000,1.240,14
3708,2021-05-28 10:41:00.0000000,143.77730,143.78000,143.75000,143.75500,4120,128468000000,1.240,14
3709,2021-05-28 10:42:00.0000000,143.82001,143.82001,143.78000,143.80000,3012,128506000000,1.240,14
3710,2021-05-28 10:43:00.0000000,143.92000,143.93500,143.82001,143.82001,5090,128596000000,1.240,14
3711,2021-05-28 10:44:00.0000000,143.92999,143.97000,143.92999,143.95000,4101,128605000000,1.240,14
3712,2021-05-28 10:45:00.0000000,143.94720,143.97000,143.93500,143.96530,2462,128620000000,1.240,14
3713,2021-05-28 10:46:00.0000000,143.91000,143.96001,143.89999,143.92999,9370,128587000000,1.240,14
3714,2021-05-28 10:47:00.0000000,143.89999,143.94000,143.89999,143.91991,2031,128578000000,1.240,14
3715,2021-05-28 10:48:00.0000000,143.92999,143.93900,143.92999,143.93900,458,128605000000,1.240,14
3716,2021-05-28 10:49:00.0000000,143.99500,144.00000,143.92999,143.92999,4200,128663000000,1.240,14
3717,2021-05-28 10:50:00.0000000,143.98000,144.02000,143.92999,144.02000,3920,128649000000,1.240,14
3718,2021-05-28 10:51:00.0000000,143.96001,144.00000,143.96001,143.98000,2073,128632000000,1.240,14
3719,2021-05-28 10:52:00.0000000,143.94839,143.99001,143.94000,143.95500,2304,128621000000,1.240,14
3720,2021-05-28 10:53:00.0000000,143.98000,143.99100,143.92900,143.96001,3028,128649000000,1.240,14
3721,2021-05-28 10:54:00.0000000,143.94501,143.98000,143.94000,143.98000,2971,128618000000,1.240,14
3722,2021-05-28 10:55:00.0000000,143.89000,143.95990,143.88000,143.95990,9098,128569000000,1.240,14
3723,2021-05-28 10:56:00.0000000,143.94839,143.97000,143.89999,143.89999,2174,128621000000,1.240,14
3724,2021-05-28 10:57:00.0000000,143.97630,143.99071,143.95500,143.96001,2758,128646000000,1.240,14
3725,2021-05-28 10:58:00.0000000,144.00999,144.02000,143.97000,143.97000,1860,128676000000,1.240,14
3726,2021-05-28 10:59:00.0000000,144.00000,144.03000,143.99001,144.00999,2420,128667000000,1.240,14
3727,2021-05-28 11:00:00.0000000,143.99001,144.07001,143.99001,144.03999,5832,128658000000,1.240,14
3728,2021-05-28 11:01:00.0000000,143.89000,143.99001,143.85001,143.99001,9975,128569000000,1.240,14
3729,2021-05-28 11:02:00.0000000,143.88000,143.96610,143.88000,143.94000,3595,128560000000,1.240,14
3730,2021-05-28 11:03:00.0000000,143.81000,143.86000,143.81000,143.86000,3846,128498000000,1.240,14
3731,2021-05-28 11:04:00.0000000,143.82001,143.86000,143.78999,143.78999,5082,128506000000,1.240,14
3732,2021-05-28 11:05:00.0000000,143.83000,143.87000,143.83000,143.83000,2379,128515000000,1.240,14
3733,2021-05-28 11:06:00.0000000,143.83000,143.84000,143.82001,143.83501,1929,128515000000,1.240,14
3734,2021-05-28 11:07:00.0000000,143.85001,143.85001,143.84000,143.84000,1587,128533000000,1.240,14
3735,2021-05-28 11:08:00.0000000,143.86909,143.87000,143.84000,143.86000,1797,128550000000,1.240,14
3736,2021-05-28 11:09:00.0000000,143.89500,143.89999,143.86140,143.87300,2038,128573000000,1.240,14
3737,2021-05-28 11:10:00.0000000,143.88000,143.89999,143.88000,143.88429,856,128560000000,1.240,14
3738,2021-05-28 11:11:00.0000000,143.82430,143.86000,143.81000,143.86000,2249,128510000000,1.240,14
3739,2021-05-28 11:12:00.0000000,143.81000,143.83000,143.81000,143.81900,1349,128498000000,1.240,14
3740,2021-05-28 11:13:00.0000000,143.86000,143.86000,143.82001,143.82001,2620,128542000000,1.240,14
3741,2021-05-28 11:14:00.0000000,143.87869,143.87869,143.86000,143.86000,820,128559000000,1.240,14
3742,2021-05-28 11:15:00.0000000,143.91000,143.91000,143.87000,143.87000,3707,128587000000,1.240,14
3743,2021-05-28 11:16:00.0000000,143.92999,143.92999,143.88000,143.89000,4842,128605000000,1.240,14
3744,2021-05-28 11:17:00.0000000,144.00999,144.03999,143.88499,143.92999,28734,128676000000,1.240,14
3745,2021-05-28 11:18:00.0000000,144.03999,144.03999,144.01500,144.02000,3862,128703000000,1.240,14
3746,2021-05-28 11:19:00.0000000,144.08000,144.10001,144.04100,144.04330,4314,128739000000,1.240,14
3747,2021-05-28 11:20:00.0000000,144.10500,144.10500,144.06500,144.07001,2890,128761000000,1.240,14
3748,2021-05-28 11:21:00.0000000,144.07001,144.11000,144.07001,144.11000,1931,128730000000,1.240,14
3749,2021-05-28 11:22:00.0000000,144.05000,144.07001,144.05000,144.06000,2205,128712000000,1.240,14
3750,2021-05-28 11:23:00.0000000,144.11000,144.11000,144.11000,144.11000,308,128766000000,1.240,14
3751,2021-05-28 11:24:00.0000000,144.07001,144.12000,144.07001,144.12000,1781,128730000000,1.240,14
3752,2021-05-28 11:25:00.0000000,144.03000,144.09000,144.03000,144.08000,2701,128694000000,1.240,14
3753,2021-05-28 11:26:00.0000000,144.03999,144.05000,144.03999,144.03999,1467,128703000000,1.240,14
3754,2021-05-28 11:27:00.0000000,144.08000,144.08501,144.06000,144.06000,1986,128739000000,1.240,14
3755,2021-05-28 11:28:00.0000000,144.12000,144.12000,144.10001,144.10001,1568,128775000000,1.240,14
3756,2021-05-28 11:29:00.0000000,144.10001,144.14000,144.10001,144.13000,4437,128757000000,1.240,14
3757,2021-05-28 11:30:00.0000000,144.13000,144.14000,144.09000,144.13000,3930,128783000000,1.240,14
3758,2021-05-28 11:31:00.0000000,144.11121,144.13000,144.11000,144.13000,2951,128767000000,1.240,14
3759,2021-05-28 11:32:00.0000000,144.14000,144.14999,144.12500,144.14000,2418,128792000000,1.240,14
3760,2021-05-28 11:33:00.0000000,144.16000,144.17000,144.12000,144.12000,3863,128810000000,1.240,14
3761,2021-05-28 11:34:00.0000000,144.14101,144.17000,144.12180,144.16000,4354,128793000000,1.240,14
3762,2021-05-28 11:35:00.0000000,144.12500,144.14999,144.11000,144.14000,4063,128779000000,1.240,14
3763,2021-05-28 11:36:00.0000000,144.13400,144.14999,144.12000,144.13499,2444,128787000000,1.240,14
3764,2021-05-28 11:37:00.0000000,144.11000,144.14000,144.11000,144.14000,1765,128766000000,1.240,14
3765,2021-05-28 11:38:00.0000000,144.14000,144.14000,144.12000,144.12000,1500,128792000000,1.240,14
3766,2021-05-28 11:39:00.0000000,144.14999,144.16000,144.13000,144.14000,3250,128801000000,1.240,14
3767,2021-05-28 11:40:00.0000000,144.14000,144.16000,144.14000,144.14999,3516,128792000000,1.240,14
3768,2021-05-28 11:41:00.0000000,144.14999,144.17999,144.14999,144.16000,3874,128801000000,1.240,14
3769,2021-05-28 11:42:00.0000000,144.14000,144.17500,144.14000,144.14999,5571,128792000000,1.240,14
3770,2021-05-28 11:43:00.0000000,144.11000,144.13000,144.10001,144.12000,2128,128766000000,1.240,14
3771,2021-05-28 11:44:00.0000000,144.16000,144.16000,144.12000,144.14000,9704,128810000000,1.240,14
3772,2021-05-28 11:45:00.0000000,144.11600,144.14999,144.11600,144.14500,8625,128771000000,1.240,14
3773,2021-05-28 11:46:00.0000000,144.06000,144.11000,144.03999,144.11000,6958,128721000000,1.240,14
3774,2021-05-28 11:47:00.0000000,144.07001,144.07001,144.05000,144.06230,2985,128730000000,1.240,14
3775,2021-05-28 11:48:00.0000000,144.08810,144.10001,144.07201,144.08000,2328,128746000000,1.240,14
3776,2021-05-28 11:49:00.0000000,144.08000,144.08000,144.06000,144.08000,2060,128739000000,1.240,14
3777,2021-05-28 11:50:00.0000000,144.08501,144.10001,144.07001,144.08000,3189,128743000000,1.240,14
3778,2021-05-28 11:51:00.0000000,144.10001,144.10001,144.09000,144.09000,1175,128757000000,1.240,14
3779,2021-05-28 11:52:00.0000000,144.09000,144.09500,144.09000,144.09500,908,128748000000,1.240,14
3780,2021-05-28 11:53:00.0000000,144.10500,144.10500,144.08000,144.08000,1722,128761000000,1.240,14
3781,2021-05-28 11:54:00.0000000,144.10970,144.11810,144.10970,144.11810,1635,128765000000,1.240,14
3782,2021-05-28 11:55:00.0000000,144.13000,144.14000,144.11000,144.11000,2258,128783000000,1.240,14
3783,2021-05-28 11:56:00.0000000,144.14000,144.14000,144.11000,144.12000,1598,128792000000,1.240,14
3784,2021-05-28 11:57:00.0000000,144.13000,144.14810,144.13000,144.14000,1643,128783000000,1.240,14
3785,2021-05-28 11:58:00.0000000,144.14999,144.15990,144.14000,144.14420,2294,128801000000,1.240,14
3786,2021-05-28 11:59:00.0000000,144.11000,144.16000,144.11000,144.14999,2108,128766000000,1.240,14
3787,2021-05-28 12:00:00.0000000,144.08000,144.11000,144.08000,144.11000,2808,128739000000,1.240,14
3788,2021-05-28 12:01:00.0000000,144.06000,144.09000,144.06000,144.08501,1912,128721000000,1.240,14
3789,2021-05-28 12:02:00.0000000,144.07300,144.07500,144.03999,144.05000,4386,128733000000,1.240,14
3790,2021-05-28 12:03:00.0000000,144.11000,144.11000,144.07201,144.07820,1901,128766000000,1.240,14
3791,2021-05-28 12:04:00.0000000,144.10001,144.13000,144.10001,144.13000,2571,128757000000,1.240,14
3792,2021-05-28 12:05:00.0000000,144.13000,144.14149,144.11011,144.13000,10177,128783000000,1.240,14
3793,2021-05-28 12:06:00.0000000,144.10370,144.14000,144.10001,144.13000,4946,128760000000,1.240,14
3794,2021-05-28 12:07:00.0000000,144.16000,144.16000,144.10500,144.11000,11909,128810000000,1.240,14
3795,2021-05-28 12:08:00.0000000,144.14160,144.16000,144.10001,144.16000,10781,128794000000,1.240,14
3796,2021-05-28 12:09:00.0000000,144.16499,144.18359,144.13000,144.13000,7734,128815000000,1.240,14
3797,2021-05-28 12:10:00.0000000,144.21001,144.21001,144.17000,144.17000,3317,128855000000,1.240,14
3798,2021-05-28 12:11:00.0000000,144.21530,144.25000,144.20000,144.24001,3501,128860000000,1.240,14
3799,2021-05-28 12:12:00.0000000,144.21001,144.21989,144.20000,144.21001,2565,128855000000,1.240,14
3800,2021-05-28 12:13:00.0000000,144.21001,144.22000,144.20000,144.20000,2896,128855000000,1.240,14
3801,2021-05-28 12:14:00.0000000,144.24001,144.24001,144.22000,144.22000,1708,128882000000,1.240,14
3802,2021-05-28 12:15:00.0000000,144.25999,144.25999,144.23000,144.24001,3735,128900000000,1.240,14
3803,2021-05-28 12:16:00.0000000,144.23500,144.25999,144.23500,144.25500,3742,128877000000,1.240,14
3804,2021-05-28 12:17:00.0000000,144.23000,144.23860,144.22000,144.23000,1428,128873000000,1.240,14
3805,2021-05-28 12:18:00.0000000,144.21001,144.23579,144.19000,144.22000,3331,128855000000,1.240,14
3806,2021-05-28 12:19:00.0000000,144.22000,144.24001,144.21989,144.22000,2903,128864000000,1.240,14
3807,2021-05-28 12:20:00.0000000,144.23000,144.25999,144.23000,144.23421,2320,128873000000,1.240,14
3808,2021-05-28 12:21:00.0000000,144.22000,144.23000,144.21640,144.22000,1715,128864000000,1.240,14
3809,2021-05-28 12:22:00.0000000,144.24001,144.24001,144.21001,144.22420,2009,128882000000,1.240,14
3810,2021-05-28 12:23:00.0000000,144.25000,144.25000,144.23000,144.24001,1371,128891000000,1.240,14
3811,2021-05-28 12:24:00.0000000,144.28000,144.28000,144.25000,144.27000,5029,128917000000,1.240,14
3812,2021-05-28 12:25:00.0000000,144.25999,144.28000,144.25870,144.27000,2425,128900000000,1.240,14
3813,2021-05-28 12:26:00.0000000,144.27000,144.28000,144.25999,144.26401,1087,128909000000,1.240,14
3814,2021-05-28 12:27:00.0000000,144.27000,144.28000,144.24001,144.27000,6049,128909000000,1.240,14
3815,2021-05-28 12:28:00.0000000,144.33000,144.33000,144.25999,144.27000,3124,128962000000,1.240,14
3816,2021-05-28 12:29:00.0000000,144.28000,144.30840,144.27499,144.30840,2964,128917000000,1.240,14
3817,2021-05-28 12:30:00.0000000,144.25000,144.28000,144.24001,144.27000,2110,128891000000,1.240,14
3818,2021-05-28 12:31:00.0000000,144.25000,144.25500,144.24001,144.25000,2214,128891000000,1.240,14
3819,2021-05-28 12:32:00.0000000,144.24001,144.24899,144.24001,144.24899,683,128882000000,1.240,14
3820,2021-05-28 12:33:00.0000000,144.23990,144.24001,144.23000,144.24001,2656,128882000000,1.240,14
3821,2021-05-28 12:34:00.0000000,144.22000,144.24010,144.22000,144.24001,3490,128864000000,1.240,14
3822,2021-05-28 12:35:00.0000000,144.22000,144.23830,144.21001,144.23830,1793,128864000000,1.240,14
3823,2021-05-28 12:36:00.0000000,144.17000,144.18500,144.17000,144.18500,1015,128819000000,1.240,14
3824,2021-05-28 12:37:00.0000000,144.15500,144.15500,144.14000,144.14999,2117,128806000000,1.240,14
3825,2021-05-28 12:38:00.0000000,144.14999,144.16000,144.14000,144.16000,1107,128801000000,1.240,14
3826,2021-05-28 12:39:00.0000000,144.17999,144.18500,144.17110,144.17500,2716,128828000000,1.240,14
3827,2021-05-28 12:40:00.0000000,144.17999,144.20000,144.17999,144.19000,4048,128828000000,1.240,14
3828,2021-05-28 12:41:00.0000000,144.17999,144.18500,144.16960,144.17999,6017,128828000000,1.240,14
3829,2021-05-28 12:42:00.0000000,144.17000,144.17000,144.16000,144.17000,1150,128819000000,1.240,14
3830,2021-05-28 12:43:00.0000000,144.14999,144.16580,144.14999,144.16580,1783,128801000000,1.240,14
3831,2021-05-28 12:44:00.0000000,144.16000,144.17999,144.15401,144.17999,1103,128810000000,1.240,14
3832,2021-05-28 12:45:00.0000000,144.14500,144.16000,144.14000,144.16000,1350,128797000000,1.240,14
3833,2021-05-28 12:46:00.0000000,144.13010,144.14999,144.13000,144.14999,3510,128784000000,1.240,14
3834,2021-05-28 12:47:00.0000000,144.14000,144.14999,144.14000,144.14999,2499,128792000000,1.240,14
3835,2021-05-28 12:48:00.0000000,144.02000,144.13000,144.00000,144.13000,8014,128685000000,1.240,14
3836,2021-05-28 12:49:00.0000000,144.03000,144.05000,144.02000,144.03999,1185,128694000000,1.240,14
3837,2021-05-28 12:50:00.0000000,144.02000,144.05000,144.01500,144.04539,1258,128685000000,1.240,14
3838,2021-05-28 12:51:00.0000000,144.00000,144.03000,144.00000,144.03000,1946,128667000000,1.240,14
3839,2021-05-28 12:52:00.0000000,143.99770,144.00439,143.99001,143.99001,1788,128665000000,1.240,14
3840,2021-05-28 12:53:00.0000000,144.00999,144.00999,144.00000,144.00000,458,128676000000,1.240,14
3841,2021-05-28 12:54:00.0000000,144.06000,144.06000,144.00000,144.00000,7759,128721000000,1.240,14
3842,2021-05-28 12:55:00.0000000,144.07001,144.07001,144.06000,144.07001,2557,128730000000,1.240,14
3843,2021-05-28 12:56:00.0000000,144.07001,144.07001,144.07001,144.07001,1180,128730000000,1.240,14
3844,2021-05-28 12:57:00.0000000,144.05000,144.06070,144.03999,144.05000,3332,128712000000,1.240,14
3845,2021-05-28 12:58:00.0000000,144.07001,144.07001,144.05000,144.05000,1544,128730000000,1.240,14
3846,2021-05-28 12:59:00.0000000,144.06000,144.07001,144.05000,144.06000,2985,128721000000,1.240,14
3847,2021-05-28 13:00:00.0000000,144.07001,144.07990,144.05000,144.07001,3074,128730000000,1.240,14
3848,2021-05-28 13:01:00.0000000,144.00999,144.07001,144.00000,144.06000,8617,128676000000,1.240,14
3849,2021-05-28 13:02:00.0000000,144.00999,144.03000,143.98000,144.02000,3904,128676000000,1.240,14
3850,2021-05-28 13:03:00.0000000,143.97000,144.01151,143.96001,144.01151,3464,128641000000,1.240,14
3851,2021-05-28 13:04:00.0000000,143.98500,143.98500,143.97000,143.97000,2732,128654000000,1.240,14
3852,2021-05-28 13:05:00.0000000,144.00000,144.00000,143.99001,143.99840,1964,128667000000,1.240,14
3853,2021-05-28 13:06:00.0000000,143.98000,144.00000,143.98000,144.00000,14467,128649000000,1.240,14
3854,2021-05-28 13:07:00.0000000,143.99001,143.99001,143.97929,143.98000,1345,128658000000,1.240,14
3855,2021-05-28 13:08:00.0000000,143.98000,143.98000,143.97000,143.97000,1920,128649000000,1.240,14
3856,2021-05-28 13:09:00.0000000,143.97000,143.98500,143.97000,143.98500,4361,128641000000,1.240,14
3857,2021-05-28 13:10:00.0000000,143.98000,143.98500,143.97411,143.97411,4818,128649000000,1.240,14
3858,2021-05-28 13:11:00.0000000,143.98000,143.98500,143.98000,143.98000,544,128649000000,1.240,14
3859,2021-05-28 13:12:00.0000000,143.96001,143.97000,143.95441,143.97000,2550,128632000000,1.240,14
3860,2021-05-28 13:13:00.0000000,143.94000,143.96001,143.94000,143.96001,2003,128614000000,1.240,14
3861,2021-05-28 13:14:00.0000000,143.92000,143.95000,143.89999,143.95000,3056,128596000000,1.240,14
3862,2021-05-28 13:15:00.0000000,143.92000,143.92999,143.89999,143.92000,2598,128596000000,1.240,14
3863,2021-05-28 13:16:00.0000000,143.90500,143.92999,143.89999,143.92000,7707,128582000000,1.240,14
3864,2021-05-28 13:17:00.0000000,143.94000,143.94000,143.92999,143.94000,1352,128614000000,1.240,14
3865,2021-05-28 13:18:00.0000000,143.95000,143.95000,143.92999,143.92999,1802,128623000000,1.240,14
3866,2021-05-28 13:19:00.0000000,143.95270,143.95520,143.94000,143.95000,4509,128625000000,1.240,14
3867,2021-05-28 13:20:00.0000000,143.96001,143.96001,143.95000,143.95000,2636,128632000000,1.240,14
3868,2021-05-28 13:21:00.0000000,143.99001,143.99001,143.97000,143.98000,2500,128658000000,1.240,14
3869,2021-05-28 13:22:00.0000000,143.95500,143.98990,143.95500,143.98000,4170,128627000000,1.240,14
3870,2021-05-28 13:23:00.0000000,143.94000,143.96001,143.94000,143.94000,2701,128614000000,1.240,14
3871,2021-05-28 13:24:00.0000000,143.98000,143.98000,143.94000,143.94000,2614,128649000000,1.240,14
3872,2021-05-28 13:25:00.0000000,143.97000,144.00999,143.96001,143.96001,2743,128641000000,1.240,14
3873,2021-05-28 13:26:00.0000000,143.96001,143.98000,143.95000,143.95000,1899,128632000000,1.240,14
3874,2021-05-28 13:27:00.0000000,143.96500,143.96500,143.95000,143.95000,712,128636000000,1.240,14
3875,2021-05-28 13:28:00.0000000,143.99001,143.99001,143.97000,143.97000,2773,128658000000,1.240,14
3876,2021-05-28 13:29:00.0000000,143.99001,144.00999,143.98000,143.98000,2399,128658000000,1.240,14
3877,2021-05-28 13:30:00.0000000,143.97000,143.99001,143.95000,143.99001,3306,128641000000,1.240,14
3878,2021-05-28 13:31:00.0000000,143.97850,143.99001,143.97000,143.98000,2897,128648000000,1.240,14
3879,2021-05-28 13:32:00.0000000,143.96310,143.97000,143.94000,143.97000,2277,128634000000,1.240,14
3880,2021-05-28 13:33:00.0000000,143.96640,143.97000,143.93970,143.95000,1741,128637000000,1.240,14
3881,2021-05-28 13:34:00.0000000,143.95000,143.95000,143.94000,143.95000,2366,128623000000,1.240,14
3882,2021-05-28 13:35:00.0000000,143.96001,143.96001,143.96001,143.96001,404,128632000000,1.240,14
3883,2021-05-28 13:36:00.0000000,143.95000,143.97501,143.92999,143.97000,2852,128623000000,1.240,14
3884,2021-05-28 13:37:00.0000000,143.98000,143.98000,143.95000,143.95000,1576,128649000000,1.240,14
3885,2021-05-28 13:38:00.0000000,143.99001,144.01540,143.98000,144.00000,2994,128658000000,1.240,14
3886,2021-05-28 13:39:00.0000000,143.98000,143.99001,143.97000,143.99001,3214,128649000000,1.240,14
3887,2021-05-28 13:40:00.0000000,143.97000,143.98920,143.95000,143.98920,4548,128641000000,1.240,14
3888,2021-05-28 13:41:00.0000000,143.96001,143.96001,143.94000,143.95000,5388,128632000000,1.240,14
3889,2021-05-28 13:42:00.0000000,143.98000,143.99001,143.95000,143.95000,3401,128649000000,1.240,14
3890,2021-05-28 13:43:00.0000000,143.99001,143.99001,143.99001,143.99001,688,128658000000,1.240,14
3891,2021-05-28 13:44:00.0000000,144.00999,144.02000,143.98000,143.98000,5121,128676000000,1.240,14
3892,2021-05-28 13:45:00.0000000,144.00999,144.02000,144.00000,144.02000,2411,128676000000,1.240,14
3893,2021-05-28 13:46:00.0000000,144.05000,144.05000,144.03000,144.03999,2141,128712000000,1.240,14
3894,2021-05-28 13:47:00.0000000,144.03999,144.06000,144.03000,144.05000,2119,128703000000,1.240,14
3895,2021-05-28 13:48:00.0000000,144.06000,144.06000,144.05000,144.06000,1582,128721000000,1.240,14
3896,2021-05-28 13:49:00.0000000,144.08000,144.10001,144.07001,144.08730,5663,128739000000,1.240,14
3897,2021-05-28 13:50:00.0000000,144.10001,144.10001,144.08000,144.08990,2136,128757000000,1.240,14
3898,2021-05-28 13:51:00.0000000,144.08000,144.10001,144.08000,144.10001,1713,128739000000,1.240,14
3899,2021-05-28 13:52:00.0000000,144.08000,144.10001,144.08000,144.08099,1187,128739000000,1.240,14
3900,2021-05-28 13:53:00.0000000,144.11000,144.12000,144.09000,144.09000,3037,128766000000,1.240,14
3901,2021-05-28 13:54:00.0000000,144.10001,144.10001,144.07500,144.08000,2789,128757000000,1.240,14
3902,2021-05-28 13:55:00.0000000,144.11000,144.11000,144.11000,144.11000,365,128766000000,1.240,14
3903,2021-05-28 13:56:00.0000000,144.10600,144.10600,144.08440,144.09000,1394,128762000000,1.240,14
3904,2021-05-28 13:57:00.0000000,144.09000,144.11000,144.08000,144.10001,2826,128748000000,1.240,14
3905,2021-05-28 13:58:00.0000000,144.10500,144.12000,144.10001,144.10001,1126,128761000000,1.240,14
3906,2021-05-28 13:59:00.0000000,144.10001,144.11000,144.09000,144.10001,1988,128757000000,1.240,14
3907,2021-05-28 14:00:00.0000000,144.09000,144.11000,144.09000,144.11000,1276,128748000000,1.240,14
3908,2021-05-28 14:01:00.0000000,144.13000,144.13000,144.10001,144.10001,5299,128783000000,1.240,14
3909,2021-05-28 14:02:00.0000000,144.11200,144.13000,144.10500,144.13000,2423,128767000000,1.240,14
3910,2021-05-28 14:03:00.0000000,144.13000,144.14841,144.13000,144.13000,2093,128783000000,1.240,14
3911,2021-05-28 14:04:00.0000000,144.13499,144.14000,144.10001,144.13000,3342,128788000000,1.240,14
3912,2021-05-28 14:05:00.0000000,144.14500,144.16090,144.14500,144.14999,5172,128797000000,1.240,14
3913,2021-05-28 14:06:00.0000000,144.13000,144.14999,144.13000,144.14000,2800,128783000000,1.240,14
3914,2021-05-28 14:07:00.0000000,144.09000,144.12500,144.09000,144.12000,1416,128748000000,1.240,14
3915,2021-05-28 14:08:00.0000000,144.11000,144.11000,144.06000,144.09000,3686,128766000000,1.240,14
3916,2021-05-28 14:09:00.0000000,144.08000,144.12000,144.07001,144.12000,1996,128739000000,1.240,14
3917,2021-05-28 14:10:00.0000000,144.06000,144.08000,144.06000,144.06500,3839,128721000000,1.240,14
3918,2021-05-28 14:11:00.0000000,144.05679,144.10001,144.03999,144.05000,4918,128718000000,1.240,14
3919,2021-05-28 14:12:00.0000000,144.08000,144.08000,144.06000,144.06000,912,128739000000,1.240,14
3920,2021-05-28 14:13:00.0000000,144.06000,144.10001,144.06000,144.08000,4842,128721000000,1.240,14
3921,2021-05-28 14:14:00.0000000,144.07001,144.09830,144.07001,144.07500,2077,128730000000,1.240,14
3922,2021-05-28 14:15:00.0000000,144.07001,144.07001,144.03999,144.03999,1639,128730000000,1.240,14
3923,2021-05-28 14:16:00.0000000,144.06000,144.06000,144.05009,144.06000,1209,128721000000,1.240,14
3924,2021-05-28 14:17:00.0000000,144.05000,144.06000,144.05000,144.05499,2244,128712000000,1.240,14
3925,2021-05-28 14:18:00.0000000,144.05000,144.06000,144.03000,144.05000,2756,128712000000,1.240,14
3926,2021-05-28 14:19:00.0000000,144.05499,144.06000,144.03999,144.05690,4314,128716000000,1.240,14
3927,2021-05-28 14:20:00.0000000,144.02000,144.03999,144.02000,144.03000,2059,128685000000,1.240,14
3928,2021-05-28 14:21:00.0000000,144.01830,144.02000,144.01700,144.02000,1301,128684000000,1.240,14
3929,2021-05-28 14:22:00.0000000,144.00000,144.02499,144.00000,144.02499,2506,128667000000,1.240,14
3930,2021-05-28 14:23:00.0000000,144.00999,144.03000,144.00000,144.00999,2336,128676000000,1.240,14
3931,2021-05-28 14:24:00.0000000,144.00000,144.03000,144.00000,144.02000,1566,128667000000,1.240,14
3932,2021-05-28 14:25:00.0000000,144.03000,144.03000,144.00000,144.00000,1960,128694000000,1.240,14
3933,2021-05-28 14:26:00.0000000,144.02190,144.03000,144.00000,144.02010,6324,128687000000,1.240,14
3934,2021-05-28 14:27:00.0000000,144.02000,144.02000,144.00000,144.00000,1817,128685000000,1.240,14
3935,2021-05-28 14:28:00.0000000,143.99001,144.02000,143.97501,144.02000,5555,128658000000,1.240,14
3936,2021-05-28 14:29:00.0000000,143.99001,143.99001,143.99001,143.99001,265,128658000000,1.240,14
3937,2021-05-28 14:30:00.0000000,144.00999,144.00999,143.98000,143.99020,2602,128676000000,1.240,14
3938,2021-05-28 14:31:00.0000000,144.00999,144.01500,143.99890,144.00000,2757,128676000000,1.240,14
3939,2021-05-28 14:32:00.0000000,144.03999,144.05000,144.00999,144.00999,2024,128703000000,1.240,14
3940,2021-05-28 14:33:00.0000000,144.02000,144.05960,144.02000,144.05000,5268,128685000000,1.240,14
3941,2021-05-28 14:34:00.0000000,144.00000,144.02000,143.96001,144.02000,7746,128667000000,1.240,14
3942,2021-05-28 14:35:00.0000000,144.02499,144.02499,144.00000,144.00000,2225,128690000000,1.240,14
3943,2021-05-28 14:36:00.0000000,144.02000,144.03999,144.02000,144.02000,1776,128685000000,1.240,14
3944,2021-05-28 14:37:00.0000000,144.02000,144.03999,144.00000,144.02499,4269,128685000000,1.240,14
3945,2021-05-28 14:38:00.0000000,143.99010,144.00500,143.99010,144.00000,1336,128658000000,1.240,14
3946,2021-05-28 14:39:00.0000000,143.94000,144.00000,143.94000,144.00000,5850,128614000000,1.240,14
3947,2021-05-28 14:40:00.0000000,143.95000,143.96001,143.93900,143.95000,4951,128623000000,1.240,14
3948,2021-05-28 14:41:00.0000000,143.95200,143.95200,143.95000,143.95000,872,128624000000,1.240,14
3949,2021-05-28 14:42:00.0000000,143.94000,143.94000,143.94000,143.94000,1456,128614000000,1.240,14
3950,2021-05-28 14:43:00.0000000,143.93500,143.94690,143.93500,143.94000,1577,128609000000,1.240,14
3951,2021-05-28 14:44:00.0000000,143.97000,143.97000,143.94000,143.94000,2947,128641000000,1.240,14
3952,2021-05-28 14:45:00.0000000,143.96001,143.97501,143.96001,143.97501,2620,128632000000,1.240,14
3953,2021-05-28 14:47:00.0000000,143.97000,143.97000,143.91000,143.91000,5421,128641000000,1.240,14
3954,2021-05-28 14:48:00.0000000,143.96001,143.97501,143.96001,143.96001,1312,128632000000,1.240,14
3955,2021-05-28 14:49:00.0000000,143.95480,143.99001,143.95000,143.96001,2834,128627000000,1.240,14
3956,2021-05-28 14:50:00.0000000,143.98000,143.98000,143.94000,143.94000,2012,128649000000,1.240,14
3957,2021-05-28 14:51:00.0000000,143.98000,143.99001,143.96790,143.97000,2570,128649000000,1.240,14
3958,2021-05-28 14:52:00.0000000,143.95000,143.98000,143.95000,143.98000,4520,128623000000,1.240,14
3959,2021-05-28 14:53:00.0000000,144.02000,144.02000,143.97000,143.97000,5657,128685000000,1.240,14
3960,2021-05-28 14:54:00.0000000,143.92000,144.00000,143.92000,144.00000,2915,128596000000,1.240,14
3961,2021-05-28 14:55:00.0000000,143.94501,143.94501,143.92000,143.92000,1330,128618000000,1.240,14
3962,2021-05-28 14:56:00.0000000,143.99001,144.00999,143.96001,143.96660,2261,128658000000,1.240,14
3963,2021-05-28 14:57:00.0000000,143.98000,143.99001,143.95000,143.99001,3947,128649000000,1.240,14
3964,2021-05-28 14:58:00.0000000,143.96001,143.98000,143.96001,143.98000,1459,128632000000,1.240,14
3965,2021-05-28 14:59:00.0000000,143.95000,143.96001,143.95000,143.96001,1327,128623000000,1.240,14
3966,2021-05-28 15:00:00.0000000,143.92999,143.95000,143.92500,143.95000,4088,128605000000,1.240,14
3967,2021-05-28 09:30:00.0000000,57.24500,57.65000,57.22000,57.55000,976489,231155000000,0.610,15
3968,2021-05-28 09:31:00.0000000,57.19020,57.33000,57.14000,57.26000,171353,230934000000,0.610,15
3969,2021-05-28 09:32:00.0000000,57.16500,57.21000,57.13000,57.19500,120757,230832000000,0.610,15
3970,2021-05-28 09:33:00.0000000,57.12000,57.19000,57.11000,57.18000,123569,230651000000,0.610,15
3971,2021-05-28 09:34:00.0000000,57.20500,57.21000,57.07000,57.11500,134410,230994000000,0.610,15
3972,2021-05-28 09:35:00.0000000,57.08000,57.24000,57.07000,57.21000,139426,230489000000,0.610,15
3973,2021-05-28 09:36:00.0000000,57.02000,57.09000,56.95000,57.08000,193155,230247000000,0.610,15
3974,2021-05-28 09:37:00.0000000,56.98500,57.05000,56.98000,57.01500,80423,230105000000,0.610,15
3975,2021-05-28 09:38:00.0000000,56.95000,57.00000,56.95000,56.98500,83127,229964000000,0.610,15
3976,2021-05-28 09:39:00.0000000,57.08500,57.09000,57.05000,57.05660,117386,230509000000,0.610,15
3977,2021-05-28 09:40:00.0000000,57.08500,57.15000,57.08000,57.09000,191504,230509000000,0.610,15
3978,2021-05-28 09:41:00.0000000,57.06500,57.10000,57.04000,57.09000,77324,230428000000,0.610,15
3979,2021-05-28 09:42:00.0000000,57.04000,57.07000,57.04000,57.07000,44714,230328000000,0.610,15
3980,2021-05-28 09:43:00.0000000,57.09000,57.12000,57.04000,57.04500,105130,230529000000,0.610,15
3981,2021-05-28 09:44:00.0000000,57.07000,57.15000,57.07000,57.10000,53455,230449000000,0.610,15
3982,2021-05-28 09:45:00.0000000,57.20000,57.21000,57.07000,57.07800,63856,230974000000,0.610,15
3983,2021-05-28 09:46:00.0000000,57.23000,57.26000,57.19000,57.20000,59867,231095000000,0.610,15
3984,2021-05-28 09:47:00.0000000,57.23000,57.26000,57.20000,57.23000,263473,231095000000,0.610,15
3985,2021-05-28 09:48:00.0000000,57.26000,57.26000,57.18000,57.24000,84217,231216000000,0.610,15
3986,2021-05-28 09:49:00.0000000,57.26000,57.36000,57.24500,57.26000,73749,231216000000,0.610,15
3987,2021-05-28 09:50:00.0000000,57.22500,57.25500,57.17000,57.25500,58329,231075000000,0.610,15
3988,2021-05-28 09:51:00.0000000,57.19500,57.24500,57.19000,57.22140,26649,230953000000,0.610,15
3989,2021-05-28 09:52:00.0000000,57.19490,57.22000,57.19000,57.19500,49433,230953000000,0.610,15
3990,2021-05-28 09:53:00.0000000,57.21500,57.21500,57.14000,57.19500,50583,231034000000,0.610,15
3991,2021-05-28 09:54:00.0000000,57.28900,57.28990,57.20000,57.22000,66625,231333000000,0.610,15
3992,2021-05-28 09:55:00.0000000,57.20500,57.29000,57.20000,57.29000,75055,230994000000,0.610,15
3993,2021-05-28 09:56:00.0000000,57.22000,57.22500,57.19000,57.20000,67495,231054000000,0.610,15
3994,2021-05-28 09:57:00.0000000,57.20000,57.22000,57.14000,57.21500,97111,230974000000,0.610,15
3995,2021-05-28 09:58:00.0000000,57.21000,57.23000,57.20500,57.20880,38035,231014000000,0.610,15
3996,2021-05-28 09:59:00.0000000,57.25000,57.25000,57.21000,57.23000,43547,231176000000,0.610,15
3997,2021-05-28 10:00:00.0000000,57.21000,57.25990,57.20000,57.24000,115052,231014000000,0.610,15
3998,2021-05-28 10:01:00.0000000,57.16180,57.22000,57.15000,57.21000,52463,230819000000,0.610,15
3999,2021-05-28 10:02:00.0000000,57.20000,57.20000,57.15000,57.16500,22830,230974000000,0.610,15
4000,2021-05-28 10:03:00.0000000,57.23500,57.26000,57.19000,57.20000,79331,231115000000,0.610,15
4001,2021-05-28 10:04:00.0000000,57.26000,57.27000,57.23000,57.23500,68489,231216000000,0.610,15
4002,2021-05-28 10:05:00.0000000,57.20000,57.28000,57.19000,57.26500,49839,230974000000,0.610,15
4003,2021-05-28 10:06:00.0000000,57.24000,57.24000,57.18000,57.19500,66969,231135000000,0.610,15
4004,2021-05-28 10:07:00.0000000,57.19000,57.25000,57.19000,57.23500,33633,230933000000,0.610,15
4005,2021-05-28 10:08:00.0000000,57.18130,57.20000,57.17000,57.19000,59978,230898000000,0.610,15
4006,2021-05-28 10:09:00.0000000,57.14500,57.17500,57.14500,57.17500,67215,230752000000,0.610,15
4007,2021-05-28 10:10:00.0000000,57.19500,57.20000,57.14000,57.15000,47727,230953000000,0.610,15
4008,2021-05-28 10:11:00.0000000,57.22000,57.22000,57.19000,57.19500,23722,231054000000,0.610,15
4009,2021-05-28 10:12:00.0000000,57.21500,57.24250,57.19000,57.21500,65033,231034000000,0.610,15
4010,2021-05-28 10:13:00.0000000,57.20500,57.25000,57.20000,57.22000,40154,230994000000,0.610,15
4011,2021-05-28 10:14:00.0000000,57.22500,57.24000,57.19000,57.21000,34862,231075000000,0.610,15
4012,2021-05-28 10:15:00.0000000,57.20630,57.24000,57.19000,57.22500,24786,230999000000,0.610,15
4013,2021-05-28 10:16:00.0000000,57.19500,57.21000,57.18500,57.20500,25766,230953000000,0.610,15
4014,2021-05-28 10:17:00.0000000,57.23000,57.23500,57.18500,57.19500,80452,231095000000,0.610,15
4015,2021-05-28 10:18:00.0000000,57.24000,57.24990,57.21000,57.23000,34577,231135000000,0.610,15
4016,2021-05-28 10:19:00.0000000,57.22000,57.24000,57.20000,57.23500,51332,231054000000,0.610,15
4017,2021-05-28 10:20:00.0000000,57.20000,57.24000,57.19000,57.23000,25893,230974000000,0.610,15
4018,2021-05-28 10:21:00.0000000,57.19500,57.21000,57.19000,57.20000,17772,230953000000,0.610,15
4019,2021-05-28 10:22:00.0000000,57.22500,57.23500,57.19470,57.19500,27087,231075000000,0.610,15
4020,2021-05-28 10:23:00.0000000,57.21000,57.24000,57.21000,57.22500,21010,231014000000,0.610,15
4021,2021-05-28 10:24:00.0000000,57.20500,57.22000,57.18500,57.21500,39520,230994000000,0.610,15
4022,2021-05-28 10:25:00.0000000,57.17500,57.22000,57.16500,57.20500,38991,230873000000,0.610,15
4023,2021-05-28 10:26:00.0000000,57.15500,57.17500,57.13000,57.17500,43580,230792000000,0.610,15
4024,2021-05-28 10:27:00.0000000,57.13000,57.16000,57.13000,57.16000,21858,230691000000,0.610,15
4025,2021-05-28 10:28:00.0000000,57.13000,57.13500,57.11000,57.13000,35794,230691000000,0.610,15
4026,2021-05-28 10:29:00.0000000,57.12000,57.14000,57.12000,57.12010,37245,230651000000,0.610,15
4027,2021-05-28 10:30:00.0000000,57.15000,57.15000,57.11000,57.12000,47630,230772000000,0.610,15
4028,2021-05-28 10:31:00.0000000,57.15000,57.15000,57.12500,57.14010,32312,230772000000,0.610,15
4029,2021-05-28 10:32:00.0000000,57.16000,57.17000,57.15000,57.15000,19463,230812000000,0.610,15
4030,2021-05-28 10:33:00.0000000,57.15000,57.15500,57.13000,57.15500,26685,230772000000,0.610,15
4031,2021-05-28 10:34:00.0000000,57.17500,57.18500,57.15000,57.15000,30335,230873000000,0.610,15
4032,2021-05-28 10:35:00.0000000,57.16500,57.18000,57.16000,57.17500,16568,230832000000,0.610,15
4033,2021-05-28 10:36:00.0000000,57.18000,57.18500,57.16000,57.17000,25241,230893000000,0.610,15
4034,2021-05-28 10:37:00.0000000,57.16600,57.18000,57.15000,57.18000,28792,230836000000,0.610,15
4035,2021-05-28 10:38:00.0000000,57.15500,57.17000,57.14000,57.16700,51462,230792000000,0.610,15
4036,2021-05-28 10:39:00.0000000,57.16000,57.17000,57.14000,57.15680,54272,230812000000,0.610,15
4037,2021-05-28 10:40:00.0000000,57.20310,57.21000,57.16500,57.17000,37166,230986000000,0.610,15
4038,2021-05-28 10:41:00.0000000,57.23500,57.24000,57.17000,57.21000,55805,231115000000,0.610,15
4039,2021-05-28 10:42:00.0000000,57.22000,57.25000,57.22000,57.23700,48262,231054000000,0.610,15
4040,2021-05-28 10:43:00.0000000,57.23500,57.25000,57.22000,57.22000,22498,231115000000,0.610,15
4041,2021-05-28 10:44:00.0000000,57.23500,57.25000,57.23000,57.23500,25660,231115000000,0.610,15
4042,2021-05-28 10:45:00.0000000,57.22500,57.24000,57.20000,57.24000,51686,231075000000,0.610,15
4043,2021-05-28 10:46:00.0000000,57.19500,57.23000,57.19500,57.22500,33526,230953000000,0.610,15
4044,2021-05-28 10:47:00.0000000,57.19500,57.21000,57.17000,57.19500,28636,230953000000,0.610,15
4045,2021-05-28 10:48:00.0000000,57.22000,57.23000,57.19000,57.20000,56539,231054000000,0.610,15
4046,2021-05-28 10:49:00.0000000,57.22500,57.23500,57.21000,57.22500,31270,231075000000,0.610,15
4047,2021-05-28 10:50:00.0000000,57.23000,57.24000,57.21500,57.22000,33226,231095000000,0.610,15
4048,2021-05-28 10:51:00.0000000,57.23000,57.25000,57.23000,57.23500,23372,231095000000,0.610,15
4049,2021-05-28 10:52:00.0000000,57.21000,57.24000,57.21000,57.23500,13862,231014000000,0.610,15
4050,2021-05-28 10:53:00.0000000,57.19000,57.21000,57.19000,57.21000,25073,230933000000,0.610,15
4051,2021-05-28 10:54:00.0000000,57.20000,57.20000,57.18000,57.19000,24272,230974000000,0.610,15
4052,2021-05-28 10:55:00.0000000,57.18000,57.20500,57.18000,57.19500,39751,230893000000,0.610,15
4053,2021-05-28 10:56:00.0000000,57.19530,57.19530,57.17000,57.18000,25045,230955000000,0.610,15
4054,2021-05-28 10:57:00.0000000,57.17100,57.19000,57.17000,57.19000,26779,230857000000,0.610,15
4055,2021-05-28 10:58:00.0000000,57.15000,57.18000,57.15000,57.17000,47497,230772000000,0.610,15
4056,2021-05-28 10:59:00.0000000,57.16010,57.18000,57.14500,57.15530,62762,230812000000,0.610,15
4057,2021-05-28 11:00:00.0000000,57.19500,57.20000,57.16000,57.16500,20245,230953000000,0.610,15
4058,2021-05-28 11:01:00.0000000,57.20980,57.22000,57.19000,57.20000,24739,231013000000,0.610,15
4059,2021-05-28 11:02:00.0000000,57.21500,57.21500,57.19000,57.20500,50411,231034000000,0.610,15
4060,2021-05-28 11:03:00.0000000,57.16000,57.22500,57.16000,57.21500,34182,230812000000,0.610,15
4061,2021-05-28 11:04:00.0000000,57.16000,57.16500,57.15000,57.16000,22137,230812000000,0.610,15
4062,2021-05-28 11:05:00.0000000,57.15500,57.17000,57.15000,57.16000,38283,230792000000,0.610,15
4063,2021-05-28 11:06:00.0000000,57.14500,57.16000,57.13000,57.15500,31656,230752000000,0.610,15
4064,2021-05-28 11:07:00.0000000,57.14000,57.15000,57.14000,57.14990,14886,230731000000,0.610,15
4065,2021-05-28 11:08:00.0000000,57.12580,57.15000,57.12000,57.14500,47241,230674000000,0.610,15
4066,2021-05-28 11:09:00.0000000,57.12500,57.13000,57.12000,57.12500,20545,230671000000,0.610,15
4067,2021-05-28 11:10:00.0000000,57.16000,57.16000,57.12000,57.13000,70818,230812000000,0.610,15
4068,2021-05-28 11:11:00.0000000,57.16500,57.18700,57.16000,57.16500,39587,230832000000,0.610,15
4069,2021-05-28 11:12:00.0000000,57.19500,57.21000,57.16000,57.16500,40302,230953000000,0.610,15
4070,2021-05-28 11:13:00.0000000,57.17000,57.20000,57.16000,57.19500,36291,230852000000,0.610,15
4071,2021-05-28 11:14:00.0000000,57.17690,57.19000,57.16000,57.16000,33077,230880000000,0.610,15
4072,2021-05-28 11:15:00.0000000,57.16000,57.17000,57.15000,57.17000,20873,230812000000,0.610,15
4073,2021-05-28 11:16:00.0000000,57.16000,57.17000,57.14500,57.16000,22341,230812000000,0.610,15
4074,2021-05-28 11:17:00.0000000,57.17500,57.17500,57.15380,57.15900,13183,230873000000,0.610,15
4075,2021-05-28 11:18:00.0000000,57.17500,57.18000,57.17000,57.17400,8544,230873000000,0.610,15
4076,2021-05-28 11:19:00.0000000,57.19000,57.19000,57.17000,57.18000,16416,230933000000,0.610,15
4077,2021-05-28 11:20:00.0000000,57.19000,57.19990,57.18000,57.18500,16430,230933000000,0.610,15
4078,2021-05-28 11:21:00.0000000,57.20000,57.21500,57.18000,57.19500,35679,230974000000,0.610,15
4079,2021-05-28 11:22:00.0000000,57.18000,57.19500,57.18000,57.19500,7945,230893000000,0.610,15
4080,2021-05-28 11:23:00.0000000,57.19000,57.19000,57.17500,57.18000,22162,230933000000,0.610,15
4081,2021-05-28 11:24:00.0000000,57.22000,57.22000,57.18000,57.18500,22648,231054000000,0.610,15
4082,2021-05-28 11:25:00.0000000,57.19150,57.23000,57.19000,57.22000,23642,230939000000,0.610,15
4083,2021-05-28 11:26:00.0000000,57.16200,57.20780,57.16000,57.19140,29744,230820000000,0.610,15
4084,2021-05-28 11:27:00.0000000,57.16500,57.17000,57.13000,57.16000,53044,230832000000,0.610,15
4085,2021-05-28 11:28:00.0000000,57.17000,57.18660,57.16000,57.16500,26743,230852000000,0.610,15
4086,2021-05-28 11:29:00.0000000,57.17000,57.17000,57.16000,57.17000,42057,230852000000,0.610,15
4087,2021-05-28 11:30:00.0000000,57.17000,57.20000,57.16000,57.16500,75525,230852000000,0.610,15
4088,2021-05-28 11:31:00.0000000,57.18000,57.18000,57.15000,57.17500,44482,230893000000,0.610,15
4089,2021-05-28 11:32:00.0000000,57.17020,57.21000,57.17000,57.17000,38594,230853000000,0.610,15
4090,2021-05-28 11:33:00.0000000,57.19000,57.19500,57.17400,57.17400,31361,230933000000,0.610,15
4091,2021-05-28 11:34:00.0000000,57.23090,57.23500,57.18500,57.19000,49376,231098000000,0.610,15
4092,2021-05-28 11:35:00.0000000,57.23500,57.24000,57.22500,57.23500,16663,231115000000,0.610,15
4093,2021-05-28 11:36:00.0000000,57.24000,57.25000,57.22500,57.23500,41136,231135000000,0.610,15
4094,2021-05-28 11:37:00.0000000,57.23500,57.25000,57.23370,57.24500,16797,231115000000,0.610,15
4095,2021-05-28 11:38:00.0000000,57.24440,57.25000,57.22500,57.23000,17455,231153000000,0.610,15
4096,2021-05-28 11:39:00.0000000,57.25000,57.26000,57.24000,57.25000,61002,231176000000,0.610,15
4097,2021-05-28 11:40:00.0000000,57.25000,57.25000,57.23000,57.24500,19587,231176000000,0.610,15
4098,2021-05-28 11:41:00.0000000,57.25000,57.26000,57.24000,57.25000,67482,231176000000,0.610,15
4099,2021-05-28 11:42:00.0000000,57.26500,57.27000,57.24000,57.25000,48293,231236000000,0.610,15
4100,2021-05-28 11:43:00.0000000,57.26000,57.26500,57.25000,57.26000,19154,231216000000,0.610,15
4101,2021-05-28 11:44:00.0000000,57.26000,57.28000,57.26000,57.26560,52102,231216000000,0.610,15
4102,2021-05-28 11:45:00.0000000,57.24540,57.26000,57.24000,57.26000,56899,231157000000,0.610,15
4103,2021-05-28 11:46:00.0000000,57.24500,57.25000,57.22500,57.24000,71559,231155000000,0.610,15
4104,2021-05-28 11:47:00.0000000,57.25500,57.26000,57.24000,57.24450,73551,231196000000,0.610,15
4105,2021-05-28 11:48:00.0000000,57.24500,57.26000,57.24300,57.26000,26324,231155000000,0.610,15
4106,2021-05-28 11:49:00.0000000,57.21000,57.25000,57.21000,57.25000,58056,231014000000,0.610,15
4107,2021-05-28 11:50:00.0000000,57.21320,57.22000,57.21000,57.21380,10086,231027000000,0.610,15
4108,2021-05-28 11:51:00.0000000,57.22000,57.22000,57.19000,57.21750,39647,231054000000,0.610,15
4109,2021-05-28 11:52:00.0000000,57.20500,57.23000,57.20500,57.21500,20663,230994000000,0.610,15
4110,2021-05-28 11:53:00.0000000,57.19000,57.20510,57.18000,57.20300,12806,230933000000,0.610,15
4111,2021-05-28 11:54:00.0000000,57.21500,57.22000,57.18000,57.19000,25663,231034000000,0.610,15
4112,2021-05-28 11:55:00.0000000,57.19000,57.21500,57.19000,57.21000,16502,230933000000,0.610,15
4113,2021-05-28 11:56:00.0000000,57.20990,57.21000,57.19000,57.19500,14387,231014000000,0.610,15
4114,2021-05-28 11:57:00.0000000,57.20000,57.21000,57.20000,57.20000,14411,230974000000,0.610,15
4115,2021-05-28 11:58:00.0000000,57.18500,57.20500,57.18000,57.20400,14044,230913000000,0.610,15
4116,2021-05-28 11:59:00.0000000,57.19500,57.20000,57.18000,57.18190,30775,230953000000,0.610,15
4117,2021-05-28 12:00:00.0000000,57.21000,57.21000,57.19500,57.19500,10091,231014000000,0.610,15
4118,2021-05-28 12:01:00.0000000,57.22500,57.24000,57.20000,57.20500,17885,231075000000,0.610,15
4119,2021-05-28 12:02:00.0000000,57.22410,57.23000,57.22000,57.22500,23072,231071000000,0.610,15
4120,2021-05-28 12:03:00.0000000,57.22500,57.23000,57.21000,57.22270,31381,231075000000,0.610,15
4121,2021-05-28 12:04:00.0000000,57.25000,57.26000,57.22500,57.23000,45945,231176000000,0.610,15
4122,2021-05-28 12:05:00.0000000,57.27000,57.27000,57.25000,57.26000,24637,231256000000,0.610,15
4123,2021-05-28 12:06:00.0000000,57.28990,57.30500,57.28000,57.28000,40559,231337000000,0.610,15
4124,2021-05-28 12:07:00.0000000,57.28200,57.29000,57.27000,57.28500,20761,231305000000,0.610,15
4125,2021-05-28 12:08:00.0000000,57.29000,57.29500,57.27000,57.28000,27237,231337000000,0.610,15
4126,2021-05-28 12:09:00.0000000,57.28500,57.31000,57.28500,57.29500,40788,231317000000,0.610,15
4127,2021-05-28 12:10:00.0000000,57.29000,57.30000,57.28000,57.28500,30714,231337000000,0.610,15
4128,2021-05-28 12:11:00.0000000,57.30000,57.32000,57.29000,57.30000,27065,231377000000,0.610,15
4129,2021-05-28 12:12:00.0000000,57.28500,57.31000,57.28000,57.30500,21810,231317000000,0.610,15
4130,2021-05-28 12:13:00.0000000,57.26500,57.29500,57.26000,57.29000,24242,231236000000,0.610,15
4131,2021-05-28 12:14:00.0000000,57.24500,57.26990,57.24500,57.26500,28859,231155000000,0.610,15
4132,2021-05-28 12:15:00.0000000,57.23500,57.24500,57.22000,57.24000,27786,231115000000,0.610,15
4133,2021-05-28 12:16:00.0000000,57.25000,57.26000,57.23000,57.24000,19412,231176000000,0.610,15
4134,2021-05-28 12:17:00.0000000,57.22500,57.25000,57.21500,57.25000,19503,231075000000,0.610,15
4135,2021-05-28 12:18:00.0000000,57.23000,57.23000,57.21000,57.22500,27242,231095000000,0.610,15
4136,2021-05-28 12:19:00.0000000,57.19000,57.22000,57.19000,57.22000,31125,230933000000,0.610,15
4137,2021-05-28 12:20:00.0000000,57.20500,57.21000,57.19000,57.19000,26723,230994000000,0.610,15
4138,2021-05-28 12:21:00.0000000,57.19000,57.21000,57.18500,57.20000,26831,230933000000,0.610,15
4139,2021-05-28 12:22:00.0000000,57.19500,57.20000,57.19000,57.19000,17373,230953000000,0.610,15
4140,2021-05-28 12:23:00.0000000,57.19500,57.20520,57.19000,57.20000,26205,230953000000,0.610,15
4141,2021-05-28 12:24:00.0000000,57.19000,57.20000,57.18000,57.20000,25817,230933000000,0.610,15
4142,2021-05-28 12:25:00.0000000,57.19500,57.21000,57.18500,57.18500,21313,230953000000,0.610,15
4143,2021-05-28 12:26:00.0000000,57.19420,57.20000,57.19000,57.19500,46837,230950000000,0.610,15
4144,2021-05-28 12:27:00.0000000,57.18500,57.19500,57.18000,57.19000,27396,230913000000,0.610,15
4145,2021-05-28 12:28:00.0000000,57.18500,57.19000,57.18000,57.18500,33973,230913000000,0.610,15
4146,2021-05-28 12:29:00.0000000,57.18000,57.19000,57.17500,57.18500,55685,230893000000,0.610,15
4147,2021-05-28 12:30:00.0000000,57.17500,57.18500,57.17000,57.18500,24995,230873000000,0.610,15
4148,2021-05-28 12:31:00.0000000,57.20500,57.20500,57.17500,57.18000,17596,230994000000,0.610,15
4149,2021-05-28 12:32:00.0000000,57.20000,57.20500,57.20000,57.20500,2378,230974000000,0.610,15
4150,2021-05-28 12:33:00.0000000,57.20500,57.21000,57.20000,57.20510,5684,230994000000,0.610,15
4151,2021-05-28 12:34:00.0000000,57.19510,57.21000,57.19000,57.20000,13410,230954000000,0.610,15
4152,2021-05-28 12:35:00.0000000,57.21000,57.21000,57.19000,57.19500,17652,231014000000,0.610,15
4153,2021-05-28 12:36:00.0000000,57.20000,57.21000,57.20000,57.20000,5466,230974000000,0.610,15
4154,2021-05-28 12:37:00.0000000,57.20500,57.21000,57.20000,57.21000,9147,230994000000,0.610,15
4155,2021-05-28 12:38:00.0000000,57.20500,57.21000,57.19000,57.20000,27471,230994000000,0.610,15
4156,2021-05-28 12:39:00.0000000,57.21500,57.22000,57.20000,57.21000,21826,231034000000,0.610,15
4157,2021-05-28 12:40:00.0000000,57.20500,57.21000,57.20000,57.21000,8049,230994000000,0.610,15
4158,2021-05-28 12:41:00.0000000,57.21500,57.22000,57.20000,57.20500,19228,231034000000,0.610,15
4159,2021-05-28 12:42:00.0000000,57.21000,57.21630,57.21000,57.21500,5458,231014000000,0.610,15
4160,2021-05-28 12:43:00.0000000,57.23000,57.24000,57.21000,57.21000,20074,231095000000,0.610,15
4161,2021-05-28 12:44:00.0000000,57.23000,57.25000,57.22500,57.23500,28409,231095000000,0.610,15
4162,2021-05-28 12:45:00.0000000,57.23000,57.24000,57.21500,57.22500,23253,231095000000,0.610,15
4163,2021-05-28 12:46:00.0000000,57.26500,57.26500,57.22000,57.22870,39158,231236000000,0.610,15
4164,2021-05-28 12:47:00.0000000,57.23000,57.26000,57.23000,57.26000,17081,231095000000,0.610,15
4165,2021-05-28 12:48:00.0000000,57.21500,57.24000,57.20000,57.23500,60150,231034000000,0.610,15
4166,2021-05-28 12:49:00.0000000,57.22000,57.22000,57.20500,57.21500,19446,231054000000,0.610,15
4167,2021-05-28 12:50:00.0000000,57.21000,57.22000,57.21000,57.21500,8900,231014000000,0.610,15
4168,2021-05-28 12:51:00.0000000,57.20500,57.22000,57.20500,57.21500,10362,230994000000,0.610,15
4169,2021-05-28 12:52:00.0000000,57.20000,57.21000,57.20000,57.20500,13207,230974000000,0.610,15
4170,2021-05-28 12:53:00.0000000,57.20000,57.21000,57.20000,57.20500,6769,230974000000,0.610,15
4171,2021-05-28 12:54:00.0000000,57.20000,57.21000,57.19000,57.20500,17244,230974000000,0.610,15
4172,2021-05-28 12:55:00.0000000,57.20500,57.21000,57.20000,57.21000,6788,230994000000,0.610,15
4173,2021-05-28 12:56:00.0000000,57.20000,57.21000,57.20000,57.20000,7163,230974000000,0.610,15
4174,2021-05-28 12:57:00.0000000,57.21000,57.21000,57.20000,57.20000,29865,231014000000,0.610,15
4175,2021-05-28 12:58:00.0000000,57.21000,57.21730,57.20000,57.21500,25654,231014000000,0.610,15
4176,2021-05-28 12:59:00.0000000,57.21000,57.21640,57.20000,57.20500,18894,231014000000,0.610,15
4177,2021-05-28 13:00:00.0000000,57.23500,57.23500,57.21000,57.21990,22737,231115000000,0.610,15
4178,2021-05-28 13:01:00.0000000,57.22500,57.24000,57.22500,57.23000,8125,231075000000,0.610,15
4179,2021-05-28 13:02:00.0000000,57.22000,57.23000,57.22000,57.22500,4333,231054000000,0.610,15
4180,2021-05-28 13:03:00.0000000,57.19500,57.22750,57.19500,57.22500,25181,230953000000,0.610,15
4181,2021-05-28 13:04:00.0000000,57.19000,57.20590,57.19000,57.20000,18999,230933000000,0.610,15
4182,2021-05-28 13:05:00.0000000,57.19500,57.20000,57.19000,57.19500,5901,230953000000,0.610,15
4183,2021-05-28 13:06:00.0000000,57.19000,57.20000,57.19000,57.19000,6836,230933000000,0.610,15
4184,2021-05-28 13:07:00.0000000,57.19000,57.19840,57.19000,57.19000,6401,230933000000,0.610,15
4185,2021-05-28 13:08:00.0000000,57.18500,57.20000,57.17000,57.19000,45058,230913000000,0.610,15
4186,2021-05-28 13:09:00.0000000,57.18440,57.18990,57.18000,57.18500,15909,230911000000,0.610,15
4187,2021-05-28 13:10:00.0000000,57.17500,57.19000,57.17500,57.18500,16121,230873000000,0.610,15
4188,2021-05-28 13:11:00.0000000,57.17500,57.17570,57.17000,57.17500,41332,230873000000,0.610,15
4189,2021-05-28 13:12:00.0000000,57.16500,57.17500,57.16000,57.17500,19107,230832000000,0.610,15
4190,2021-05-28 13:13:00.0000000,57.18500,57.19680,57.16000,57.17000,27664,230913000000,0.610,15
4191,2021-05-28 13:14:00.0000000,57.17500,57.19000,57.17000,57.18000,13633,230873000000,0.610,15
4192,2021-05-28 13:15:00.0000000,57.17000,57.18000,57.17000,57.17500,8744,230852000000,0.610,15
4193,2021-05-28 13:16:00.0000000,57.19500,57.21000,57.17000,57.17900,96373,230953000000,0.610,15
4194,2021-05-28 13:17:00.0000000,57.20500,57.21000,57.19000,57.19000,6601,230994000000,0.610,15
4195,2021-05-28 13:18:00.0000000,57.21000,57.21500,57.20000,57.20000,17093,231014000000,0.610,15
4196,2021-05-28 13:19:00.0000000,57.21180,57.22000,57.20000,57.20500,33068,231021000000,0.610,15
4197,2021-05-28 13:20:00.0000000,57.19500,57.22000,57.19440,57.22000,17474,230953000000,0.610,15
4198,2021-05-28 13:21:00.0000000,57.17000,57.19500,57.17000,57.19500,21122,230852000000,0.610,15
4199,2021-05-28 13:22:00.0000000,57.17500,57.18590,57.17000,57.17000,49550,230873000000,0.610,15
4200,2021-05-28 13:23:00.0000000,57.17590,57.18500,57.16000,57.17000,45172,230876000000,0.610,15
4201,2021-05-28 13:24:00.0000000,57.18000,57.20000,57.17000,57.18000,20915,230893000000,0.610,15
4202,2021-05-28 13:25:00.0000000,57.18000,57.18500,57.17000,57.18500,23242,230893000000,0.610,15
4203,2021-05-28 13:26:00.0000000,57.18500,57.19000,57.17300,57.18000,14445,230913000000,0.610,15
4204,2021-05-28 13:27:00.0000000,57.18360,57.19000,57.18000,57.18800,4845,230907000000,0.610,15
4205,2021-05-28 13:28:00.0000000,57.18500,57.19000,57.17000,57.18500,57628,230913000000,0.610,15
4206,2021-05-28 13:29:00.0000000,57.17500,57.19000,57.17000,57.18350,17793,230873000000,0.610,15
4207,2021-05-28 13:30:00.0000000,57.17500,57.18000,57.16000,57.17000,76020,230873000000,0.610,15
4208,2021-05-28 13:31:00.0000000,57.18940,57.19000,57.17000,57.17500,25331,230931000000,0.610,15
4209,2021-05-28 13:32:00.0000000,57.18750,57.19000,57.18000,57.19000,9969,230923000000,0.610,15
4210,2021-05-28 13:33:00.0000000,57.18500,57.19000,57.18000,57.18460,6381,230913000000,0.610,15
4211,2021-05-28 13:34:00.0000000,57.18500,57.20000,57.18000,57.18500,35793,230913000000,0.610,15
4212,2021-05-28 13:35:00.0000000,57.19500,57.19500,57.18000,57.18500,6001,230953000000,0.610,15
4213,2021-05-28 13:36:00.0000000,57.18000,57.20000,57.18000,57.19500,19258,230893000000,0.610,15
4214,2021-05-28 13:37:00.0000000,57.20500,57.21000,57.18000,57.19000,24557,230994000000,0.610,15
4215,2021-05-28 13:38:00.0000000,57.21500,57.22000,57.19000,57.20500,25967,231034000000,0.610,15
4216,2021-05-28 13:39:00.0000000,57.17000,57.21690,57.17000,57.21000,93632,230852000000,0.610,15
4217,2021-05-28 13:40:00.0000000,57.18500,57.19000,57.17000,57.17000,22517,230913000000,0.610,15
4218,2021-05-28 13:41:00.0000000,57.19000,57.19500,57.17000,57.18000,27952,230933000000,0.610,15
4219,2021-05-28 13:42:00.0000000,57.20000,57.20000,57.18000,57.18500,18911,230974000000,0.610,15
4220,2021-05-28 13:43:00.0000000,57.19500,57.20000,57.19470,57.19500,12481,230953000000,0.610,15
4221,2021-05-28 13:44:00.0000000,57.21000,57.22000,57.19000,57.19500,34074,231014000000,0.610,15
4222,2021-05-28 13:45:00.0000000,57.19500,57.22000,57.18000,57.21000,33723,230953000000,0.610,15
4223,2021-05-28 13:46:00.0000000,57.19500,57.20000,57.17000,57.19000,41150,230953000000,0.610,15
4224,2021-05-28 13:47:00.0000000,57.20000,57.20000,57.18500,57.19000,22082,230974000000,0.610,15
4225,2021-05-28 13:48:00.0000000,57.19500,57.20000,57.19000,57.19000,21870,230953000000,0.610,15
4226,2021-05-28 13:49:00.0000000,57.20500,57.21000,57.19500,57.19500,18573,230994000000,0.610,15
4227,2021-05-28 13:50:00.0000000,57.18500,57.20500,57.18500,57.20500,19255,230913000000,0.610,15
4228,2021-05-28 13:51:00.0000000,57.19500,57.20000,57.18000,57.19000,16520,230953000000,0.610,15
4229,2021-05-28 13:52:00.0000000,57.19000,57.19500,57.18000,57.19370,15099,230933000000,0.610,15
4230,2021-05-28 13:53:00.0000000,57.20500,57.20500,57.18500,57.18500,13617,230994000000,0.610,15
4231,2021-05-28 13:54:00.0000000,57.20500,57.21000,57.20000,57.20400,3218,230994000000,0.610,15
4232,2021-05-28 13:55:00.0000000,57.19000,57.20500,57.19000,57.20480,12068,230933000000,0.610,15
4233,2021-05-28 13:56:00.0000000,57.21500,57.21500,57.19000,57.19000,26355,231034000000,0.610,15
4234,2021-05-28 13:57:00.0000000,57.19500,57.21500,57.18000,57.21500,28716,230953000000,0.610,15
4235,2021-05-28 13:58:00.0000000,57.19500,57.20500,57.18010,57.19500,31635,230953000000,0.610,15
4236,2021-05-28 13:59:00.0000000,57.20000,57.20000,57.19000,57.19500,9702,230974000000,0.610,15
4237,2021-05-28 14:00:00.0000000,57.20000,57.21000,57.19000,57.19500,16715,230974000000,0.610,15
4238,2021-05-28 14:01:00.0000000,57.21420,57.22000,57.20000,57.20500,22578,231031000000,0.610,15
4239,2021-05-28 14:02:00.0000000,57.22000,57.22000,57.21000,57.22000,12723,231054000000,0.610,15
4240,2021-05-28 14:03:00.0000000,57.20000,57.22000,57.20000,57.21500,37954,230974000000,0.610,15
4241,2021-05-28 14:04:00.0000000,57.21000,57.21000,57.20000,57.20000,6956,231014000000,0.610,15
4242,2021-05-28 14:05:00.0000000,57.23750,57.24000,57.20000,57.20500,55550,231125000000,0.610,15
4243,2021-05-28 14:06:00.0000000,57.20500,57.24000,57.20000,57.23000,91509,230994000000,0.610,15
4244,2021-05-28 14:07:00.0000000,57.22000,57.23000,57.20000,57.21000,11915,231054000000,0.610,15
4245,2021-05-28 14:08:00.0000000,57.22000,57.24000,57.20220,57.22500,51455,231054000000,0.610,15
4246,2021-05-28 14:09:00.0000000,57.24500,57.25000,57.22500,57.22500,32669,231155000000,0.610,15
4247,2021-05-28 14:10:00.0000000,57.22000,57.24500,57.22000,57.24000,26026,231054000000,0.610,15
4248,2021-05-28 14:11:00.0000000,57.22000,57.23000,57.19000,57.22000,26709,231054000000,0.610,15
4249,2021-05-28 14:12:00.0000000,57.22500,57.23500,57.22500,57.22780,18201,231075000000,0.610,15
4250,2021-05-28 14:13:00.0000000,57.21500,57.22000,57.21000,57.22000,4142,231034000000,0.610,15
4251,2021-05-28 14:14:00.0000000,57.21500,57.22500,57.21000,57.21630,11589,231034000000,0.610,15
4252,2021-05-28 14:15:00.0000000,57.21000,57.21500,57.20000,57.21000,23176,231014000000,0.610,15
4253,2021-05-28 14:16:00.0000000,57.22500,57.23000,57.21000,57.21500,15908,231075000000,0.610,15
4254,2021-05-28 14:17:00.0000000,57.22500,57.23000,57.22000,57.22000,19441,231075000000,0.610,15
4255,2021-05-28 14:18:00.0000000,57.25460,57.26000,57.22000,57.22500,31421,231194000000,0.610,15
4256,2021-05-28 14:19:00.0000000,57.24000,57.25990,57.24000,57.25000,27035,231135000000,0.610,15
4257,2021-05-28 14:20:00.0000000,57.22000,57.23000,57.21000,57.23000,14448,231054000000,0.610,15
4258,2021-05-28 14:21:00.0000000,57.22500,57.23000,57.21000,57.22000,17615,231075000000,0.610,15
4259,2021-05-28 14:22:00.0000000,57.22500,57.23000,57.22000,57.22500,13572,231075000000,0.610,15
4260,2021-05-28 14:23:00.0000000,57.23500,57.24500,57.21000,57.22000,39502,231115000000,0.610,15
4261,2021-05-28 14:24:00.0000000,57.24500,57.25000,57.23000,57.24000,13796,231155000000,0.610,15
4262,2021-05-28 14:25:00.0000000,57.25500,57.25660,57.24000,57.25000,18697,231196000000,0.610,15
4263,2021-05-28 14:26:00.0000000,57.26500,57.26560,57.25000,57.25540,11271,231236000000,0.610,15
4264,2021-05-28 14:27:00.0000000,57.27000,57.28000,57.26000,57.26990,17445,231256000000,0.610,15
4265,2021-05-28 14:28:00.0000000,57.26000,57.27500,57.26000,57.27500,14444,231216000000,0.610,15
4266,2021-05-28 14:29:00.0000000,57.27520,57.28000,57.25000,57.26000,32925,231277000000,0.610,15
4267,2021-05-28 14:30:00.0000000,57.29000,57.29000,57.27000,57.28000,17141,231337000000,0.610,15
4268,2021-05-28 14:31:00.0000000,57.28500,57.29000,57.28000,57.28500,11447,231317000000,0.610,15
4269,2021-05-28 14:32:00.0000000,57.28000,57.29000,57.28000,57.28500,19710,231297000000,0.610,15
4270,2021-05-28 14:33:00.0000000,57.28500,57.29000,57.28000,57.28500,14011,231317000000,0.610,15
4271,2021-05-28 14:34:00.0000000,57.30500,57.31000,57.28000,57.28000,25214,231398000000,0.610,15
4272,2021-05-28 14:35:00.0000000,57.30000,57.30630,57.29000,57.30500,12306,231377000000,0.610,15
4273,2021-05-28 14:36:00.0000000,57.29500,57.30500,57.29100,57.30010,7862,231357000000,0.610,15
4274,2021-05-28 14:37:00.0000000,57.30000,57.30000,57.29000,57.29500,17462,231377000000,0.610,15
4275,2021-05-28 14:38:00.0000000,57.29500,57.30000,57.28000,57.29000,41431,231357000000,0.610,15
4276,2021-05-28 14:39:00.0000000,57.29000,57.30000,57.29000,57.29550,13203,231337000000,0.610,15
4277,2021-05-28 14:40:00.0000000,57.29500,57.30000,57.29000,57.29500,12111,231357000000,0.610,15
4278,2021-05-28 14:41:00.0000000,57.30470,57.31000,57.29000,57.29500,14902,231396000000,0.610,15
4279,2021-05-28 14:42:00.0000000,57.31000,57.31000,57.30000,57.30320,4850,231418000000,0.610,15
4280,2021-05-28 14:43:00.0000000,57.31500,57.31560,57.30000,57.30500,28642,231438000000,0.610,15
4281,2021-05-28 14:44:00.0000000,57.31000,57.33000,57.31000,57.31500,25295,231418000000,0.610,15
4282,2021-05-28 14:45:00.0000000,57.31500,57.32000,57.31000,57.31530,13643,231438000000,0.610,15
4283,2021-05-28 14:46:00.0000000,57.31500,57.33000,57.31000,57.31500,23955,231438000000,0.610,15
4284,2021-05-28 14:47:00.0000000,57.31500,57.32000,57.31000,57.31500,9911,231438000000,0.610,15
4285,2021-05-28 14:48:00.0000000,57.32980,57.33000,57.31000,57.31500,41243,231498000000,0.610,15
4286,2021-05-28 14:49:00.0000000,57.31390,57.32500,57.31000,57.32500,10132,231434000000,0.610,15
4287,2021-05-28 14:50:00.0000000,57.31500,57.32000,57.31000,57.32000,8193,231438000000,0.610,15
4288,2021-05-28 14:51:00.0000000,57.32500,57.33000,57.31000,57.31500,21098,231478000000,0.610,15
4289,2021-05-28 14:52:00.0000000,57.32500,57.33000,57.31000,57.32000,22291,231478000000,0.610,15
4290,2021-05-28 14:53:00.0000000,57.32500,57.34000,57.32000,57.32500,28068,231478000000,0.610,15
4291,2021-05-28 14:54:00.0000000,57.32000,57.33000,57.31000,57.32500,20311,231458000000,0.610,15
4292,2021-05-28 14:55:00.0000000,57.32500,57.33000,57.32000,57.32000,7902,231478000000,0.610,15
4293,2021-05-28 14:56:00.0000000,57.32000,57.32500,57.31000,57.32500,30932,231458000000,0.610,15
4294,2021-05-28 14:57:00.0000000,57.31500,57.32500,57.31000,57.32000,32657,231438000000,0.610,15
4295,2021-05-28 14:58:00.0000000,57.31500,57.33000,57.31000,57.31500,16046,231438000000,0.610,15
4296,2021-05-28 14:59:00.0000000,57.32000,57.32000,57.30500,57.31500,19745,231458000000,0.610,15
4297,2021-05-28 15:00:00.0000000,57.31000,57.32000,57.29000,57.31670,35097,231418000000,0.610,15
4298,2021-05-28 09:30:00.0000000,169.46010,169.67999,169.22000,169.52000,136303,446256000000,0.710,16
4299,2021-05-28 09:31:00.0000000,169.77000,169.78000,169.45000,169.48000,16069,447072000000,0.710,16
4300,2021-05-28 09:32:00.0000000,169.78000,169.89000,169.64000,169.78000,22862,447098000000,0.710,16
4301,2021-05-28 09:33:00.0000000,169.50999,169.72000,169.41000,169.72000,20264,446387000000,0.710,16
4302,2021-05-28 09:34:00.0000000,169.72000,169.72000,169.50000,169.50000,11839,446940000000,0.710,16
4303,2021-05-28 09:35:00.0000000,169.75999,169.82001,169.67999,169.71001,16306,447045000000,0.710,16
4304,2021-05-28 09:36:00.0000000,169.83009,169.89000,169.74500,169.75000,13962,447230000000,0.710,16
4305,2021-05-28 09:37:00.0000000,169.75000,169.89999,169.75000,169.84500,10457,447019000000,0.710,16
4306,2021-05-28 09:38:00.0000000,169.75960,169.85001,169.71001,169.75000,7555,447044000000,0.710,16
4307,2021-05-28 09:39:00.0000000,169.74001,169.88000,169.71001,169.87000,13833,446993000000,0.710,16
4308,2021-05-28 09:40:00.0000000,169.79500,169.80000,169.67000,169.80000,12949,447137000000,0.710,16
4309,2021-05-28 09:41:00.0000000,169.79500,169.84000,169.73000,169.78000,14844,447137000000,0.710,16
4310,2021-05-28 09:42:00.0000000,169.72000,169.82500,169.72000,169.81960,8356,446940000000,0.710,16
4311,2021-05-28 09:43:00.0000000,169.67000,169.74190,169.56000,169.74190,18827,446808000000,0.710,16
4312,2021-05-28 09:44:00.0000000,169.66721,169.66721,169.60001,169.64000,5344,446801000000,0.710,16
4313,2021-05-28 09:45:00.0000000,169.64000,169.68500,169.57001,169.66499,16086,446729000000,0.710,16
4314,2021-05-28 09:46:00.0000000,169.92000,169.92999,169.63499,169.64999,27715,447467000000,0.710,16
4315,2021-05-28 09:47:00.0000000,170.00000,170.09000,169.92999,169.92999,80439,447677000000,0.710,16
4316,2021-05-28 09:48:00.0000000,169.88000,170.00000,169.84000,170.00000,15684,447361000000,0.710,16
4317,2021-05-28 09:49:00.0000000,169.84000,169.89000,169.78000,169.88000,7428,447256000000,0.710,16
4318,2021-05-28 09:50:00.0000000,169.67500,169.85500,169.61000,169.83000,19686,446821000000,0.710,16
4319,2021-05-28 09:51:00.0000000,169.85001,169.87000,169.63000,169.66000,13750,447282000000,0.710,16
4320,2021-05-28 09:52:00.0000000,169.82500,169.89999,169.82500,169.85001,10862,447216000000,0.710,16
4321,2021-05-28 09:53:00.0000000,169.89000,169.92000,169.80000,169.80000,13217,447388000000,0.710,16
4322,2021-05-28 09:54:00.0000000,169.89999,169.98480,169.87000,169.87000,7334,447414000000,0.710,16
4323,2021-05-28 09:55:00.0000000,169.92000,170.06000,169.89999,169.92999,27210,447467000000,0.710,16
4324,2021-05-28 09:56:00.0000000,169.99500,170.03999,169.91000,169.91000,9590,447664000000,0.710,16
4325,2021-05-28 09:57:00.0000000,170.05000,170.08000,169.95000,169.98000,7558,447809000000,0.710,16
4326,2021-05-28 09:58:00.0000000,169.99001,170.07001,169.97000,170.05000,9008,447651000000,0.710,16
4327,2021-05-28 09:59:00.0000000,170.04500,170.07001,169.99001,170.00031,14135,447796000000,0.710,16
4328,2021-05-28 10:00:00.0000000,170.17000,170.17000,170.02000,170.03999,28520,448125000000,0.710,16
4329,2021-05-28 10:01:00.0000000,170.16000,170.25000,170.11000,170.13000,24731,448099000000,0.710,16
4330,2021-05-28 10:02:00.0000000,170.09500,170.22000,170.07001,170.17000,50689,447927000000,0.710,16
4331,2021-05-28 10:03:00.0000000,170.17999,170.19000,170.08000,170.08000,9968,448151000000,0.710,16
4332,2021-05-28 10:04:00.0000000,170.22000,170.25999,170.16000,170.16000,19838,448257000000,0.710,16
4333,2021-05-28 10:05:00.0000000,170.36000,170.37000,170.22000,170.24001,11497,448625000000,0.710,16
4334,2021-05-28 10:06:00.0000000,170.36000,170.41000,170.34000,170.37000,19186,448625000000,0.710,16
4335,2021-05-28 10:07:00.0000000,170.45000,170.45000,170.32001,170.34000,24340,448862000000,0.710,16
4336,2021-05-28 10:08:00.0000000,170.39999,170.44000,170.39000,170.44000,17496,448731000000,0.710,16
4337,2021-05-28 10:09:00.0000000,170.45000,170.49001,170.39000,170.39000,19679,448862000000,0.710,16
4338,2021-05-28 10:10:00.0000000,170.46001,170.50500,170.42999,170.45000,22656,448889000000,0.710,16
4339,2021-05-28 10:11:00.0000000,170.55000,170.57001,170.46001,170.47000,11412,449126000000,0.710,16
4340,2021-05-28 10:12:00.0000000,170.50000,170.54630,170.47501,170.54630,14247,448994000000,0.710,16
4341,2021-05-28 10:13:00.0000000,170.41830,170.49001,170.40500,170.48000,16872,448779000000,0.710,16
4342,2021-05-28 10:14:00.0000000,170.52000,170.55000,170.44000,170.44000,7936,449047000000,0.710,16
4343,2021-05-28 10:15:00.0000000,170.49001,170.55000,170.49001,170.52000,10685,448968000000,0.710,16
4344,2021-05-28 10:16:00.0000000,170.48000,170.52000,170.46001,170.47000,8180,448941000000,0.710,16
4345,2021-05-28 10:17:00.0000000,170.46001,170.47000,170.41000,170.47000,9921,448889000000,0.710,16
4346,2021-05-28 10:18:00.0000000,170.44000,170.46001,170.41000,170.45000,13314,448836000000,0.710,16
4347,2021-05-28 10:19:00.0000000,170.38000,170.42999,170.36000,170.42999,13939,448678000000,0.710,16
4348,2021-05-28 10:20:00.0000000,170.36000,170.41000,170.32001,170.39999,12765,448625000000,0.710,16
4349,2021-05-28 10:21:00.0000000,170.42000,170.42000,170.33000,170.37331,9072,448783000000,0.710,16
4350,2021-05-28 10:22:00.0000000,170.50999,170.55000,170.42999,170.44000,10677,449020000000,0.710,16
4351,2021-05-28 10:23:00.0000000,170.57001,170.58000,170.50000,170.50000,21842,449178000000,0.710,16
4352,2021-05-28 10:24:00.0000000,170.60001,170.60001,170.53999,170.60001,10586,449257000000,0.710,16
4353,2021-05-28 10:25:00.0000000,170.58000,170.62000,170.57001,170.61000,21830,449205000000,0.710,16
4354,2021-05-28 10:26:00.0000000,170.62000,170.66000,170.56000,170.57001,19195,449310000000,0.710,16
4355,2021-05-28 10:27:00.0000000,170.63000,170.70000,170.62500,170.62500,13102,449336000000,0.710,16
4356,2021-05-28 10:28:00.0000000,170.64999,170.70000,170.64000,170.64000,12751,449389000000,0.710,16
4357,2021-05-28 10:29:00.0000000,170.70580,170.71989,170.64999,170.64999,9228,449536000000,0.710,16
4358,2021-05-28 10:30:00.0000000,170.75999,170.75999,170.71001,170.72000,12271,449679000000,0.710,16
4359,2021-05-28 10:31:00.0000000,170.72000,170.81000,170.71001,170.77000,11172,449573000000,0.710,16
4360,2021-05-28 10:32:00.0000000,170.75000,170.75000,170.67999,170.72000,11911,449652000000,0.710,16
4361,2021-05-28 10:33:00.0000000,170.73000,170.78999,170.70000,170.73500,19039,449600000000,0.710,16
4362,2021-05-28 10:34:00.0000000,170.71001,170.73000,170.67999,170.72501,14284,449547000000,0.710,16
4363,2021-05-28 10:35:00.0000000,170.64000,170.71001,170.63000,170.70500,9942,449363000000,0.710,16
4364,2021-05-28 10:36:00.0000000,170.50999,170.63000,170.50999,170.62000,16851,449020000000,0.710,16
4365,2021-05-28 10:37:00.0000000,170.52000,170.53571,170.48000,170.50999,9036,449047000000,0.710,16
4366,2021-05-28 10:38:00.0000000,170.55000,170.55000,170.46001,170.50999,8032,449126000000,0.710,16
4367,2021-05-28 10:39:00.0000000,170.56500,170.60001,170.52000,170.56000,11067,449165000000,0.710,16
4368,2021-05-28 10:40:00.0000000,170.58000,170.61990,170.56000,170.57990,16082,449205000000,0.710,16
4369,2021-05-28 10:41:00.0000000,170.53000,170.58839,170.47369,170.58099,6517,449073000000,0.710,16
4370,2021-05-28 10:42:00.0000000,170.45000,170.55499,170.45000,170.53000,6720,448862000000,0.710,16
4371,2021-05-28 10:43:00.0000000,170.53999,170.57001,170.46001,170.46001,5590,449099000000,0.710,16
4372,2021-05-28 10:44:00.0000000,170.63499,170.63499,170.53999,170.55991,13653,449350000000,0.710,16
4373,2021-05-28 10:45:00.0000000,170.63000,170.66541,170.60001,170.64500,11433,449336000000,0.710,16
4374,2021-05-28 10:46:00.0000000,170.67000,170.67000,170.62000,170.66000,46925,449442000000,0.710,16
4375,2021-05-28 10:47:00.0000000,170.78500,170.81000,170.67999,170.67999,15191,449745000000,0.710,16
4376,2021-05-28 10:48:00.0000000,170.83400,170.83400,170.75999,170.78000,10576,449874000000,0.710,16
4377,2021-05-28 10:49:00.0000000,170.91499,170.94000,170.84000,170.84000,45582,450087000000,0.710,16
4378,2021-05-28 10:50:00.0000000,170.94000,170.94000,170.89999,170.93500,17402,450153000000,0.710,16
4379,2021-05-28 10:51:00.0000000,170.95000,170.95000,170.92000,170.92999,10966,450179000000,0.710,16
4380,2021-05-28 10:52:00.0000000,170.98000,171.00500,170.95000,170.95000,40343,450258000000,0.710,16
4381,2021-05-28 10:53:00.0000000,170.98000,170.98590,170.96001,170.98000,25071,450258000000,0.710,16
4382,2021-05-28 10:54:00.0000000,170.81500,170.98000,170.80020,170.98000,18301,449824000000,0.710,16
4383,2021-05-28 10:55:00.0000000,170.78999,170.89000,170.77000,170.82001,28631,449758000000,0.710,16
4384,2021-05-28 10:56:00.0000000,170.83501,170.86000,170.80000,170.81000,7211,449876000000,0.710,16
4385,2021-05-28 10:57:00.0000000,170.78999,170.84500,170.78999,170.82919,7030,449758000000,0.710,16
4386,2021-05-28 10:58:00.0000000,170.82001,170.84000,170.75000,170.78999,9577,449837000000,0.710,16
4387,2021-05-28 10:59:00.0000000,170.77000,170.85710,170.77000,170.80000,11136,449705000000,0.710,16
4388,2021-05-28 11:00:00.0000000,170.74001,170.77000,170.67999,170.77000,24389,449626000000,0.710,16
4389,2021-05-28 11:01:00.0000000,170.69420,170.74390,170.66499,170.73000,10209,449505000000,0.710,16
4390,2021-05-28 11:02:00.0000000,170.67000,170.70000,170.66000,170.69000,16359,449442000000,0.710,16
4391,2021-05-28 11:03:00.0000000,170.66000,170.73000,170.66000,170.67000,16031,449415000000,0.710,16
4392,2021-05-28 11:04:00.0000000,170.63000,170.67999,170.61000,170.66000,8246,449336000000,0.710,16
4393,2021-05-28 11:05:00.0000000,170.61000,170.64999,170.61000,170.62000,5252,449284000000,0.710,16
4394,2021-05-28 11:06:00.0000000,170.59000,170.63000,170.55499,170.63000,14359,449231000000,0.710,16
4395,2021-05-28 11:07:00.0000000,170.67500,170.67999,170.59000,170.59000,24523,449455000000,0.710,16
4396,2021-05-28 11:08:00.0000000,170.67000,170.67999,170.66000,170.67999,19523,449442000000,0.710,16
4397,2021-05-28 11:09:00.0000000,170.70000,170.70500,170.67000,170.69000,10267,449521000000,0.710,16
4398,2021-05-28 11:10:00.0000000,170.78000,170.78000,170.69000,170.71001,6719,449731000000,0.710,16
4399,2021-05-28 11:11:00.0000000,170.84000,170.86971,170.75999,170.77000,17600,449889000000,0.710,16
4400,2021-05-28 11:12:00.0000000,170.78999,170.83000,170.78000,170.83000,12819,449758000000,0.710,16
4401,2021-05-28 11:13:00.0000000,170.77000,170.85989,170.77000,170.82001,13086,449705000000,0.710,16
4402,2021-05-28 11:14:00.0000000,170.70000,170.75999,170.70000,170.75999,5771,449521000000,0.710,16
4403,2021-05-28 11:15:00.0000000,170.67000,170.70950,170.60001,170.69501,7967,449442000000,0.710,16
4404,2021-05-28 11:16:00.0000000,170.70000,170.71001,170.66000,170.67999,9121,449521000000,0.710,16
4405,2021-05-28 11:17:00.0000000,170.73000,170.75999,170.69000,170.71001,10416,449600000000,0.710,16
4406,2021-05-28 11:18:00.0000000,170.69501,170.74001,170.67999,170.74001,11801,449508000000,0.710,16
4407,2021-05-28 11:19:00.0000000,170.72450,170.74001,170.70000,170.70000,3871,449585000000,0.710,16
4408,2021-05-28 11:20:00.0000000,170.73000,170.73000,170.70000,170.73000,3868,449600000000,0.710,16
4409,2021-05-28 11:21:00.0000000,170.71001,170.74001,170.70309,170.74001,5780,449547000000,0.710,16
4410,2021-05-28 11:22:00.0000000,170.66000,170.70000,170.63000,170.70000,10383,449415000000,0.710,16
4411,2021-05-28 11:23:00.0000000,170.63000,170.66380,170.63000,170.66380,4068,449336000000,0.710,16
4412,2021-05-28 11:24:00.0000000,170.72000,170.72000,170.61000,170.62000,14784,449573000000,0.710,16
4413,2021-05-28 11:25:00.0000000,170.68500,170.72200,170.64000,170.72200,17252,449481000000,0.710,16
4414,2021-05-28 11:26:00.0000000,170.62500,170.69501,170.60001,170.69000,12467,449323000000,0.710,16
4415,2021-05-28 11:27:00.0000000,170.67999,170.69000,170.60001,170.62000,7680,449468000000,0.710,16
4416,2021-05-28 11:28:00.0000000,170.67000,170.67000,170.62000,170.66000,5554,449442000000,0.710,16
4417,2021-05-28 11:29:00.0000000,170.60001,170.67000,170.60001,170.67000,16945,449257000000,0.710,16
4418,2021-05-28 11:30:00.0000000,170.61000,170.62000,170.57500,170.61000,17985,449284000000,0.710,16
4419,2021-05-28 11:31:00.0000000,170.64999,170.69501,170.60001,170.60001,15656,449389000000,0.710,16
4420,2021-05-28 11:32:00.0000000,170.72501,170.74001,170.64000,170.64000,14227,449587000000,0.710,16
4421,2021-05-28 11:33:00.0000000,170.60001,170.73000,170.60001,170.73000,15524,449257000000,0.710,16
4422,2021-05-28 11:34:00.0000000,170.56000,170.60001,170.53979,170.60001,14705,449152000000,0.710,16
4423,2021-05-28 11:35:00.0000000,170.64000,170.70000,170.55499,170.56000,21637,449363000000,0.710,16
4424,2021-05-28 11:36:00.0000000,170.62000,170.69000,170.61000,170.66000,7952,449310000000,0.710,16
4425,2021-05-28 11:37:00.0000000,170.59000,170.63000,170.58000,170.62000,11642,449231000000,0.710,16
4426,2021-05-28 11:38:00.0000000,170.64999,170.67000,170.59500,170.59990,11089,449389000000,0.710,16
4427,2021-05-28 11:39:00.0000000,170.52000,170.65939,170.52000,170.65939,12283,449047000000,0.710,16
4428,2021-05-28 11:40:00.0000000,170.55000,170.55850,170.50000,170.52000,8276,449126000000,0.710,16
4429,2021-05-28 11:41:00.0000000,170.50999,170.55000,170.48000,170.55000,14252,449020000000,0.710,16
4430,2021-05-28 11:42:00.0000000,170.51010,170.56500,170.50999,170.52000,15235,449021000000,0.710,16
4431,2021-05-28 11:43:00.0000000,170.52000,170.53999,170.50999,170.52000,8308,449047000000,0.710,16
4432,2021-05-28 11:44:00.0000000,170.50999,170.52000,170.49001,170.52000,5942,449020000000,0.710,16
4433,2021-05-28 11:45:00.0000000,170.45000,170.51500,170.45000,170.50999,9889,448862000000,0.710,16
4434,2021-05-28 11:46:00.0000000,170.31310,170.42999,170.28999,170.42000,15744,448502000000,0.710,16
4435,2021-05-28 11:47:00.0000000,170.28000,170.32230,170.28000,170.30000,11145,448415000000,0.710,16
4436,2021-05-28 11:48:00.0000000,170.31500,170.34500,170.28999,170.28999,14632,448507000000,0.710,16
4437,2021-05-28 11:49:00.0000000,170.31000,170.32001,170.30000,170.32001,12677,448494000000,0.710,16
4438,2021-05-28 11:50:00.0000000,170.28000,170.31000,170.27000,170.28000,14310,448415000000,0.710,16
4439,2021-05-28 11:51:00.0000000,170.28000,170.28999,170.26379,170.27499,8083,448415000000,0.710,16
4440,2021-05-28 11:52:00.0000000,170.22000,170.30000,170.22000,170.28999,8137,448257000000,0.710,16
4441,2021-05-28 11:53:00.0000000,170.22000,170.23000,170.17200,170.23000,9164,448257000000,0.710,16
4442,2021-05-28 11:54:00.0000000,170.17000,170.22000,170.17000,170.21001,5879,448125000000,0.710,16
4443,2021-05-28 11:55:00.0000000,170.14999,170.17999,170.14160,170.16000,6147,448072000000,0.710,16
4444,2021-05-28 11:56:00.0000000,170.17000,170.18500,170.14000,170.14500,9028,448125000000,0.710,16
4445,2021-05-28 11:57:00.0000000,170.20000,170.21001,170.19000,170.19000,3558,448204000000,0.710,16
4446,2021-05-28 11:58:00.0000000,170.20000,170.24001,170.19000,170.19000,21663,448204000000,0.710,16
4447,2021-05-28 11:59:00.0000000,170.11501,170.19000,170.08000,170.19000,17649,447980000000,0.710,16
4448,2021-05-28 12:00:00.0000000,170.05000,170.11000,170.05000,170.10001,10664,447809000000,0.710,16
4449,2021-05-28 12:01:00.0000000,170.03999,170.04240,170.02000,170.02499,7269,447783000000,0.710,16
4450,2021-05-28 12:02:00.0000000,170.08000,170.08501,170.03999,170.05000,9390,447888000000,0.710,16
4451,2021-05-28 12:03:00.0000000,170.03999,170.09000,170.00999,170.07001,11747,447783000000,0.710,16
4452,2021-05-28 12:04:00.0000000,169.97000,170.03999,169.96500,170.03999,8837,447598000000,0.710,16
4453,2021-05-28 12:05:00.0000000,170.02000,170.05000,169.98000,169.98000,9865,447730000000,0.710,16
4454,2021-05-28 12:06:00.0000000,170.01500,170.02000,170.00000,170.02000,7975,447717000000,0.710,16
4455,2021-05-28 12:07:00.0000000,170.07001,170.09000,170.02000,170.02000,13007,447862000000,0.710,16
4456,2021-05-28 12:08:00.0000000,170.08000,170.09000,170.05000,170.06950,17121,447888000000,0.710,16
4457,2021-05-28 12:09:00.0000000,170.00999,170.11000,170.00999,170.07001,16027,447704000000,0.710,16
4458,2021-05-28 12:10:00.0000000,169.98000,170.00000,169.97000,169.98000,9396,447625000000,0.710,16
4459,2021-05-28 12:11:00.0000000,169.97321,170.00999,169.96010,169.99001,11816,447607000000,0.710,16
4460,2021-05-28 12:12:00.0000000,169.91000,169.97000,169.89999,169.97000,16482,447440000000,0.710,16
4461,2021-05-28 12:13:00.0000000,169.97000,169.97000,169.89999,169.91000,12837,447598000000,0.710,16
4462,2021-05-28 12:14:00.0000000,170.03999,170.06000,169.99001,169.99001,3672,447783000000,0.710,16
4463,2021-05-28 12:15:00.0000000,170.03999,170.04500,170.02000,170.03000,9868,447783000000,0.710,16
4464,2021-05-28 12:16:00.0000000,170.00999,170.06000,170.00999,170.03999,11458,447704000000,0.710,16
4465,2021-05-28 12:17:00.0000000,170.00000,170.02000,169.99001,170.00999,7425,447677000000,0.710,16
4466,2021-05-28 12:18:00.0000000,170.03000,170.04500,169.95000,169.99001,18098,447756000000,0.710,16
4467,2021-05-28 12:19:00.0000000,169.99001,170.04601,169.99001,170.04601,4413,447651000000,0.710,16
4468,2021-05-28 12:20:00.0000000,170.05000,170.10001,170.00000,170.00000,11795,447809000000,0.710,16
4469,2021-05-28 12:21:00.0000000,170.06000,170.06000,170.00999,170.03000,5312,447835000000,0.710,16
4470,2021-05-28 12:22:00.0000000,170.06000,170.06000,170.01500,170.03999,6516,447835000000,0.710,16
4471,2021-05-28 12:23:00.0000000,169.97000,170.06000,169.97000,170.05000,5799,447598000000,0.710,16
4472,2021-05-28 12:24:00.0000000,169.98380,170.00500,169.97000,169.98000,7061,447635000000,0.710,16
4473,2021-05-28 12:25:00.0000000,169.95000,169.98000,169.94000,169.98000,5147,447546000000,0.710,16
4474,2021-05-28 12:26:00.0000000,169.96001,169.96001,169.91000,169.92999,10492,447572000000,0.710,16
4475,2021-05-28 12:27:00.0000000,169.90500,169.98000,169.90500,169.96001,10039,447427000000,0.710,16
4476,2021-05-28 12:28:00.0000000,169.95000,169.98500,169.92000,169.92000,8749,447546000000,0.710,16
4477,2021-05-28 12:29:00.0000000,169.95020,169.97000,169.93381,169.93381,4379,447546000000,0.710,16
4478,2021-05-28 12:30:00.0000000,169.94000,169.95000,169.92999,169.94000,3111,447519000000,0.710,16
4479,2021-05-28 12:31:00.0000000,169.92999,169.95000,169.92661,169.94000,2324,447493000000,0.710,16
4480,2021-05-28 12:32:00.0000000,169.91000,169.94000,169.89999,169.92999,7002,447440000000,0.710,16
4481,2021-05-28 12:33:00.0000000,169.85001,169.91000,169.85001,169.91000,3517,447282000000,0.710,16
4482,2021-05-28 12:34:00.0000000,169.92999,169.94000,169.85001,169.85001,9276,447493000000,0.710,16
4483,2021-05-28 12:35:00.0000000,169.89000,169.92999,169.87000,169.92999,8811,447388000000,0.710,16
4484,2021-05-28 12:36:00.0000000,169.88000,169.92500,169.88000,169.89000,6702,447361000000,0.710,16
4485,2021-05-28 12:37:00.0000000,169.94000,169.96001,169.89000,169.89000,8733,447519000000,0.710,16
4486,2021-05-28 12:38:00.0000000,169.98000,169.98000,169.92000,169.97200,7715,447625000000,0.710,16
4487,2021-05-28 12:39:00.0000000,169.94000,170.00000,169.92000,169.99001,9509,447519000000,0.710,16
4488,2021-05-28 12:40:00.0000000,169.92000,169.96001,169.92000,169.95000,4090,447467000000,0.710,16
4489,2021-05-28 12:41:00.0000000,169.92000,169.92999,169.88000,169.92000,16197,447467000000,0.710,16
4490,2021-05-28 12:42:00.0000000,169.89000,169.92500,169.88000,169.91499,5976,447388000000,0.710,16
4491,2021-05-28 12:43:00.0000000,169.84000,169.89000,169.84000,169.88499,13213,447256000000,0.710,16
4492,2021-05-28 12:44:00.0000000,169.86000,169.86000,169.83501,169.85001,4256,447309000000,0.710,16
4493,2021-05-28 12:45:00.0000000,169.83000,169.84000,169.78999,169.84000,5699,447230000000,0.710,16
4494,2021-05-28 12:46:00.0000000,169.84810,169.86000,169.81000,169.82001,17979,447277000000,0.710,16
4495,2021-05-28 12:47:00.0000000,169.87000,169.87000,169.85001,169.86000,3731,447335000000,0.710,16
4496,2021-05-28 12:48:00.0000000,169.72000,169.86000,169.71001,169.85561,36445,446940000000,0.710,16
4497,2021-05-28 12:49:00.0000000,169.78030,169.78641,169.75999,169.75999,1401,447099000000,0.710,16
4498,2021-05-28 12:50:00.0000000,169.82001,169.82001,169.77000,169.78999,5898,447203000000,0.710,16
4499,2021-05-28 12:51:00.0000000,169.75999,169.82001,169.75999,169.82001,5022,447045000000,0.710,16
4500,2021-05-28 12:52:00.0000000,169.77000,169.78999,169.75999,169.75999,7040,447072000000,0.710,16
4501,2021-05-28 12:53:00.0000000,169.73000,169.75999,169.73000,169.75999,2449,446966000000,0.710,16
4502,2021-05-28 12:54:00.0000000,169.70200,169.73000,169.67500,169.73000,3663,446893000000,0.710,16
4503,2021-05-28 12:55:00.0000000,169.63000,169.70000,169.62000,169.69000,5709,446703000000,0.710,16
4504,2021-05-28 12:56:00.0000000,169.64000,169.67000,169.63989,169.64000,2514,446729000000,0.710,16
4505,2021-05-28 12:57:00.0000000,169.68700,169.68900,169.65221,169.67000,2374,446853000000,0.710,16
4506,2021-05-28 12:58:00.0000000,169.69991,169.70000,169.69000,169.69000,2552,446887000000,0.710,16
4507,2021-05-28 12:59:00.0000000,169.75000,169.75999,169.69200,169.69200,4117,447019000000,0.710,16
4508,2021-05-28 13:00:00.0000000,169.74001,169.77000,169.72459,169.74001,8063,446993000000,0.710,16
4509,2021-05-28 13:01:00.0000000,169.72000,169.75751,169.70000,169.75751,3082,446940000000,0.710,16
4510,2021-05-28 13:02:00.0000000,169.72000,169.75999,169.72000,169.73000,2421,446940000000,0.710,16
4511,2021-05-28 13:03:00.0000000,169.70790,169.73000,169.69000,169.71001,4351,446908000000,0.710,16
4512,2021-05-28 13:04:00.0000000,169.72000,169.72000,169.67000,169.70000,5738,446940000000,0.710,16
4513,2021-05-28 13:05:00.0000000,169.67999,169.71001,169.67000,169.71001,5287,446835000000,0.710,16
4514,2021-05-28 13:06:00.0000000,169.70000,169.70000,169.67999,169.67999,6150,446887000000,0.710,16
4515,2021-05-28 13:07:00.0000000,169.64850,169.69000,169.60001,169.69000,7647,446752000000,0.710,16
4516,2021-05-28 13:08:00.0000000,169.60500,169.64000,169.60001,169.64000,4018,446637000000,0.710,16
4517,2021-05-28 13:09:00.0000000,169.62000,169.63000,169.60001,169.61000,6305,446677000000,0.710,16
4518,2021-05-28 13:10:00.0000000,169.63251,169.64000,169.59000,169.61000,3621,446710000000,0.710,16
4519,2021-05-28 13:11:00.0000000,169.58000,169.60110,169.58000,169.60110,7537,446571000000,0.710,16
4520,2021-05-28 13:12:00.0000000,169.58009,169.60500,169.56000,169.56000,8321,446572000000,0.710,16
4521,2021-05-28 13:13:00.0000000,169.56000,169.58000,169.53000,169.58000,6111,446519000000,0.710,16
4522,2021-05-28 13:14:00.0000000,169.59000,169.59000,169.53999,169.56410,7289,446598000000,0.710,16
4523,2021-05-28 13:15:00.0000000,169.57001,169.59000,169.56000,169.58000,5599,446545000000,0.710,16
4524,2021-05-28 13:16:00.0000000,169.58000,169.60001,169.56000,169.57500,17260,446571000000,0.710,16
4525,2021-05-28 13:17:00.0000000,169.58000,169.62000,169.58000,169.59309,6860,446571000000,0.710,16
4526,2021-05-28 13:18:00.0000000,169.64380,169.64500,169.52000,169.60001,13445,446739000000,0.710,16
4527,2021-05-28 13:19:00.0000000,169.65190,169.67000,169.60001,169.66000,19209,446761000000,0.710,16
4528,2021-05-28 13:20:00.0000000,169.70000,169.72000,169.67999,169.69000,13105,446887000000,0.710,16
4529,2021-05-28 13:21:00.0000000,169.67999,169.71640,169.65100,169.70390,4901,446835000000,0.710,16
4530,2021-05-28 13:22:00.0000000,169.65460,169.70000,169.65460,169.65500,19188,446768000000,0.710,16
4531,2021-05-28 13:23:00.0000000,169.70000,169.70000,169.64700,169.66000,8172,446887000000,0.710,16
4532,2021-05-28 13:24:00.0000000,169.67999,169.71001,169.67000,169.71001,5856,446835000000,0.710,16
4533,2021-05-28 13:25:00.0000000,169.69000,169.72000,169.64999,169.67000,4272,446861000000,0.710,16
4534,2021-05-28 13:26:00.0000000,169.69000,169.70000,169.66000,169.67999,7373,446861000000,0.710,16
4535,2021-05-28 13:27:00.0000000,169.62500,169.67000,169.61000,169.67000,6007,446690000000,0.710,16
4536,2021-05-28 13:28:00.0000000,169.66000,169.66000,169.64000,169.64000,1323,446782000000,0.710,16
4537,2021-05-28 13:29:00.0000000,169.67999,169.69000,169.64999,169.66000,5091,446835000000,0.710,16
4538,2021-05-28 13:30:00.0000000,169.67700,169.69000,169.62000,169.67999,5691,446827000000,0.710,16
4539,2021-05-28 13:31:00.0000000,169.62000,169.67999,169.59000,169.67999,6558,446677000000,0.710,16
4540,2021-05-28 13:32:00.0000000,169.67000,169.67000,169.60001,169.62000,5182,446808000000,0.710,16
4541,2021-05-28 13:33:00.0000000,169.67000,169.71001,169.66000,169.66000,5722,446808000000,0.710,16
4542,2021-05-28 13:34:00.0000000,169.67000,169.67000,169.63000,169.64999,4928,446808000000,0.710,16
4543,2021-05-28 13:35:00.0000000,169.74001,169.74001,169.67821,169.67821,5613,446993000000,0.710,16
4544,2021-05-28 13:36:00.0000000,169.67999,169.74001,169.64999,169.74001,3838,446835000000,0.710,16
4545,2021-05-28 13:37:00.0000000,169.74001,169.75000,169.68500,169.69000,8055,446993000000,0.710,16
4546,2021-05-28 13:38:00.0000000,169.69000,169.72000,169.69000,169.72000,7188,446861000000,0.710,16
4547,2021-05-28 13:39:00.0000000,169.70000,169.72000,169.66000,169.69000,8244,446887000000,0.710,16
4548,2021-05-28 13:40:00.0000000,169.71001,169.73500,169.69000,169.70000,5589,446914000000,0.710,16
4549,2021-05-28 13:41:00.0000000,169.67000,169.72000,169.66000,169.69000,7025,446808000000,0.710,16
4550,2021-05-28 13:42:00.0000000,169.67500,169.68640,169.64999,169.66000,12187,446821000000,0.710,16
4551,2021-05-28 13:43:00.0000000,169.67419,169.70850,169.67419,169.67999,2829,446819000000,0.710,16
4552,2021-05-28 13:44:00.0000000,169.64999,169.67999,169.64500,169.67999,6031,446756000000,0.710,16
4553,2021-05-28 13:45:00.0000000,169.60001,169.63000,169.60001,169.63000,5792,446624000000,0.710,16
4554,2021-05-28 13:46:00.0000000,169.62000,169.63049,169.58501,169.60001,4864,446677000000,0.710,16
4555,2021-05-28 13:47:00.0000000,169.63000,169.64999,169.61501,169.61501,8262,446703000000,0.710,16
4556,2021-05-28 13:48:00.0000000,169.62000,169.63000,169.60001,169.63000,5058,446677000000,0.710,16
4557,2021-05-28 13:49:00.0000000,169.58000,169.65500,169.58000,169.63000,6255,446571000000,0.710,16
4558,2021-05-28 13:50:00.0000000,169.59000,169.60001,169.56500,169.58791,4938,446598000000,0.710,16
4559,2021-05-28 13:51:00.0000000,169.59000,169.59000,169.57001,169.59000,2182,446598000000,0.710,16
4560,2021-05-28 13:52:00.0000000,169.60001,169.60001,169.56000,169.58501,3417,446624000000,0.710,16
4561,2021-05-28 13:53:00.0000000,169.57001,169.58000,169.55000,169.58000,5653,446545000000,0.710,16
4562,2021-05-28 13:54:00.0000000,169.56000,169.60001,169.55000,169.56000,4108,446519000000,0.710,16
4563,2021-05-28 13:55:00.0000000,169.60001,169.60001,169.56000,169.56000,3535,446624000000,0.710,16
4564,2021-05-28 13:56:00.0000000,169.61000,169.61000,169.58000,169.58000,4137,446650000000,0.710,16
4565,2021-05-28 13:57:00.0000000,169.59000,169.61000,169.55000,169.61000,6765,446598000000,0.710,16
4566,2021-05-28 13:58:00.0000000,169.56000,169.58000,169.55000,169.56000,4568,446519000000,0.710,16
4567,2021-05-28 13:59:00.0000000,169.53999,169.56000,169.53999,169.53999,2282,446466000000,0.710,16
4568,2021-05-28 14:00:00.0000000,169.58000,169.60001,169.56000,169.56000,14932,446571000000,0.710,16
4569,2021-05-28 14:01:00.0000000,169.66000,169.67000,169.57001,169.58000,12030,446782000000,0.710,16
4570,2021-05-28 14:02:00.0000000,169.64000,169.67000,169.64000,169.64999,10437,446729000000,0.710,16
4571,2021-05-28 14:03:00.0000000,169.63440,169.64999,169.63000,169.64000,11113,446715000000,0.710,16
4572,2021-05-28 14:04:00.0000000,169.67990,169.69000,169.62500,169.64000,12300,446834000000,0.710,16
4573,2021-05-28 14:05:00.0000000,169.70000,169.71001,169.66000,169.69000,8334,446887000000,0.710,16
4574,2021-05-28 14:06:00.0000000,169.70000,169.74001,169.69000,169.71001,7193,446887000000,0.710,16
4575,2021-05-28 14:07:00.0000000,169.72000,169.72000,169.66000,169.69000,6390,446940000000,0.710,16
4576,2021-05-28 14:08:00.0000000,169.71471,169.72000,169.65100,169.72000,10653,446926000000,0.710,16
4577,2021-05-28 14:09:00.0000000,169.67000,169.73000,169.64999,169.70000,4638,446808000000,0.710,16
4578,2021-05-28 14:10:00.0000000,169.71310,169.73000,169.67999,169.67999,4596,446922000000,0.710,16
4579,2021-05-28 14:11:00.0000000,169.72000,169.73000,169.71001,169.72000,6934,446940000000,0.710,16
4580,2021-05-28 14:12:00.0000000,169.72000,169.73000,169.67999,169.70500,6905,446940000000,0.710,16
4581,2021-05-28 14:13:00.0000000,169.74001,169.75000,169.69370,169.73000,6851,446993000000,0.710,16
4582,2021-05-28 14:14:00.0000000,169.71001,169.77000,169.71001,169.73000,6719,446914000000,0.710,16
4583,2021-05-28 14:15:00.0000000,169.70000,169.72000,169.69501,169.71001,4337,446887000000,0.710,16
4584,2021-05-28 14:16:00.0000000,169.67000,169.70500,169.67000,169.70500,12112,446808000000,0.710,16
4585,2021-05-28 14:17:00.0000000,169.66000,169.66000,169.63000,169.66000,3099,446782000000,0.710,16
4586,2021-05-28 14:18:00.0000000,169.67500,169.69000,169.64999,169.67000,4702,446821000000,0.710,16
4587,2021-05-28 14:19:00.0000000,169.66000,169.67000,169.64999,169.67000,11944,446782000000,0.710,16
4588,2021-05-28 14:20:00.0000000,169.64999,169.64999,169.62000,169.64999,4954,446756000000,0.710,16
4589,2021-05-28 14:21:00.0000000,169.64999,169.64999,169.63000,169.63010,2628,446756000000,0.710,16
4590,2021-05-28 14:22:00.0000000,169.62000,169.65990,169.61430,169.63240,2418,446677000000,0.710,16
4591,2021-05-28 14:23:00.0000000,169.60500,169.63499,169.59000,169.62801,3270,446637000000,0.710,16
4592,2021-05-28 14:24:00.0000000,169.57291,169.60001,169.57291,169.59000,4619,446553000000,0.710,16
4593,2021-05-28 14:25:00.0000000,169.53999,169.59000,169.52499,169.57500,8437,446466000000,0.710,16
4594,2021-05-28 14:26:00.0000000,169.53999,169.53999,169.51151,169.53000,3767,446466000000,0.710,16
4595,2021-05-28 14:27:00.0000000,169.53000,169.55000,169.53000,169.53999,3016,446440000000,0.710,16
4596,2021-05-28 14:28:00.0000000,169.49001,169.52000,169.46001,169.52000,10549,446334000000,0.710,16
4597,2021-05-28 14:29:00.0000000,169.50000,169.50150,169.46001,169.47000,3579,446361000000,0.710,16
4598,2021-05-28 14:30:00.0000000,169.50000,169.50000,169.47501,169.47501,3584,446361000000,0.710,16
4599,2021-05-28 14:31:00.0000000,169.42999,169.49001,169.42999,169.49001,5702,446176000000,0.710,16
4600,2021-05-28 14:32:00.0000000,169.51630,169.53000,169.42999,169.42999,5301,446404000000,0.710,16
4601,2021-05-28 14:33:00.0000000,169.50000,169.50999,169.46790,169.50000,7681,446361000000,0.710,16
4602,2021-05-28 14:34:00.0000000,169.52000,169.53680,169.50999,169.53680,2703,446413000000,0.710,16
4603,2021-05-28 14:35:00.0000000,169.50999,169.52000,169.49001,169.50999,3833,446387000000,0.710,16
4604,2021-05-28 14:36:00.0000000,169.50000,169.53999,169.50000,169.50999,3751,446361000000,0.710,16
4605,2021-05-28 14:37:00.0000000,169.49500,169.52000,169.47000,169.48000,5577,446347000000,0.710,16
4606,2021-05-28 14:38:00.0000000,169.48500,169.49500,169.48000,169.49500,3713,446321000000,0.710,16
4607,2021-05-28 14:39:00.0000000,169.49001,169.50000,169.43500,169.48000,14667,446334000000,0.710,16
4608,2021-05-28 14:40:00.0000000,169.46001,169.49001,169.46001,169.49001,3264,446255000000,0.710,16
4609,2021-05-28 14:41:00.0000000,169.46001,169.48500,169.46001,169.46500,3774,446255000000,0.710,16
4610,2021-05-28 14:42:00.0000000,169.44000,169.46001,169.42000,169.46001,4025,446203000000,0.710,16
4611,2021-05-28 14:43:00.0000000,169.41750,169.44000,169.40500,169.44000,3526,446143000000,0.710,16
4612,2021-05-28 14:44:00.0000000,169.44000,169.45000,169.42999,169.42999,3391,446203000000,0.710,16
4613,2021-05-28 14:45:00.0000000,169.49001,169.50000,169.44000,169.45000,4936,446334000000,0.710,16
4614,2021-05-28 14:46:00.0000000,169.50990,169.52000,169.48000,169.48000,8711,446387000000,0.710,16
4615,2021-05-28 14:47:00.0000000,169.53020,169.53999,169.49001,169.50000,7315,446440000000,0.710,16
4616,2021-05-28 14:48:00.0000000,169.53709,169.53709,169.52000,169.53000,2425,446458000000,0.710,16
4617,2021-05-28 14:49:00.0000000,169.58000,169.60001,169.53999,169.53999,3170,446571000000,0.710,16
4618,2021-05-28 14:50:00.0000000,169.56000,169.61990,169.53999,169.60001,7839,446519000000,0.710,16
4619,2021-05-28 14:51:00.0000000,169.55000,169.57001,169.53000,169.56000,7284,446492000000,0.710,16
4620,2021-05-28 14:52:00.0000000,169.52000,169.56000,169.50999,169.55000,8891,446413000000,0.710,16
4621,2021-05-28 14:53:00.0000000,169.57001,169.60001,169.52000,169.52000,5572,446545000000,0.710,16
4622,2021-05-28 14:54:00.0000000,169.52000,169.57001,169.52000,169.56300,6614,446413000000,0.710,16
4623,2021-05-28 14:55:00.0000000,169.58000,169.58501,169.52000,169.52000,3207,446571000000,0.710,16
4624,2021-05-28 14:56:00.0000000,169.59000,169.59000,169.58479,169.58479,571,446598000000,0.710,16
4625,2021-05-28 14:57:00.0000000,169.52499,169.58000,169.50999,169.58000,10881,446426000000,0.710,16
4626,2021-05-28 14:58:00.0000000,169.47670,169.52499,169.44119,169.52499,9039,446299000000,0.710,16
4627,2021-05-28 14:59:00.0000000,169.52000,169.53999,169.48000,169.48000,4599,446413000000,0.710,16
4628,2021-05-28 15:00:00.0000000,169.49001,169.50281,169.45000,169.50281,5667,446334000000,0.710,16
4629,2021-05-28 09:30:00.0000000,164.33000,164.94000,164.25000,164.67999,457285,497448000000,1.210,17
4630,2021-05-28 09:31:00.0000000,163.95000,164.28999,163.89000,164.28999,59771,496298000000,1.210,17
4631,2021-05-28 09:32:00.0000000,163.80000,164.10001,163.80000,163.96001,61077,495844000000,1.210,17
4632,2021-05-28 09:33:00.0000000,164.13000,164.17000,163.60001,163.82001,64813,496843000000,1.210,17
4633,2021-05-28 09:34:00.0000000,164.28000,164.36000,163.99500,164.17999,36951,497297000000,1.210,17
4634,2021-05-28 09:35:00.0000000,163.99001,164.41000,163.94000,164.30000,50370,496419000000,1.210,17
4635,2021-05-28 09:36:00.0000000,163.65500,163.92999,163.60001,163.92000,42233,495405000000,1.210,17
4636,2021-05-28 09:37:00.0000000,163.62000,163.65500,163.52000,163.59000,40897,495299000000,1.210,17
4637,2021-05-28 09:38:00.0000000,163.41000,163.69000,163.38499,163.61000,45072,494663000000,1.210,17
4638,2021-05-28 09:39:00.0000000,163.49500,163.57001,163.37000,163.37000,48238,494920000000,1.210,17
4639,2021-05-28 09:40:00.0000000,163.38000,163.52000,163.30000,163.47000,42975,494572000000,1.210,17
4640,2021-05-28 09:41:00.0000000,163.34000,163.46001,163.28000,163.37500,29199,494451000000,1.210,17
4641,2021-05-28 09:42:00.0000000,163.32001,163.45000,163.25999,163.34000,25488,494391000000,1.210,17
4642,2021-05-28 09:43:00.0000000,163.39800,163.51500,163.31000,163.33000,25895,494627000000,1.210,17
4643,2021-05-28 09:44:00.0000000,163.51939,163.55000,163.41000,163.41000,13090,494994000000,1.210,17
4644,2021-05-28 09:45:00.0000000,163.78000,163.81000,163.53999,163.53999,33213,495783000000,1.210,17
4645,2021-05-28 09:46:00.0000000,163.81000,163.85001,163.66000,163.75000,32085,495874000000,1.210,17
4646,2021-05-28 09:47:00.0000000,163.66499,163.84891,163.60001,163.78999,45887,495435000000,1.210,17
4647,2021-05-28 09:48:00.0000000,163.82001,163.86000,163.62000,163.67999,23273,495904000000,1.210,17
4648,2021-05-28 09:49:00.0000000,163.60001,163.87000,163.60001,163.85001,20911,495238000000,1.210,17
4649,2021-05-28 09:50:00.0000000,163.50500,163.66499,163.50500,163.60001,17100,494951000000,1.210,17
4650,2021-05-28 09:51:00.0000000,163.34000,163.59000,163.30000,163.49001,22957,494451000000,1.210,17
4651,2021-05-28 09:52:00.0000000,163.71001,163.71001,163.35001,163.35001,24585,495571000000,1.210,17
4652,2021-05-28 09:53:00.0000000,163.82001,163.88000,163.75000,163.78000,35612,495904000000,1.210,17
4653,2021-05-28 09:54:00.0000000,163.88000,163.88000,163.75560,163.82001,40287,496086000000,1.210,17
4654,2021-05-28 09:55:00.0000000,163.91499,163.92999,163.78000,163.86000,26466,496192000000,1.210,17
4655,2021-05-28 09:56:00.0000000,163.94000,163.97000,163.78999,163.91949,30545,496267000000,1.210,17
4656,2021-05-28 09:57:00.0000000,163.95000,163.98000,163.89999,163.96001,16801,496298000000,1.210,17
4657,2021-05-28 09:58:00.0000000,163.89999,163.92000,163.78999,163.92000,16589,496146000000,1.210,17
4658,2021-05-28 09:59:00.0000000,163.94501,164.03999,163.89000,163.89999,72935,496283000000,1.210,17
4659,2021-05-28 10:00:00.0000000,163.99001,164.12000,163.94000,163.94501,39545,496419000000,1.210,17
4660,2021-05-28 10:01:00.0000000,164.06500,164.12000,163.83000,163.98000,33919,496646000000,1.210,17
4661,2021-05-28 10:02:00.0000000,164.17000,164.37000,164.06500,164.07001,37723,496964000000,1.210,17
4662,2021-05-28 10:03:00.0000000,164.25999,164.31000,164.17000,164.17999,23224,497236000000,1.210,17
4663,2021-05-28 10:04:00.0000000,164.17999,164.28500,163.98000,164.27000,38571,496994000000,1.210,17
4664,2021-05-28 10:05:00.0000000,163.98500,164.25999,163.98000,164.20000,20613,496404000000,1.210,17
4665,2021-05-28 10:06:00.0000000,163.85001,164.00999,163.75000,164.00000,33216,495995000000,1.210,17
4666,2021-05-28 10:07:00.0000000,163.89000,163.92000,163.78999,163.87000,25823,496116000000,1.210,17
4667,2021-05-28 10:08:00.0000000,163.60001,163.92500,163.56000,163.89000,27912,495238000000,1.210,17
4668,2021-05-28 10:09:00.0000000,163.60500,163.64999,163.48000,163.58000,42669,495253000000,1.210,17
4669,2021-05-28 10:10:00.0000000,163.71001,163.73000,163.50000,163.59000,25870,495571000000,1.210,17
4670,2021-05-28 10:11:00.0000000,163.53000,163.72000,163.50681,163.70000,21772,495026000000,1.210,17
4671,2021-05-28 10:12:00.0000000,163.44000,163.53999,163.44000,163.52000,37788,494754000000,1.210,17
4672,2021-05-28 10:13:00.0000000,163.55000,163.58000,163.42999,163.45000,21087,495087000000,1.210,17
4673,2021-05-28 10:14:00.0000000,163.53999,163.59000,163.53000,163.55000,17226,495056000000,1.210,17
4674,2021-05-28 10:15:00.0000000,163.55000,163.61000,163.52000,163.53000,32192,495087000000,1.210,17
4675,2021-05-28 10:16:00.0000000,163.56000,163.56000,163.45000,163.55000,32435,495117000000,1.210,17
4676,2021-05-28 10:17:00.0000000,163.57381,163.62000,163.50369,163.53999,22321,495159000000,1.210,17
4677,2021-05-28 10:18:00.0000000,163.47000,163.70000,163.46001,163.57500,41235,494845000000,1.210,17
4678,2021-05-28 10:19:00.0000000,163.37000,163.48000,163.34000,163.46001,45674,494542000000,1.210,17
4679,2021-05-28 10:20:00.0000000,163.44000,163.47000,163.33000,163.36000,38625,494754000000,1.210,17
4680,2021-05-28 10:21:00.0000000,163.47000,163.53000,163.38000,163.44000,28311,494845000000,1.210,17
4681,2021-05-28 10:22:00.0000000,163.41000,163.50000,163.37000,163.47200,23519,494663000000,1.210,17
4682,2021-05-28 10:23:00.0000000,163.52000,163.53999,163.42999,163.44000,33440,494996000000,1.210,17
4683,2021-05-28 10:24:00.0000000,163.52000,163.59000,163.50000,163.52000,41497,494996000000,1.210,17
4684,2021-05-28 10:25:00.0000000,163.45000,163.55980,163.45000,163.53000,14263,494784000000,1.210,17
4685,2021-05-28 10:26:00.0000000,163.63499,163.66000,163.42000,163.44501,27952,495344000000,1.210,17
4686,2021-05-28 10:27:00.0000000,163.67000,163.70461,163.62399,163.63000,19997,495450000000,1.210,17
4687,2021-05-28 10:28:00.0000000,163.63831,163.66000,163.60001,163.66000,15780,495354000000,1.210,17
4688,2021-05-28 10:29:00.0000000,163.63000,163.65500,163.60500,163.64500,13498,495329000000,1.210,17
4689,2021-05-28 10:30:00.0000000,163.58000,163.72000,163.56500,163.63000,34913,495178000000,1.210,17
4690,2021-05-28 10:31:00.0000000,163.65250,163.67500,163.55000,163.59000,29022,495397000000,1.210,17
4691,2021-05-28 10:32:00.0000000,163.77000,163.77000,163.66000,163.66000,14946,495753000000,1.210,17
4692,2021-05-28 10:33:00.0000000,163.74001,163.77000,163.67999,163.75500,19772,495662000000,1.210,17
4693,2021-05-28 10:34:00.0000000,163.74001,163.75999,163.72501,163.74001,10294,495662000000,1.210,17
4694,2021-05-28 10:35:00.0000000,163.76500,163.76500,163.69501,163.75000,16655,495738000000,1.210,17
4695,2021-05-28 10:36:00.0000000,163.74001,163.79500,163.67999,163.77800,26990,495662000000,1.210,17
4696,2021-05-28 10:37:00.0000000,163.56000,163.75000,163.56000,163.74001,17011,495117000000,1.210,17
4697,2021-05-28 10:38:00.0000000,163.59500,163.61501,163.50000,163.56990,25351,495223000000,1.210,17
4698,2021-05-28 10:39:00.0000000,163.56000,163.61000,163.54500,163.60001,14957,495117000000,1.210,17
4699,2021-05-28 10:40:00.0000000,163.67999,163.70000,163.55000,163.57001,26326,495480000000,1.210,17
4700,2021-05-28 10:41:00.0000000,163.66000,163.69901,163.61749,163.65500,17727,495420000000,1.210,17
4701,2021-05-28 10:42:00.0000000,163.75999,163.75999,163.63000,163.64999,15287,495722000000,1.210,17
4702,2021-05-28 10:43:00.0000000,163.84000,163.84000,163.76500,163.77000,21874,495965000000,1.210,17
4703,2021-05-28 10:44:00.0000000,163.84500,163.85001,163.81000,163.83000,12819,495980000000,1.210,17
4704,2021-05-28 10:45:00.0000000,163.77000,163.84500,163.75999,163.83000,11731,495753000000,1.210,17
4705,2021-05-28 10:46:00.0000000,163.70000,163.78999,163.70000,163.75999,19826,495541000000,1.210,17
4706,2021-05-28 10:47:00.0000000,163.67000,163.75000,163.66000,163.70000,30779,495450000000,1.210,17
4707,2021-05-28 10:48:00.0000000,163.56000,163.64000,163.55321,163.63000,24543,495117000000,1.210,17
4708,2021-05-28 10:49:00.0000000,163.56000,163.61000,163.55000,163.57001,20663,495117000000,1.210,17
4709,2021-05-28 10:50:00.0000000,163.58000,163.64000,163.57001,163.57001,13622,495178000000,1.210,17
4710,2021-05-28 10:51:00.0000000,163.66000,163.67000,163.59000,163.59000,9810,495420000000,1.210,17
4711,2021-05-28 10:52:00.0000000,163.63000,163.67999,163.62000,163.65500,17436,495329000000,1.210,17
4712,2021-05-28 10:53:00.0000000,163.64999,163.64999,163.60001,163.61501,17614,495389000000,1.210,17
4713,2021-05-28 10:54:00.0000000,163.61000,163.66000,163.61000,163.66000,9683,495268000000,1.210,17
4714,2021-05-28 10:55:00.0000000,163.77499,163.77870,163.60001,163.61000,18747,495768000000,1.210,17
4715,2021-05-28 10:56:00.0000000,163.66000,163.82001,163.66000,163.77000,18323,495420000000,1.210,17
4716,2021-05-28 10:57:00.0000000,163.67630,163.72000,163.60001,163.67500,23064,495469000000,1.210,17
4717,2021-05-28 10:58:00.0000000,163.69000,163.70000,163.64999,163.67999,11551,495511000000,1.210,17
4718,2021-05-28 10:59:00.0000000,163.78000,163.82001,163.71001,163.72000,17896,495783000000,1.210,17
4719,2021-05-28 11:00:00.0000000,163.75000,163.78000,163.71500,163.77000,7577,495692000000,1.210,17
4720,2021-05-28 11:01:00.0000000,163.77000,163.78999,163.72501,163.75000,11272,495753000000,1.210,17
4721,2021-05-28 11:02:00.0000000,163.80000,163.81010,163.75000,163.77499,10941,495844000000,1.210,17
4722,2021-05-28 11:03:00.0000000,163.80000,163.84000,163.78011,163.80000,14632,495844000000,1.210,17
4723,2021-05-28 11:04:00.0000000,163.86000,163.86000,163.78999,163.80000,14157,496025000000,1.210,17
4724,2021-05-28 11:05:00.0000000,163.87000,163.94501,163.86000,163.87000,18719,496055000000,1.210,17
4725,2021-05-28 11:06:00.0000000,163.89000,163.89999,163.83000,163.87000,8585,496116000000,1.210,17
4726,2021-05-28 11:07:00.0000000,163.89000,163.91000,163.86000,163.89999,10787,496116000000,1.210,17
4727,2021-05-28 11:08:00.0000000,163.91000,163.94000,163.89000,163.89000,9704,496177000000,1.210,17
4728,2021-05-28 11:09:00.0000000,163.88000,163.92999,163.85001,163.92500,8660,496086000000,1.210,17
4729,2021-05-28 11:10:00.0000000,163.88000,163.88989,163.83000,163.86000,10040,496086000000,1.210,17
4730,2021-05-28 11:11:00.0000000,163.78999,163.89999,163.78999,163.88020,15957,495813000000,1.210,17
4731,2021-05-28 11:12:00.0000000,163.84500,163.88000,163.81000,163.81000,16117,495980000000,1.210,17
4732,2021-05-28 11:13:00.0000000,163.89000,163.89999,163.84000,163.85001,11140,496116000000,1.210,17
4733,2021-05-28 11:14:00.0000000,163.89000,163.91000,163.87000,163.89000,10714,496116000000,1.210,17
4734,2021-05-28 11:15:00.0000000,163.95000,163.96001,163.87500,163.89999,24889,496298000000,1.210,17
4735,2021-05-28 11:16:00.0000000,163.88000,163.95500,163.88000,163.95500,21315,496086000000,1.210,17
4736,2021-05-28 11:17:00.0000000,163.99001,164.00710,163.87000,163.89000,14268,496419000000,1.210,17
4737,2021-05-28 11:18:00.0000000,164.00011,164.05000,163.98940,163.99001,9588,496449000000,1.210,17
4738,2021-05-28 11:19:00.0000000,164.00999,164.06000,164.00000,164.01511,13476,496479000000,1.210,17
4739,2021-05-28 11:20:00.0000000,164.03000,164.08000,164.02000,164.03000,11117,496540000000,1.210,17
4740,2021-05-28 11:21:00.0000000,164.00999,164.06000,163.99001,164.02010,16079,496479000000,1.210,17
4741,2021-05-28 11:22:00.0000000,164.05000,164.07001,164.00500,164.00500,8670,496600000000,1.210,17
4742,2021-05-28 11:23:00.0000000,164.11000,164.11501,164.06000,164.06000,10181,496782000000,1.210,17
4743,2021-05-28 11:24:00.0000000,164.07001,164.12000,164.06500,164.11000,7711,496661000000,1.210,17
4744,2021-05-28 11:25:00.0000000,164.06000,164.07001,164.03000,164.06619,8528,496631000000,1.210,17
4745,2021-05-28 11:26:00.0000000,164.05000,164.08000,164.03000,164.06000,8139,496600000000,1.210,17
4746,2021-05-28 11:27:00.0000000,164.03999,164.07001,164.00000,164.05000,17441,496570000000,1.210,17
4747,2021-05-28 11:28:00.0000000,163.98170,164.06000,163.98000,164.03999,9902,496394000000,1.210,17
4748,2021-05-28 11:29:00.0000000,163.99001,163.99001,163.94501,163.99001,20250,496419000000,1.210,17
4749,2021-05-28 11:30:00.0000000,164.04500,164.05499,163.97000,164.00000,21703,496585000000,1.210,17
4750,2021-05-28 11:31:00.0000000,163.87000,164.06000,163.86000,164.06000,15184,496055000000,1.210,17
4751,2021-05-28 11:32:00.0000000,163.84000,163.88000,163.82500,163.88000,8666,495965000000,1.210,17
4752,2021-05-28 11:33:00.0000000,163.80000,163.90950,163.80000,163.84000,15463,495844000000,1.210,17
4753,2021-05-28 11:34:00.0000000,163.79010,163.81500,163.78000,163.80000,16385,495814000000,1.210,17
4754,2021-05-28 11:35:00.0000000,163.89000,163.89000,163.82001,163.83000,14338,496116000000,1.210,17
4755,2021-05-28 11:36:00.0000000,163.95000,163.98000,163.88499,163.89000,29094,496298000000,1.210,17
4756,2021-05-28 11:37:00.0000000,163.94000,163.97000,163.92000,163.97000,10311,496267000000,1.210,17
4757,2021-05-28 11:38:00.0000000,164.03999,164.03999,163.92500,163.95000,7248,496570000000,1.210,17
4758,2021-05-28 11:39:00.0000000,164.00320,164.03000,163.99001,164.03000,9463,496459000000,1.210,17
4759,2021-05-28 11:40:00.0000000,163.94000,164.02000,163.94000,164.02000,11416,496267000000,1.210,17
4760,2021-05-28 11:41:00.0000000,163.92000,163.95000,163.89999,163.95000,7839,496207000000,1.210,17
4761,2021-05-28 11:42:00.0000000,163.84550,163.92000,163.84000,163.92000,11019,495981000000,1.210,17
4762,2021-05-28 11:43:00.0000000,163.83000,163.86000,163.82001,163.84000,6205,495934000000,1.210,17
4763,2021-05-28 11:44:00.0000000,163.87000,163.89000,163.83000,163.83000,8604,496055000000,1.210,17
4764,2021-05-28 11:45:00.0000000,163.86000,163.92000,163.84000,163.86000,34392,496025000000,1.210,17
4765,2021-05-28 11:46:00.0000000,163.78999,163.86000,163.77000,163.86000,17875,495813000000,1.210,17
4766,2021-05-28 11:47:00.0000000,163.78999,163.83000,163.78000,163.78999,10211,495813000000,1.210,17
4767,2021-05-28 11:48:00.0000000,163.84500,163.86000,163.78000,163.78000,7579,495980000000,1.210,17
4768,2021-05-28 11:49:00.0000000,163.84151,163.87000,163.81450,163.86000,8782,495969000000,1.210,17
4769,2021-05-28 11:50:00.0000000,163.86000,163.87990,163.82001,163.82001,8261,496025000000,1.210,17
4770,2021-05-28 11:51:00.0000000,163.86000,163.87000,163.84000,163.86000,6489,496025000000,1.210,17
4771,2021-05-28 11:52:00.0000000,163.87000,163.88000,163.84500,163.86501,7546,496055000000,1.210,17
4772,2021-05-28 11:53:00.0000000,163.82001,163.87000,163.80000,163.87000,15267,495904000000,1.210,17
4773,2021-05-28 11:54:00.0000000,163.86000,163.86000,163.80000,163.81500,14760,496025000000,1.210,17
4774,2021-05-28 11:55:00.0000000,163.90500,163.91499,163.87000,163.87000,9774,496161000000,1.210,17
4775,2021-05-28 11:56:00.0000000,163.95000,163.95000,163.89000,163.89999,5536,496298000000,1.210,17
4776,2021-05-28 11:57:00.0000000,163.89999,163.95000,163.89000,163.95000,7160,496146000000,1.210,17
4777,2021-05-28 11:58:00.0000000,163.89500,163.92000,163.88000,163.92000,6573,496131000000,1.210,17
4778,2021-05-28 11:59:00.0000000,163.88000,163.92000,163.86501,163.89999,9503,496086000000,1.210,17
4779,2021-05-28 12:00:00.0000000,163.83000,163.87000,163.82500,163.86000,5039,495934000000,1.210,17
4780,2021-05-28 12:01:00.0000000,163.88000,163.88000,163.81000,163.82001,11927,496086000000,1.210,17
4781,2021-05-28 12:02:00.0000000,163.92999,163.93250,163.87000,163.88000,13283,496237000000,1.210,17
4782,2021-05-28 12:03:00.0000000,163.93250,163.96001,163.92999,163.92999,13563,496245000000,1.210,17
4783,2021-05-28 12:04:00.0000000,163.92000,163.94501,163.91991,163.92999,9473,496207000000,1.210,17
4784,2021-05-28 12:05:00.0000000,163.89000,163.89999,163.88000,163.89720,16581,496116000000,1.210,17
4785,2021-05-28 12:06:00.0000000,163.88000,163.89481,163.86000,163.88000,16791,496086000000,1.210,17
4786,2021-05-28 12:07:00.0000000,163.95000,163.95000,163.88190,163.89000,9934,496298000000,1.210,17
4787,2021-05-28 12:08:00.0000000,163.92999,163.96001,163.89999,163.96001,11606,496237000000,1.210,17
4788,2021-05-28 12:09:00.0000000,163.97000,163.97000,163.91000,163.92000,16862,496358000000,1.210,17
4789,2021-05-28 12:10:00.0000000,163.99001,164.00000,163.97000,163.98000,14176,496419000000,1.210,17
4790,2021-05-28 12:11:00.0000000,164.03999,164.03999,163.98000,163.98000,10149,496570000000,1.210,17
4791,2021-05-28 12:12:00.0000000,164.00999,164.05000,164.00999,164.05000,6489,496479000000,1.210,17
4792,2021-05-28 12:13:00.0000000,164.07170,164.09000,164.00999,164.00999,36423,496666000000,1.210,17
4793,2021-05-28 12:14:00.0000000,164.13341,164.14500,164.07001,164.07001,37469,496853000000,1.210,17
4794,2021-05-28 12:15:00.0000000,164.21001,164.22000,164.12000,164.13000,25454,497085000000,1.210,17
4795,2021-05-28 12:16:00.0000000,164.20000,164.25999,164.18629,164.21001,28707,497054000000,1.210,17
4796,2021-05-28 12:17:00.0000000,164.16850,164.19000,164.16600,164.19000,16343,496959000000,1.210,17
4797,2021-05-28 12:18:00.0000000,164.20020,164.24500,164.16499,164.16499,22108,497055000000,1.210,17
4798,2021-05-28 12:19:00.0000000,164.24500,164.24930,164.16000,164.19000,14049,497191000000,1.210,17
4799,2021-05-28 12:20:00.0000000,164.28999,164.31000,164.24001,164.24500,20327,497327000000,1.210,17
4800,2021-05-28 12:21:00.0000000,164.28999,164.28999,164.25000,164.28000,20609,497327000000,1.210,17
4801,2021-05-28 12:22:00.0000000,164.32001,164.34000,164.28000,164.29300,20378,497418000000,1.210,17
4802,2021-05-28 12:23:00.0000000,164.35989,164.36000,164.31000,164.32500,12339,497538000000,1.210,17
4803,2021-05-28 12:24:00.0000000,164.28500,164.37000,164.28000,164.34210,11395,497312000000,1.210,17
4804,2021-05-28 12:25:00.0000000,164.18600,164.28000,164.17850,164.28000,14603,497012000000,1.210,17
4805,2021-05-28 12:26:00.0000000,164.17000,164.21001,164.16100,164.19000,12775,496964000000,1.210,17
4806,2021-05-28 12:27:00.0000000,164.14999,164.19000,164.13499,164.17000,16241,496903000000,1.210,17
4807,2021-05-28 12:28:00.0000000,164.19530,164.21001,164.16541,164.16541,7702,497040000000,1.210,17
4808,2021-05-28 12:29:00.0000000,164.17999,164.23010,164.17000,164.17500,14514,496994000000,1.210,17
4809,2021-05-28 12:30:00.0000000,164.13000,164.17000,164.11501,164.17000,10239,496843000000,1.210,17
4810,2021-05-28 12:31:00.0000000,164.12230,164.14000,164.12000,164.13499,11241,496819000000,1.210,17
4811,2021-05-28 12:32:00.0000000,164.16499,164.16499,164.12500,164.13800,13840,496948000000,1.210,17
4812,2021-05-28 12:33:00.0000000,164.15500,164.16000,164.11501,164.16000,12222,496918000000,1.210,17
4813,2021-05-28 12:34:00.0000000,164.17500,164.17999,164.13000,164.16000,12503,496979000000,1.210,17
4814,2021-05-28 12:35:00.0000000,164.09000,164.17000,164.09000,164.17000,8422,496721000000,1.210,17
4815,2021-05-28 12:36:00.0000000,164.10001,164.12000,164.06000,164.08501,12464,496752000000,1.210,17
4816,2021-05-28 12:37:00.0000000,164.16000,164.16000,164.09000,164.10500,12487,496933000000,1.210,17
4817,2021-05-28 12:38:00.0000000,164.12500,164.16499,164.12500,164.16499,6237,496827000000,1.210,17
4818,2021-05-28 12:39:00.0000000,164.13000,164.13000,164.10001,164.13000,12026,496843000000,1.210,17
4819,2021-05-28 12:40:00.0000000,164.11000,164.16000,164.09000,164.14000,6177,496782000000,1.210,17
4820,2021-05-28 12:41:00.0000000,164.11501,164.12000,164.10001,164.10831,5119,496797000000,1.210,17
4821,2021-05-28 12:42:00.0000000,164.07001,164.12000,164.07001,164.12000,17659,496661000000,1.210,17
4822,2021-05-28 12:43:00.0000000,164.05000,164.09000,164.03999,164.07001,15021,496600000000,1.210,17
4823,2021-05-28 12:44:00.0000000,164.07500,164.08000,164.05499,164.06000,8054,496676000000,1.210,17
4824,2021-05-28 12:45:00.0000000,164.04990,164.07500,164.02499,164.07010,14137,496600000000,1.210,17
4825,2021-05-28 12:46:00.0000000,164.08000,164.11000,164.03999,164.04500,25355,496691000000,1.210,17
4826,2021-05-28 12:47:00.0000000,164.02000,164.08000,164.02000,164.08000,12951,496510000000,1.210,17
4827,2021-05-28 12:48:00.0000000,163.96001,164.02499,163.95000,164.01990,31069,496328000000,1.210,17
4828,2021-05-28 12:49:00.0000000,164.02499,164.03999,163.95329,163.95329,10046,496525000000,1.210,17
4829,2021-05-28 12:50:00.0000000,164.02000,164.03999,164.02000,164.03419,9645,496510000000,1.210,17
4830,2021-05-28 12:51:00.0000000,164.03999,164.03999,164.00000,164.02000,9004,496570000000,1.210,17
4831,2021-05-28 12:52:00.0000000,164.03000,164.07001,164.00000,164.03000,10342,496540000000,1.210,17
4832,2021-05-28 12:53:00.0000000,164.03500,164.03999,164.02991,164.03160,4043,496555000000,1.210,17
4833,2021-05-28 12:54:00.0000000,164.06000,164.07001,164.03000,164.03500,15011,496631000000,1.210,17
4834,2021-05-28 12:55:00.0000000,164.00999,164.06000,163.97000,164.06000,13566,496479000000,1.210,17
4835,2021-05-28 12:56:00.0000000,163.96500,164.00999,163.96500,164.00500,9197,496343000000,1.210,17
4836,2021-05-28 12:57:00.0000000,163.95000,163.97000,163.94000,163.96001,12307,496298000000,1.210,17
4837,2021-05-28 12:58:00.0000000,163.89000,163.94000,163.87000,163.94000,10082,496116000000,1.210,17
4838,2021-05-28 12:59:00.0000000,163.85001,163.89000,163.84000,163.88000,10858,495995000000,1.210,17
4839,2021-05-28 13:00:00.0000000,163.82001,163.85001,163.82001,163.83000,12414,495904000000,1.210,17
4840,2021-05-28 13:01:00.0000000,163.82500,163.83000,163.78999,163.82001,11595,495919000000,1.210,17
4841,2021-05-28 13:02:00.0000000,163.80499,163.82500,163.80000,163.82500,9323,495859000000,1.210,17
4842,2021-05-28 13:03:00.0000000,163.81799,163.82500,163.78999,163.81171,7798,495898000000,1.210,17
4843,2021-05-28 13:04:00.0000000,163.82001,163.82500,163.80000,163.81000,11391,495904000000,1.210,17
4844,2021-05-28 13:05:00.0000000,163.84750,163.84830,163.81000,163.81000,11263,495987000000,1.210,17
4845,2021-05-28 13:06:00.0000000,163.84711,163.84711,163.82001,163.84000,6107,495986000000,1.210,17
4846,2021-05-28 13:07:00.0000000,163.82001,163.86000,163.81000,163.84050,14255,495904000000,1.210,17
4847,2021-05-28 13:08:00.0000000,163.78999,163.81000,163.75999,163.81000,17827,495813000000,1.210,17
4848,2021-05-28 13:09:00.0000000,163.78000,163.80000,163.78000,163.78999,14593,495783000000,1.210,17
4849,2021-05-28 13:10:00.0000000,163.86000,163.88000,163.77000,163.78000,12363,496025000000,1.210,17
4850,2021-05-28 13:11:00.0000000,163.86000,163.88000,163.86000,163.86000,16305,496025000000,1.210,17
4851,2021-05-28 13:12:00.0000000,163.86000,163.86000,163.81000,163.85001,12388,496025000000,1.210,17
4852,2021-05-28 13:13:00.0000000,163.84000,163.89999,163.82500,163.86000,16267,495965000000,1.210,17
4853,2021-05-28 13:14:00.0000000,163.80000,163.84000,163.78999,163.83000,8783,495844000000,1.210,17
4854,2021-05-28 13:15:00.0000000,163.78999,163.81750,163.78000,163.78999,17353,495813000000,1.210,17
4855,2021-05-28 13:16:00.0000000,163.89000,163.89000,163.78000,163.78000,22834,496116000000,1.210,17
4856,2021-05-28 13:17:00.0000000,163.89000,163.91510,163.86000,163.87000,23376,496116000000,1.210,17
4857,2021-05-28 13:18:00.0000000,163.86000,163.88000,163.84000,163.88000,18472,496025000000,1.210,17
4858,2021-05-28 13:19:00.0000000,163.89011,163.89999,163.85500,163.87000,10098,496116000000,1.210,17
4859,2021-05-28 13:20:00.0000000,163.95000,163.95500,163.89999,163.89999,10977,496298000000,1.210,17
4860,2021-05-28 13:21:00.0000000,163.99500,164.00999,163.95000,163.95480,12415,496434000000,1.210,17
4861,2021-05-28 13:22:00.0000000,163.98000,164.00999,163.97000,163.99001,18204,496388000000,1.210,17
4862,2021-05-28 13:23:00.0000000,164.00000,164.02200,163.98000,163.98511,15801,496449000000,1.210,17
4863,2021-05-28 13:24:00.0000000,164.09000,164.11000,164.02000,164.02000,10929,496721000000,1.210,17
4864,2021-05-28 13:25:00.0000000,164.13000,164.16000,164.08000,164.08501,13953,496843000000,1.210,17
4865,2021-05-28 13:26:00.0000000,164.09000,164.13710,164.06000,164.13710,13984,496721000000,1.210,17
4866,2021-05-28 13:27:00.0000000,164.10001,164.10001,164.06000,164.08740,6537,496752000000,1.210,17
4867,2021-05-28 13:28:00.0000000,164.09500,164.11000,164.08000,164.10001,7600,496737000000,1.210,17
4868,2021-05-28 13:29:00.0000000,164.09500,164.11000,164.06000,164.10001,18315,496737000000,1.210,17
4869,2021-05-28 13:30:00.0000000,164.14500,164.14999,164.09000,164.10001,7665,496888000000,1.210,17
4870,2021-05-28 13:31:00.0000000,164.17000,164.20000,164.13499,164.14999,17846,496964000000,1.210,17
4871,2021-05-28 13:32:00.0000000,164.20000,164.21001,164.17000,164.17999,10757,497054000000,1.210,17
4872,2021-05-28 13:33:00.0000000,164.16000,164.20500,164.14999,164.20000,13545,496933000000,1.210,17
4873,2021-05-28 13:34:00.0000000,164.17000,164.19000,164.14999,164.14999,14572,496964000000,1.210,17
4874,2021-05-28 13:35:00.0000000,164.21001,164.23000,164.17999,164.17999,14558,497085000000,1.210,17
4875,2021-05-28 13:36:00.0000000,164.27800,164.27800,164.19009,164.20500,25535,497291000000,1.210,17
4876,2021-05-28 13:37:00.0000000,164.28500,164.31000,164.26500,164.27000,20146,497312000000,1.210,17
4877,2021-05-28 13:38:00.0000000,164.28999,164.31000,164.27499,164.28999,8783,497327000000,1.210,17
4878,2021-05-28 13:39:00.0000000,164.35001,164.35001,164.28000,164.28999,16895,497509000000,1.210,17
4879,2021-05-28 13:40:00.0000000,164.25999,164.35001,164.25990,164.35001,24228,497236000000,1.210,17
4880,2021-05-28 13:41:00.0000000,164.23000,164.28999,164.23000,164.25500,25641,497145000000,1.210,17
4881,2021-05-28 13:42:00.0000000,164.22800,164.25000,164.21570,164.23000,16520,497139000000,1.210,17
4882,2021-05-28 13:43:00.0000000,164.23000,164.23000,164.20180,164.23000,9149,497145000000,1.210,17
4883,2021-05-28 13:44:00.0000000,164.30499,164.30499,164.22501,164.23000,12857,497372000000,1.210,17
4884,2021-05-28 13:45:00.0000000,164.39000,164.41000,164.31000,164.31000,17596,497630000000,1.210,17
4885,2021-05-28 13:46:00.0000000,164.42999,164.45000,164.39000,164.39000,19193,497751000000,1.210,17
4886,2021-05-28 13:47:00.0000000,164.44000,164.48000,164.42950,164.42999,32399,497781000000,1.210,17
4887,2021-05-28 13:48:00.0000000,164.43159,164.45000,164.41499,164.42000,9380,497755000000,1.210,17
4888,2021-05-28 13:49:00.0000000,164.44501,164.46500,164.42999,164.42999,14460,497796000000,1.210,17
4889,2021-05-28 13:50:00.0000000,164.39000,164.44501,164.39000,164.44170,10676,497630000000,1.210,17
4890,2021-05-28 13:51:00.0000000,164.39000,164.39999,164.37000,164.37000,8947,497630000000,1.210,17
4891,2021-05-28 13:52:00.0000000,164.39999,164.44000,164.39000,164.39000,12781,497660000000,1.210,17
4892,2021-05-28 13:53:00.0000000,164.43500,164.44000,164.38000,164.39999,4396,497766000000,1.210,17
4893,2021-05-28 13:54:00.0000000,164.45000,164.46001,164.42999,164.44000,11830,497811000000,1.210,17
4894,2021-05-28 13:55:00.0000000,164.48000,164.49500,164.44299,164.45500,10684,497902000000,1.210,17
4895,2021-05-28 13:56:00.0000000,164.53999,164.55000,164.49001,164.49500,13658,498084000000,1.210,17
4896,2021-05-28 13:57:00.0000000,164.50999,164.55000,164.49001,164.55000,13031,497993000000,1.210,17
4897,2021-05-28 13:58:00.0000000,164.44991,164.52000,164.44000,164.50000,10559,497811000000,1.210,17
4898,2021-05-28 13:59:00.0000000,164.44000,164.47000,164.42841,164.45000,14714,497781000000,1.210,17
4899,2021-05-28 14:00:00.0000000,164.55000,164.55000,164.45000,164.45000,24498,498114000000,1.210,17
4900,2021-05-28 14:01:00.0000000,164.45000,164.56000,164.45000,164.56000,16187,497811000000,1.210,17
4901,2021-05-28 14:02:00.0000000,164.39000,164.46001,164.37000,164.46001,14327,497630000000,1.210,17
4902,2021-05-28 14:03:00.0000000,164.47000,164.47000,164.39000,164.39000,30884,497872000000,1.210,17
4903,2021-05-28 14:04:00.0000000,164.49001,164.50000,164.46001,164.47000,13741,497932000000,1.210,17
4904,2021-05-28 14:05:00.0000000,164.53500,164.56000,164.49001,164.49001,15338,498069000000,1.210,17
4905,2021-05-28 14:06:00.0000000,164.47000,164.55499,164.44000,164.53999,15499,497872000000,1.210,17
4906,2021-05-28 14:07:00.0000000,164.39000,164.46001,164.39000,164.46001,13253,497630000000,1.210,17
4907,2021-05-28 14:08:00.0000000,164.47000,164.47000,164.38499,164.39999,13580,497872000000,1.210,17
4908,2021-05-28 14:09:00.0000000,164.44000,164.46001,164.42000,164.46001,9977,497781000000,1.210,17
4909,2021-05-28 14:10:00.0000000,164.39999,164.44000,164.38000,164.42999,12078,497660000000,1.210,17
4910,2021-05-28 14:11:00.0000000,164.30000,164.42000,164.30000,164.39000,14636,497357000000,1.210,17
4911,2021-05-28 14:12:00.0000000,164.36000,164.38000,164.30000,164.30000,22591,497539000000,1.210,17
4912,2021-05-28 14:13:00.0000000,164.35001,164.36000,164.31000,164.35001,15847,497509000000,1.210,17
4913,2021-05-28 14:14:00.0000000,164.38000,164.39500,164.34210,164.35001,8838,497599000000,1.210,17
4914,2021-05-28 14:15:00.0000000,164.36000,164.38000,164.34000,164.36180,13930,497539000000,1.210,17
4915,2021-05-28 14:16:00.0000000,164.33000,164.38000,164.31000,164.35001,12720,497448000000,1.210,17
4916,2021-05-28 14:17:00.0000000,164.31000,164.31000,164.25000,164.30000,12325,497387000000,1.210,17
4917,2021-05-28 14:18:00.0000000,164.35001,164.36000,164.31000,164.32001,8689,497509000000,1.210,17
4918,2021-05-28 14:19:00.0000000,164.38499,164.39000,164.34000,164.35001,13421,497614000000,1.210,17
4919,2021-05-28 14:20:00.0000000,164.50500,164.52499,164.39000,164.39000,32121,497978000000,1.210,17
4920,2021-05-28 14:21:00.0000000,164.50999,164.53000,164.47000,164.50000,14987,497993000000,1.210,17
4921,2021-05-28 14:22:00.0000000,164.49500,164.53000,164.49001,164.52000,8234,497947000000,1.210,17
4922,2021-05-28 14:23:00.0000000,164.45500,164.50000,164.45500,164.50000,11714,497826000000,1.210,17
4923,2021-05-28 14:24:00.0000000,164.48000,164.48500,164.44501,164.45500,7878,497902000000,1.210,17
4924,2021-05-28 14:25:00.0000000,164.46001,164.53999,164.44000,164.48000,39126,497841000000,1.210,17
4925,2021-05-28 14:26:00.0000000,164.42000,164.47000,164.39999,164.46001,18373,497720000000,1.210,17
4926,2021-05-28 14:27:00.0000000,164.39000,164.42000,164.37170,164.42000,15373,497630000000,1.210,17
4927,2021-05-28 14:28:00.0000000,164.38000,164.38499,164.35001,164.38000,5471,497599000000,1.210,17
4928,2021-05-28 14:29:00.0000000,164.38000,164.39000,164.35001,164.39000,7985,497599000000,1.210,17
4929,2021-05-28 14:30:00.0000000,164.38000,164.42000,164.37000,164.38000,14400,497599000000,1.210,17
4930,2021-05-28 14:31:00.0000000,164.35001,164.38000,164.34000,164.38000,6523,497509000000,1.210,17
4931,2021-05-28 14:32:00.0000000,164.39790,164.39999,164.34000,164.34000,19458,497653000000,1.210,17
4932,2021-05-28 14:33:00.0000000,164.31000,164.39000,164.30499,164.39000,13016,497387000000,1.210,17
4933,2021-05-28 14:34:00.0000000,164.36000,164.36000,164.28999,164.31000,18205,497539000000,1.210,17
4934,2021-05-28 14:35:00.0000000,164.31000,164.35001,164.31000,164.35001,14705,497387000000,1.210,17
4935,2021-05-28 14:36:00.0000000,164.32001,164.34000,164.31000,164.31700,13689,497418000000,1.210,17
4936,2021-05-28 14:37:00.0000000,164.31000,164.34000,164.31000,164.32001,6900,497387000000,1.210,17
4937,2021-05-28 14:38:00.0000000,164.35001,164.36000,164.30000,164.30000,11318,497509000000,1.210,17
4938,2021-05-28 14:39:00.0000000,164.24500,164.34000,164.24001,164.34000,24844,497191000000,1.210,17
4939,2021-05-28 14:40:00.0000000,164.27499,164.28000,164.24001,164.24001,7926,497281000000,1.210,17
4940,2021-05-28 14:41:00.0000000,164.28999,164.30000,164.25500,164.28000,14412,497327000000,1.210,17
4941,2021-05-28 14:42:00.0000000,164.28770,164.31000,164.27000,164.28999,13623,497320000000,1.210,17
4942,2021-05-28 14:43:00.0000000,164.26500,164.28500,164.25000,164.27499,14966,497251000000,1.210,17
4943,2021-05-28 14:44:00.0000000,164.33000,164.34000,164.26500,164.27000,14297,497448000000,1.210,17
4944,2021-05-28 14:45:00.0000000,164.31000,164.33501,164.31000,164.33501,4733,497387000000,1.210,17
4945,2021-05-28 14:46:00.0000000,164.24500,164.31000,164.24010,164.30499,20188,497191000000,1.210,17
4946,2021-05-28 14:47:00.0000000,164.30000,164.30000,164.25000,164.25999,15929,497357000000,1.210,17
4947,2021-05-28 14:48:00.0000000,164.27000,164.29849,164.25500,164.29849,11843,497266000000,1.210,17
4948,2021-05-28 14:49:00.0000000,164.24500,164.28000,164.22000,164.27000,15199,497191000000,1.210,17
4949,2021-05-28 14:50:00.0000000,164.28000,164.28000,164.22000,164.24001,12171,497297000000,1.210,17
4950,2021-05-28 14:51:00.0000000,164.24500,164.28000,164.24500,164.28000,7803,497191000000,1.210,17
4951,2021-05-28 14:52:00.0000000,164.24001,164.28000,164.24001,164.24001,7251,497176000000,1.210,17
4952,2021-05-28 14:53:00.0000000,164.24001,164.28999,164.24001,164.24001,12610,497176000000,1.210,17
4953,2021-05-28 14:54:00.0000000,164.32001,164.34000,164.24500,164.25000,19474,497418000000,1.210,17
4954,2021-05-28 14:55:00.0000000,164.32350,164.33000,164.30499,164.33000,13910,497428000000,1.210,17
4955,2021-05-28 14:56:00.0000000,164.35001,164.38499,164.33000,164.33000,22431,497509000000,1.210,17
4956,2021-05-28 14:57:00.0000000,164.28999,164.33000,164.27499,164.33000,11315,497327000000,1.210,17
4957,2021-05-28 14:58:00.0000000,164.19000,164.31000,164.19000,164.28999,22195,497024000000,1.210,17
4958,2021-05-28 14:59:00.0000000,164.13840,164.21001,164.11000,164.20000,30960,496868000000,1.210,17
4959,2021-05-28 15:00:00.0000000,164.27499,164.28000,164.13000,164.13000,19619,497281000000,1.210,17
4960,2021-05-28 09:30:00.0000000,55.55000,55.56000,55.33000,55.35000,476723,239514000000,0.610,18
4961,2021-05-28 09:31:00.0000000,55.56010,55.58000,55.50000,55.57000,174955,239557000000,0.610,18
4962,2021-05-28 09:32:00.0000000,55.55000,55.65000,55.52000,55.57000,133597,239514000000,0.610,18
4963,2021-05-28 09:33:00.0000000,55.47000,55.60000,55.46000,55.55000,78338,239169000000,0.610,18
4964,2021-05-28 09:34:00.0000000,55.44000,55.50000,55.40000,55.47000,47437,239040000000,0.610,18
4965,2021-05-28 09:35:00.0000000,55.52000,55.52000,55.43500,55.44000,150848,239385000000,0.610,18
4966,2021-05-28 09:36:00.0000000,55.48500,55.55000,55.46000,55.52000,72806,239234000000,0.610,18
4967,2021-05-28 09:37:00.0000000,55.40000,55.49000,55.38500,55.49000,67194,238867000000,0.610,18
4968,2021-05-28 09:38:00.0000000,55.43000,55.45000,55.40000,55.41000,55803,238996000000,0.610,18
4969,2021-05-28 09:39:00.0000000,55.38500,55.40000,55.37000,55.40000,57556,238802000000,0.610,18
4970,2021-05-28 09:40:00.0000000,55.56260,55.56810,55.39000,55.39000,105104,239568000000,0.610,18
4971,2021-05-28 09:41:00.0000000,55.43260,55.56790,55.43000,55.56790,50877,239008000000,0.610,18
4972,2021-05-28 09:42:00.0000000,55.45000,55.45000,55.41000,55.43500,64202,239083000000,0.610,18
4973,2021-05-28 09:43:00.0000000,55.42500,55.46000,55.41000,55.45000,41371,238975000000,0.610,18
4974,2021-05-28 09:44:00.0000000,55.47000,55.48000,55.41000,55.43000,31842,239169000000,0.610,18
4975,2021-05-28 09:45:00.0000000,55.50500,55.52000,55.46000,55.47500,60657,239320000000,0.610,18
4976,2021-05-28 09:46:00.0000000,55.52000,55.54000,55.50000,55.50500,57232,239385000000,0.610,18
4977,2021-05-28 09:47:00.0000000,55.57000,55.60500,55.51000,55.52000,92440,239600000000,0.610,18
4978,2021-05-28 09:48:00.0000000,55.53000,55.58000,55.52000,55.57000,98432,239428000000,0.610,18
4979,2021-05-28 09:49:00.0000000,55.53900,55.59580,55.53000,55.53000,60802,239466000000,0.610,18
4980,2021-05-28 09:50:00.0000000,55.52000,55.57500,55.52000,55.54000,34037,239385000000,0.610,18
4981,2021-05-28 09:51:00.0000000,55.54000,55.55000,55.51000,55.52000,32584,239471000000,0.610,18
4982,2021-05-28 09:52:00.0000000,55.54000,55.54000,55.53000,55.53330,16631,239471000000,0.610,18
4983,2021-05-28 09:53:00.0000000,55.57000,55.57000,55.51000,55.53000,59825,239600000000,0.610,18
4984,2021-05-28 09:54:00.0000000,55.52000,55.56000,55.52000,55.56000,61349,239385000000,0.610,18
4985,2021-05-28 09:55:00.0000000,55.47000,55.53500,55.47000,55.52500,60990,239169000000,0.610,18
4986,2021-05-28 09:56:00.0000000,55.47000,55.49000,55.45000,55.48000,35341,239169000000,0.610,18
4987,2021-05-28 09:57:00.0000000,55.49000,55.49000,55.44000,55.47500,36911,239255000000,0.610,18
4988,2021-05-28 09:58:00.0000000,55.47500,55.49000,55.46000,55.49000,67493,239190000000,0.610,18
4989,2021-05-28 09:59:00.0000000,55.50500,55.51000,55.47000,55.47500,44372,239320000000,0.610,18
4990,2021-05-28 10:00:00.0000000,55.51500,55.53000,55.50000,55.50500,66458,239363000000,0.610,18
4991,2021-05-28 10:01:00.0000000,55.53000,55.57500,55.49500,55.51000,44643,239428000000,0.610,18
4992,2021-05-28 10:02:00.0000000,55.59980,55.60000,55.53000,55.54000,23610,239729000000,0.610,18
4993,2021-05-28 10:03:00.0000000,55.54000,55.63000,55.53000,55.60000,69084,239471000000,0.610,18
4994,2021-05-28 10:04:00.0000000,55.56000,55.57000,55.53500,55.55000,57725,239557000000,0.610,18
4995,2021-05-28 10:05:00.0000000,55.59500,55.60500,55.55010,55.56000,37959,239708000000,0.610,18
4996,2021-05-28 10:06:00.0000000,55.65500,55.68000,55.60000,55.60000,104309,239967000000,0.610,18
4997,2021-05-28 10:07:00.0000000,55.70500,55.71000,55.65500,55.65500,48388,240182000000,0.610,18
4998,2021-05-28 10:08:00.0000000,55.67000,55.71000,55.64000,55.70500,64720,240031000000,0.610,18
4999,2021-05-28 10:09:00.0000000,55.62000,55.67500,55.62000,55.67000,43722,239816000000,0.610,18
5000,2021-05-28 10:10:00.0000000,55.60000,55.63500,55.60000,55.62000,71163,239729000000,0.610,18
5001,2021-05-28 10:11:00.0000000,55.56000,55.61500,55.56000,55.60500,39296,239557000000,0.610,18
5002,2021-05-28 10:12:00.0000000,55.54500,55.56030,55.54000,55.56030,33339,239492000000,0.610,18
5003,2021-05-28 10:13:00.0000000,55.51000,55.54500,55.51000,55.54500,18827,239341000000,0.610,18
5004,2021-05-28 10:14:00.0000000,55.51000,55.53000,55.50500,55.51000,27371,239341000000,0.610,18
5005,2021-05-28 10:15:00.0000000,55.50000,55.51000,55.49000,55.50500,12323,239298000000,0.610,18
5006,2021-05-28 10:16:00.0000000,55.51000,55.52000,55.48500,55.49000,54009,239341000000,0.610,18
5007,2021-05-28 10:17:00.0000000,55.50000,55.50500,55.47910,55.50500,29851,239298000000,0.610,18
5008,2021-05-28 10:18:00.0000000,55.52000,55.52000,55.49000,55.50000,47655,239385000000,0.610,18
5009,2021-05-28 10:19:00.0000000,55.47000,55.52000,55.47000,55.52000,27570,239169000000,0.610,18
5010,2021-05-28 10:20:00.0000000,55.49000,55.49000,55.45000,55.47500,46860,239255000000,0.610,18
5011,2021-05-28 10:21:00.0000000,55.49000,55.49500,55.48000,55.48000,15246,239255000000,0.610,18
5012,2021-05-28 10:22:00.0000000,55.52500,55.53000,55.48000,55.48500,59773,239406000000,0.610,18
5013,2021-05-28 10:23:00.0000000,55.52500,55.54000,55.51500,55.53000,45008,239406000000,0.610,18
5014,2021-05-28 10:24:00.0000000,55.49500,55.53000,55.48000,55.53000,26493,239277000000,0.610,18
5015,2021-05-28 10:25:00.0000000,55.46000,55.50000,55.46000,55.50000,23016,239126000000,0.610,18
5016,2021-05-28 10:26:00.0000000,55.49000,55.49500,55.43000,55.46000,57965,239255000000,0.610,18
5017,2021-05-28 10:27:00.0000000,55.45000,55.49000,55.44000,55.49000,46168,239083000000,0.610,18
5018,2021-05-28 10:28:00.0000000,55.44010,55.47000,55.44000,55.46000,24323,239040000000,0.610,18
5019,2021-05-28 10:29:00.0000000,55.47500,55.49500,55.44500,55.44500,31347,239190000000,0.610,18
5020,2021-05-28 10:30:00.0000000,55.46500,55.48500,55.46000,55.48000,26530,239147000000,0.610,18
5021,2021-05-28 10:31:00.0000000,55.43000,55.48000,55.43000,55.46500,43344,238996000000,0.610,18
5022,2021-05-28 10:32:00.0000000,55.45000,55.45000,55.43000,55.44000,13350,239083000000,0.610,18
5023,2021-05-28 10:33:00.0000000,55.43500,55.46500,55.43500,55.44000,42111,239018000000,0.610,18
5024,2021-05-28 10:34:00.0000000,55.46000,55.46000,55.44000,55.44000,21015,239126000000,0.610,18
5025,2021-05-28 10:35:00.0000000,55.48000,55.48500,55.46000,55.46000,21855,239212000000,0.610,18
5026,2021-05-28 10:36:00.0000000,55.47500,55.48000,55.46500,55.48000,13626,239190000000,0.610,18
5027,2021-05-28 10:37:00.0000000,55.42890,55.47500,55.41000,55.47000,26570,238992000000,0.610,18
5028,2021-05-28 10:38:00.0000000,55.41000,55.43000,55.40000,55.43000,39174,238910000000,0.610,18
5029,2021-05-28 10:39:00.0000000,55.37000,55.41000,55.35000,55.41000,66504,238738000000,0.610,18
5030,2021-05-28 10:40:00.0000000,55.36830,55.38000,55.36500,55.37500,16714,238730000000,0.610,18
5031,2021-05-28 10:41:00.0000000,55.38000,55.38000,55.36500,55.36500,9958,238781000000,0.610,18
5032,2021-05-28 10:42:00.0000000,55.35000,55.38000,55.35000,55.38000,31567,238652000000,0.610,18
5033,2021-05-28 10:43:00.0000000,55.37000,55.38000,55.34000,55.34000,33136,238738000000,0.610,18
5034,2021-05-28 10:44:00.0000000,55.35500,55.37990,55.34500,55.37000,14023,238673000000,0.610,18
5035,2021-05-28 10:45:00.0000000,55.34500,55.35000,55.32000,55.35000,34923,238630000000,0.610,18
5036,2021-05-28 10:46:00.0000000,55.34000,55.36000,55.33500,55.34000,57637,238608000000,0.610,18
5037,2021-05-28 10:47:00.0000000,55.36500,55.37000,55.34500,55.35000,40678,238716000000,0.610,18
5038,2021-05-28 10:48:00.0000000,55.35600,55.36500,55.35000,55.36500,16417,238677000000,0.610,18
5039,2021-05-28 10:49:00.0000000,55.37500,55.38000,55.35500,55.35810,34831,238759000000,0.610,18
5040,2021-05-28 10:50:00.0000000,55.39000,55.39000,55.37000,55.38000,25417,238824000000,0.610,18
5041,2021-05-28 10:51:00.0000000,55.42500,55.43000,55.38000,55.39000,97873,238975000000,0.610,18
5042,2021-05-28 10:52:00.0000000,55.40000,55.44000,55.38500,55.42000,92964,238867000000,0.610,18
5043,2021-05-28 10:53:00.0000000,55.39000,55.40500,55.37010,55.40000,26095,238824000000,0.610,18
5044,2021-05-28 10:54:00.0000000,55.38500,55.39000,55.37500,55.38500,14377,238802000000,0.610,18
5045,2021-05-28 10:55:00.0000000,55.35500,55.38500,55.35500,55.38500,24542,238673000000,0.610,18
5046,2021-05-28 10:56:00.0000000,55.36000,55.38000,55.35500,55.36000,21864,238695000000,0.610,18
5047,2021-05-28 10:57:00.0000000,55.37500,55.38000,55.35500,55.36000,16536,238759000000,0.610,18
5048,2021-05-28 10:58:00.0000000,55.40010,55.41000,55.37240,55.37240,29535,238868000000,0.610,18
5049,2021-05-28 10:59:00.0000000,55.39000,55.40000,55.38000,55.40000,18857,238824000000,0.610,18
5050,2021-05-28 11:00:00.0000000,55.38670,55.39000,55.36500,55.39000,32284,238810000000,0.610,18
5051,2021-05-28 11:01:00.0000000,55.37000,55.39000,55.35000,55.38500,30295,238738000000,0.610,18
5052,2021-05-28 11:02:00.0000000,55.35000,55.38000,55.35000,55.36500,38914,238652000000,0.610,18
5053,2021-05-28 11:03:00.0000000,55.35500,55.37000,55.34000,55.35500,24468,238673000000,0.610,18
5054,2021-05-28 11:04:00.0000000,55.34500,55.36000,55.33000,55.35500,26835,238630000000,0.610,18
5055,2021-05-28 11:05:00.0000000,55.38000,55.38000,55.35000,55.35000,32231,238781000000,0.610,18
5056,2021-05-28 11:06:00.0000000,55.38500,55.38860,55.37010,55.37420,10765,238802000000,0.610,18
5057,2021-05-28 11:07:00.0000000,55.35900,55.38900,55.35440,55.38900,11758,238690000000,0.610,18
5058,2021-05-28 11:08:00.0000000,55.36000,55.37000,55.35010,55.35010,17056,238695000000,0.610,18
5059,2021-05-28 11:09:00.0000000,55.36000,55.36000,55.35500,55.35500,8185,238695000000,0.610,18
5060,2021-05-28 11:10:00.0000000,55.37000,55.37000,55.35000,55.36000,12396,238738000000,0.610,18
5061,2021-05-28 11:11:00.0000000,55.34000,55.37000,55.34000,55.37000,11793,238608000000,0.610,18
5062,2021-05-28 11:12:00.0000000,55.34000,55.34500,55.32000,55.34500,45802,238608000000,0.610,18
5063,2021-05-28 11:13:00.0000000,55.34670,55.36000,55.33500,55.33750,30093,238637000000,0.610,18
5064,2021-05-28 11:14:00.0000000,55.34900,55.35000,55.34000,55.34500,5358,238647000000,0.610,18
5065,2021-05-28 11:15:00.0000000,55.34000,55.36000,55.32500,55.35000,75047,238608000000,0.610,18
5066,2021-05-28 11:16:00.0000000,55.35000,55.35000,55.33000,55.33000,11524,238652000000,0.610,18
5067,2021-05-28 11:17:00.0000000,55.35000,55.35500,55.34000,55.34000,18137,238652000000,0.610,18
5068,2021-05-28 11:18:00.0000000,55.32500,55.35000,55.32500,55.35000,27660,238544000000,0.610,18
5069,2021-05-28 11:19:00.0000000,55.34000,55.34000,55.32500,55.32990,22955,238608000000,0.610,18
5070,2021-05-28 11:20:00.0000000,55.34500,55.35000,55.33000,55.33500,10634,238630000000,0.610,18
5071,2021-05-28 11:21:00.0000000,55.33000,55.35000,55.32000,55.34500,35547,238565000000,0.610,18
5072,2021-05-28 11:22:00.0000000,55.29000,55.32000,55.28000,55.32000,38558,238393000000,0.610,18
5073,2021-05-28 11:23:00.0000000,55.30000,55.31500,55.28500,55.30000,25481,238436000000,0.610,18
5074,2021-05-28 11:24:00.0000000,55.31000,55.31000,55.30000,55.31000,7085,238479000000,0.610,18
5075,2021-05-28 11:25:00.0000000,55.28010,55.31000,55.28000,55.31000,16074,238350000000,0.610,18
5076,2021-05-28 11:26:00.0000000,55.29340,55.30000,55.28000,55.28500,27145,238408000000,0.610,18
5077,2021-05-28 11:27:00.0000000,55.31560,55.32000,55.29500,55.29500,28758,238503000000,0.610,18
5078,2021-05-28 11:28:00.0000000,55.32000,55.32000,55.31000,55.32000,7581,238522000000,0.610,18
5079,2021-05-28 11:29:00.0000000,55.34000,55.34000,55.31000,55.31500,28000,238608000000,0.610,18
5080,2021-05-28 11:30:00.0000000,55.31000,55.34000,55.30000,55.33500,44752,238479000000,0.610,18
5081,2021-05-28 11:31:00.0000000,55.29500,55.31000,55.29000,55.31000,15808,238414000000,0.610,18
5082,2021-05-28 11:32:00.0000000,55.29500,55.31000,55.28000,55.29000,34387,238414000000,0.610,18
5083,2021-05-28 11:33:00.0000000,55.30000,55.32000,55.29000,55.29500,15812,238436000000,0.610,18
5084,2021-05-28 11:34:00.0000000,55.29000,55.30990,55.27310,55.30990,32702,238393000000,0.610,18
5085,2021-05-28 11:35:00.0000000,55.29000,55.29630,55.28000,55.29000,21250,238393000000,0.610,18
5086,2021-05-28 11:36:00.0000000,55.29500,55.31000,55.29000,55.29500,56570,238414000000,0.610,18
5087,2021-05-28 11:37:00.0000000,55.29000,55.31000,55.29000,55.29000,12711,238393000000,0.610,18
5088,2021-05-28 11:38:00.0000000,55.30500,55.31530,55.30000,55.30000,21937,238458000000,0.610,18
5089,2021-05-28 11:39:00.0000000,55.31000,55.31500,55.30500,55.31000,13566,238479000000,0.610,18
5090,2021-05-28 11:40:00.0000000,55.29000,55.31000,55.29000,55.31000,28481,238393000000,0.610,18
5091,2021-05-28 11:41:00.0000000,55.29500,55.31000,55.29000,55.29000,34052,238414000000,0.610,18
5092,2021-05-28 11:42:00.0000000,55.28260,55.31500,55.28260,55.29000,35252,238361000000,0.610,18
5093,2021-05-28 11:43:00.0000000,55.27000,55.29000,55.27000,55.29000,9136,238307000000,0.610,18
5094,2021-05-28 11:44:00.0000000,55.29000,55.29000,55.26500,55.27000,27890,238393000000,0.610,18
5095,2021-05-28 11:45:00.0000000,55.24500,55.28500,55.24000,55.28500,64363,238199000000,0.610,18
5096,2021-05-28 11:46:00.0000000,55.22000,55.25000,55.21000,55.24500,60204,238091000000,0.610,18
5097,2021-05-28 11:47:00.0000000,55.21500,55.23000,55.21500,55.22500,21632,238069000000,0.610,18
5098,2021-05-28 11:48:00.0000000,55.22500,55.23990,55.22000,55.22000,25436,238113000000,0.610,18
5099,2021-05-28 11:49:00.0000000,55.21500,55.22500,55.21000,55.22000,62461,238069000000,0.610,18
5100,2021-05-28 11:50:00.0000000,55.25000,55.26000,55.20000,55.21000,40440,238220000000,0.610,18
5101,2021-05-28 11:51:00.0000000,55.25000,55.26000,55.24500,55.25000,9377,238220000000,0.610,18
5102,2021-05-28 11:52:00.0000000,55.26000,55.26500,55.25000,55.25000,12590,238263000000,0.610,18
5103,2021-05-28 11:53:00.0000000,55.27000,55.28000,55.25390,55.26000,24586,238307000000,0.610,18
5104,2021-05-28 11:54:00.0000000,55.27340,55.28000,55.27000,55.27000,7621,238321000000,0.610,18
5105,2021-05-28 11:55:00.0000000,55.26250,55.29000,55.26000,55.27630,21703,238274000000,0.610,18
5106,2021-05-28 11:56:00.0000000,55.28500,55.28500,55.25000,55.26000,24058,238371000000,0.610,18
5107,2021-05-28 11:57:00.0000000,55.29000,55.30500,55.28500,55.28500,35462,238393000000,0.610,18
5108,2021-05-28 11:58:00.0000000,55.29000,55.30000,55.29000,55.29500,16430,238393000000,0.610,18
5109,2021-05-28 11:59:00.0000000,55.29000,55.29700,55.28000,55.29000,15303,238393000000,0.610,18
5110,2021-05-28 12:00:00.0000000,55.29000,55.29000,55.28500,55.28500,11211,238393000000,0.610,18
5111,2021-05-28 12:01:00.0000000,55.28500,55.30000,55.28000,55.29000,54852,238371000000,0.610,18
5112,2021-05-28 12:02:00.0000000,55.31000,55.31000,55.28500,55.29000,15179,238479000000,0.610,18
5113,2021-05-28 12:03:00.0000000,55.32000,55.32000,55.30500,55.30500,15874,238522000000,0.610,18
5114,2021-05-28 12:04:00.0000000,55.33000,55.33000,55.31500,55.31500,21648,238565000000,0.610,18
5115,2021-05-28 12:05:00.0000000,55.34500,55.34500,55.33000,55.33000,36759,238630000000,0.610,18
5116,2021-05-28 12:06:00.0000000,55.34500,55.35000,55.34000,55.34500,18686,238630000000,0.610,18
5117,2021-05-28 12:07:00.0000000,55.37500,55.37500,55.34500,55.34500,43809,238759000000,0.610,18
5118,2021-05-28 12:08:00.0000000,55.37340,55.38500,55.37340,55.37500,15693,238752000000,0.610,18
5119,2021-05-28 12:09:00.0000000,55.38000,55.38000,55.36500,55.37770,28327,238781000000,0.610,18
5120,2021-05-28 12:10:00.0000000,55.38000,55.39000,55.37500,55.38500,27643,238781000000,0.610,18
5121,2021-05-28 12:11:00.0000000,55.38000,55.38000,55.37000,55.37500,13956,238781000000,0.610,18
5122,2021-05-28 12:12:00.0000000,55.36500,55.38000,55.36500,55.37500,10948,238716000000,0.610,18
5123,2021-05-28 12:13:00.0000000,55.38000,55.38000,55.36500,55.36500,17701,238781000000,0.610,18
5124,2021-05-28 12:14:00.0000000,55.40000,55.40000,55.38000,55.38000,10386,238867000000,0.610,18
5125,2021-05-28 12:15:00.0000000,55.39500,55.40000,55.39000,55.39500,11439,238846000000,0.610,18
5126,2021-05-28 12:16:00.0000000,55.39380,55.40000,55.39000,55.39540,5056,238840000000,0.610,18
5127,2021-05-28 12:17:00.0000000,55.36500,55.40500,55.36000,55.39500,38489,238716000000,0.610,18
5128,2021-05-28 12:18:00.0000000,55.37000,55.38500,55.36000,55.36000,31099,238738000000,0.610,18
5129,2021-05-28 12:19:00.0000000,55.37500,55.38000,55.36000,55.36010,39387,238759000000,0.610,18
5130,2021-05-28 12:20:00.0000000,55.38000,55.38500,55.38000,55.38000,13150,238781000000,0.610,18
5131,2021-05-28 12:21:00.0000000,55.38500,55.39000,55.38000,55.38000,5234,238802000000,0.610,18
5132,2021-05-28 12:22:00.0000000,55.38500,55.39500,55.38500,55.38620,35466,238802000000,0.610,18
5133,2021-05-28 12:23:00.0000000,55.38500,55.39500,55.38500,55.38500,17633,238802000000,0.610,18
5134,2021-05-28 12:24:00.0000000,55.41000,55.41500,55.39000,55.39000,23673,238910000000,0.610,18
5135,2021-05-28 12:25:00.0000000,55.39500,55.41500,55.39000,55.41000,39838,238846000000,0.610,18
5136,2021-05-28 12:26:00.0000000,55.42000,55.42760,55.40000,55.40000,10110,238953000000,0.610,18
5137,2021-05-28 12:27:00.0000000,55.40500,55.41990,55.40500,55.41990,23016,238889000000,0.610,18
5138,2021-05-28 12:28:00.0000000,55.41000,55.41540,55.41000,55.41000,6573,238910000000,0.610,18
5139,2021-05-28 12:29:00.0000000,55.41500,55.42500,55.41000,55.41500,18764,238932000000,0.610,18
5140,2021-05-28 12:30:00.0000000,55.40500,55.41990,55.38500,55.41000,58569,238889000000,0.610,18
5141,2021-05-28 12:31:00.0000000,55.42500,55.42500,55.40000,55.40300,38155,238975000000,0.610,18
5142,2021-05-28 12:32:00.0000000,55.42000,55.42760,55.41000,55.42500,13579,238953000000,0.610,18
5143,2021-05-28 12:33:00.0000000,55.41600,55.43000,55.41000,55.41000,17434,238936000000,0.610,18
5144,2021-05-28 12:34:00.0000000,55.42000,55.42500,55.41500,55.41500,5293,238953000000,0.610,18
5145,2021-05-28 12:35:00.0000000,55.42000,55.42500,55.41500,55.42500,15695,238953000000,0.610,18
5146,2021-05-28 12:36:00.0000000,55.42500,55.43000,55.41500,55.42000,3669,238975000000,0.610,18
5147,2021-05-28 12:37:00.0000000,55.43550,55.44000,55.41500,55.42000,38992,239020000000,0.610,18
5148,2021-05-28 12:38:00.0000000,55.44000,55.44000,55.43000,55.43500,8003,239040000000,0.610,18
5149,2021-05-28 12:39:00.0000000,55.43500,55.45000,55.43000,55.43500,24463,239018000000,0.610,18
5150,2021-05-28 12:40:00.0000000,55.42500,55.44500,55.42500,55.43500,46469,238975000000,0.610,18
5151,2021-05-28 12:41:00.0000000,55.42000,55.42500,55.42000,55.42500,9982,238953000000,0.610,18
5152,2021-05-28 12:42:00.0000000,55.43350,55.44000,55.42000,55.42000,38414,239012000000,0.610,18
5153,2021-05-28 12:43:00.0000000,55.42000,55.44500,55.42000,55.43690,23013,238953000000,0.610,18
5154,2021-05-28 12:44:00.0000000,55.42500,55.43500,55.42000,55.43000,19895,238975000000,0.610,18
5155,2021-05-28 12:45:00.0000000,55.39000,55.42550,55.39000,55.42500,10891,238824000000,0.610,18
5156,2021-05-28 12:46:00.0000000,55.41500,55.41500,55.38660,55.39000,43447,238932000000,0.610,18
5157,2021-05-28 12:47:00.0000000,55.41500,55.42500,55.41500,55.41500,7253,238932000000,0.610,18
5158,2021-05-28 12:48:00.0000000,55.38500,55.41500,55.37000,55.41000,125228,238802000000,0.610,18
5159,2021-05-28 12:49:00.0000000,55.40000,55.40000,55.38000,55.39000,35874,238867000000,0.610,18
5160,2021-05-28 12:50:00.0000000,55.39000,55.40000,55.38000,55.40000,22439,238824000000,0.610,18
5161,2021-05-28 12:51:00.0000000,55.35020,55.39500,55.35020,55.39500,14925,238652000000,0.610,18
5162,2021-05-28 12:52:00.0000000,55.35500,55.35500,55.34500,55.35000,11609,238673000000,0.610,18
5163,2021-05-28 12:53:00.0000000,55.33500,55.35220,55.33000,55.35000,8168,238587000000,0.610,18
5164,2021-05-28 12:54:00.0000000,55.35000,55.35000,55.33500,55.34000,21898,238652000000,0.610,18
5165,2021-05-28 12:55:00.0000000,55.33450,55.36000,55.33450,55.35000,24380,238585000000,0.610,18
5166,2021-05-28 12:56:00.0000000,55.32000,55.34000,55.32000,55.34000,35443,238522000000,0.610,18
5167,2021-05-28 12:57:00.0000000,55.33000,55.33000,55.30500,55.32500,19996,238565000000,0.610,18
5168,2021-05-28 12:58:00.0000000,55.32500,55.33000,55.31500,55.33000,9938,238544000000,0.610,18
5169,2021-05-28 12:59:00.0000000,55.33000,55.34000,55.32000,55.33000,16366,238565000000,0.610,18
5170,2021-05-28 13:00:00.0000000,55.32500,55.33000,55.32000,55.32570,3754,238544000000,0.610,18
5171,2021-05-28 13:01:00.0000000,55.31500,55.33000,55.31000,55.32500,21662,238501000000,0.610,18
5172,2021-05-28 13:02:00.0000000,55.30500,55.32000,55.29500,55.32000,16274,238458000000,0.610,18
5173,2021-05-28 13:03:00.0000000,55.32500,55.32500,55.30400,55.30400,29479,238544000000,0.610,18
5174,2021-05-28 13:04:00.0000000,55.31500,55.32500,55.31000,55.32500,2929,238501000000,0.610,18
5175,2021-05-28 13:05:00.0000000,55.32000,55.32000,55.31000,55.31000,3771,238522000000,0.610,18
5176,2021-05-28 13:06:00.0000000,55.33000,55.33000,55.31000,55.31500,14445,238565000000,0.610,18
5177,2021-05-28 13:07:00.0000000,55.29000,55.32000,55.29000,55.32000,20543,238393000000,0.610,18
5178,2021-05-28 13:08:00.0000000,55.28500,55.29000,55.27380,55.29000,10365,238371000000,0.610,18
5179,2021-05-28 13:09:00.0000000,55.28000,55.29000,55.28000,55.29000,6997,238350000000,0.610,18
5180,2021-05-28 13:10:00.0000000,55.29400,55.30000,55.27000,55.28000,22881,238410000000,0.610,18
5181,2021-05-28 13:11:00.0000000,55.27900,55.28000,55.26500,55.27000,20187,238345000000,0.610,18
5182,2021-05-28 13:12:00.0000000,55.27500,55.28000,55.26500,55.27500,15759,238328000000,0.610,18
5183,2021-05-28 13:13:00.0000000,55.27000,55.29000,55.27000,55.27400,18414,238307000000,0.610,18
5184,2021-05-28 13:14:00.0000000,55.28500,55.29000,55.27000,55.27000,25833,238371000000,0.610,18
5185,2021-05-28 13:15:00.0000000,55.28500,55.29000,55.28000,55.29000,7036,238371000000,0.610,18
5186,2021-05-28 13:16:00.0000000,55.26500,55.29000,55.25500,55.28000,40039,238285000000,0.610,18
5187,2021-05-28 13:17:00.0000000,55.25000,55.26500,55.25000,55.26500,22656,238220000000,0.610,18
5188,2021-05-28 13:18:00.0000000,55.25000,55.25000,55.24000,55.24000,9183,238220000000,0.610,18
5189,2021-05-28 13:19:00.0000000,55.26000,55.26000,55.24000,55.24500,16956,238263000000,0.610,18
5190,2021-05-28 13:20:00.0000000,55.26500,55.26500,55.25500,55.26000,23998,238285000000,0.610,18
5191,2021-05-28 13:21:00.0000000,55.28000,55.28500,55.25500,55.26500,19692,238350000000,0.610,18
5192,2021-05-28 13:22:00.0000000,55.28500,55.29500,55.27000,55.28500,37043,238371000000,0.610,18
5193,2021-05-28 13:23:00.0000000,55.27500,55.28500,55.27000,55.28000,7540,238328000000,0.610,18
5194,2021-05-28 13:24:00.0000000,55.28000,55.29000,55.27000,55.27560,19966,238350000000,0.610,18
5195,2021-05-28 13:25:00.0000000,55.29060,55.31000,55.28000,55.28000,24997,238395000000,0.610,18
5196,2021-05-28 13:26:00.0000000,55.30000,55.30000,55.29000,55.29500,6797,238436000000,0.610,18
5197,2021-05-28 13:27:00.0000000,55.27000,55.29500,55.27000,55.29500,16064,238307000000,0.610,18
5198,2021-05-28 13:28:00.0000000,55.29000,55.29700,55.28000,55.28000,19780,238393000000,0.610,18
5199,2021-05-28 13:29:00.0000000,55.30500,55.31000,55.29000,55.30000,14674,238458000000,0.610,18
5200,2021-05-28 13:30:00.0000000,55.30500,55.31000,55.29000,55.30000,31216,238458000000,0.610,18
5201,2021-05-28 13:31:00.0000000,55.30500,55.31000,55.29500,55.30000,18107,238458000000,0.610,18
5202,2021-05-28 13:32:00.0000000,55.30000,55.31000,55.30000,55.30500,1234,238436000000,0.610,18
5203,2021-05-28 13:33:00.0000000,55.30300,55.31500,55.30000,55.30990,31943,238449000000,0.610,18
5204,2021-05-28 13:34:00.0000000,55.28500,55.30610,55.28000,55.30610,16328,238371000000,0.610,18
5205,2021-05-28 13:35:00.0000000,55.29500,55.30000,55.28000,55.28000,18488,238414000000,0.610,18
5206,2021-05-28 13:36:00.0000000,55.30500,55.30750,55.29500,55.30000,46715,238458000000,0.610,18
5207,2021-05-28 13:37:00.0000000,55.31500,55.32000,55.30390,55.30500,10491,238501000000,0.610,18
5208,2021-05-28 13:38:00.0000000,55.32000,55.32500,55.31790,55.32000,23750,238522000000,0.610,18
5209,2021-05-28 13:39:00.0000000,55.32500,55.33000,55.31500,55.31500,21929,238544000000,0.610,18
5210,2021-05-28 13:40:00.0000000,55.32500,55.32550,55.31400,55.32000,10161,238544000000,0.610,18
5211,2021-05-28 13:41:00.0000000,55.32000,55.33000,55.31450,55.32500,13090,238522000000,0.610,18
5212,2021-05-28 13:42:00.0000000,55.32500,55.33000,55.31500,55.32000,9689,238544000000,0.610,18
5213,2021-05-28 13:43:00.0000000,55.32320,55.33000,55.32000,55.32500,12531,238536000000,0.610,18
5214,2021-05-28 13:44:00.0000000,55.33500,55.34000,55.32500,55.32500,22530,238587000000,0.610,18
5215,2021-05-28 13:45:00.0000000,55.31000,55.33500,55.31000,55.33000,37388,238479000000,0.610,18
5216,2021-05-28 13:46:00.0000000,55.33500,55.34000,55.30500,55.31170,48010,238587000000,0.610,18
5217,2021-05-28 13:47:00.0000000,55.32000,55.33550,55.32000,55.33500,8658,238522000000,0.610,18
5218,2021-05-28 13:48:00.0000000,55.30330,55.32860,55.30330,55.32860,11620,238450000000,0.610,18
5219,2021-05-28 13:49:00.0000000,55.31400,55.32000,55.30500,55.30500,12926,238496000000,0.610,18
5220,2021-05-28 13:50:00.0000000,55.31570,55.32000,55.31500,55.32000,2103,238504000000,0.610,18
5221,2021-05-28 13:51:00.0000000,55.32000,55.32500,55.31500,55.32000,22700,238522000000,0.610,18
5222,2021-05-28 13:52:00.0000000,55.33000,55.33000,55.32500,55.32500,5541,238565000000,0.610,18
5223,2021-05-28 13:53:00.0000000,55.32500,55.33500,55.32500,55.33000,17711,238544000000,0.610,18
5224,2021-05-28 13:54:00.0000000,55.33500,55.34000,55.33000,55.33000,9999,238587000000,0.610,18
5225,2021-05-28 13:55:00.0000000,55.34500,55.35000,55.33500,55.33500,10607,238630000000,0.610,18
5226,2021-05-28 13:56:00.0000000,55.36000,55.36000,55.34500,55.35000,12318,238695000000,0.610,18
5227,2021-05-28 13:57:00.0000000,55.34000,55.35500,55.34000,55.35500,41504,238608000000,0.610,18
5228,2021-05-28 13:58:00.0000000,55.35000,55.35000,55.33000,55.34000,23627,238652000000,0.610,18
5229,2021-05-28 13:59:00.0000000,55.34070,55.35500,55.34000,55.35000,12850,238611000000,0.610,18
5230,2021-05-28 14:00:00.0000000,55.35000,55.36500,55.34000,55.35000,47571,238652000000,0.610,18
5231,2021-05-28 14:01:00.0000000,55.34500,55.35500,55.33500,55.35000,20910,238630000000,0.610,18
5232,2021-05-28 14:02:00.0000000,55.35000,55.35000,55.34500,55.34500,3522,238652000000,0.610,18
5233,2021-05-28 14:03:00.0000000,55.36500,55.37000,55.35000,55.35000,39010,238716000000,0.610,18
5234,2021-05-28 14:04:00.0000000,55.38000,55.38000,55.36250,55.37000,14802,238781000000,0.610,18
5235,2021-05-28 14:05:00.0000000,55.39800,55.40000,55.38000,55.38000,59319,238858000000,0.610,18
5236,2021-05-28 14:06:00.0000000,55.40000,55.41000,55.39500,55.39500,31062,238867000000,0.610,18
5237,2021-05-28 14:07:00.0000000,55.38000,55.40500,55.38000,55.39570,80435,238781000000,0.610,18
5238,2021-05-28 14:08:00.0000000,55.39610,55.39610,55.36000,55.38000,28813,238850000000,0.610,18
5239,2021-05-28 14:09:00.0000000,55.37000,55.39500,55.37000,55.39500,20304,238738000000,0.610,18
5240,2021-05-28 14:10:00.0000000,55.39500,55.40000,55.36500,55.37000,25001,238846000000,0.610,18
5241,2021-05-28 14:11:00.0000000,55.38500,55.40500,55.38500,55.39000,34355,238802000000,0.610,18
5242,2021-05-28 14:12:00.0000000,55.40500,55.40500,55.38500,55.39000,17947,238889000000,0.610,18
5243,2021-05-28 14:13:00.0000000,55.40500,55.41500,55.40440,55.41000,18511,238889000000,0.610,18
5244,2021-05-28 14:14:00.0000000,55.39000,55.42000,55.38500,55.41000,46201,238824000000,0.610,18
5245,2021-05-28 14:15:00.0000000,55.36500,55.39000,55.35180,55.39000,42162,238716000000,0.610,18
5246,2021-05-28 14:16:00.0000000,55.36000,55.37000,55.35500,55.36500,20459,238695000000,0.610,18
5247,2021-05-28 14:17:00.0000000,55.36500,55.37500,55.34500,55.35000,57733,238716000000,0.610,18
5248,2021-05-28 14:18:00.0000000,55.38000,55.38000,55.35000,55.36000,35656,238781000000,0.610,18
5249,2021-05-28 14:19:00.0000000,55.39000,55.39000,55.38000,55.38000,7635,238824000000,0.610,18
5250,2021-05-28 14:20:00.0000000,55.37500,55.38500,55.36500,55.38000,36467,238759000000,0.610,18
5251,2021-05-28 14:21:00.0000000,55.37500,55.37500,55.36000,55.37000,10970,238759000000,0.610,18
5252,2021-05-28 14:22:00.0000000,55.37330,55.38000,55.37330,55.38000,1747,238752000000,0.610,18
5253,2021-05-28 14:23:00.0000000,55.38000,55.40000,55.37000,55.38000,77164,238781000000,0.610,18
5254,2021-05-28 14:24:00.0000000,55.38000,55.39000,55.37000,55.38000,24597,238781000000,0.610,18
5255,2021-05-28 14:25:00.0000000,55.38000,55.39000,55.37000,55.38000,24114,238781000000,0.610,18
5256,2021-05-28 14:26:00.0000000,55.37500,55.39000,55.37500,55.38500,7379,238759000000,0.610,18
5257,2021-05-28 14:27:00.0000000,55.37560,55.38000,55.37000,55.37500,4495,238762000000,0.610,18
5258,2021-05-28 14:28:00.0000000,55.36500,55.37500,55.35000,55.37500,43576,238716000000,0.610,18
5259,2021-05-28 14:29:00.0000000,55.37000,55.38000,55.36500,55.36500,52825,238738000000,0.610,18
5260,2021-05-28 14:30:00.0000000,55.38000,55.38000,55.36010,55.37000,20405,238781000000,0.610,18
5261,2021-05-28 14:31:00.0000000,55.35500,55.37500,55.35000,55.37500,34240,238673000000,0.610,18
5262,2021-05-28 14:32:00.0000000,55.36000,55.37990,55.34000,55.36000,57133,238695000000,0.610,18
5263,2021-05-28 14:33:00.0000000,55.34500,55.36100,55.33840,55.36100,31010,238630000000,0.610,18
5264,2021-05-28 14:34:00.0000000,55.35000,55.35500,55.34000,55.34500,28485,238652000000,0.610,18
5265,2021-05-28 14:35:00.0000000,55.36000,55.36000,55.34500,55.35000,11968,238695000000,0.610,18
5266,2021-05-28 14:36:00.0000000,55.36900,55.37000,55.36000,55.36000,8856,238733000000,0.610,18
5267,2021-05-28 14:37:00.0000000,55.37000,55.38720,55.36000,55.36000,62882,238738000000,0.610,18
5268,2021-05-28 14:38:00.0000000,55.37000,55.37000,55.36000,55.37000,4183,238738000000,0.610,18
5269,2021-05-28 14:39:00.0000000,55.38800,55.39000,55.35500,55.36500,68159,238815000000,0.610,18
5270,2021-05-28 14:40:00.0000000,55.37000,55.39000,55.36000,55.38500,27492,238738000000,0.610,18
5271,2021-05-28 14:41:00.0000000,55.36500,55.38000,55.36000,55.37000,26489,238716000000,0.610,18
5272,2021-05-28 14:42:00.0000000,55.37000,55.37900,55.36000,55.37000,39858,238738000000,0.610,18
5273,2021-05-28 14:43:00.0000000,55.36000,55.37500,55.35000,55.37000,40054,238695000000,0.610,18
5274,2021-05-28 14:44:00.0000000,55.36500,55.37000,55.36000,55.36000,20923,238716000000,0.610,18
5275,2021-05-28 14:45:00.0000000,55.36000,55.37000,55.36000,55.36500,5566,238695000000,0.610,18
5276,2021-05-28 14:46:00.0000000,55.36000,55.38000,55.36000,55.36000,28041,238695000000,0.610,18
5277,2021-05-28 14:47:00.0000000,55.38000,55.39000,55.36000,55.36500,32608,238781000000,0.610,18
5278,2021-05-28 14:48:00.0000000,55.36000,55.37500,55.36000,55.37500,22917,238695000000,0.610,18
5279,2021-05-28 14:49:00.0000000,55.38000,55.38500,55.36500,55.37000,48071,238781000000,0.610,18
5280,2021-05-28 14:50:00.0000000,55.36500,55.38500,55.36500,55.37460,22743,238716000000,0.610,18
5281,2021-05-28 14:51:00.0000000,55.36500,55.38000,55.36500,55.37000,34638,238716000000,0.610,18
5282,2021-05-28 14:52:00.0000000,55.36000,55.37000,55.36000,55.37000,9708,238695000000,0.610,18
5283,2021-05-28 14:53:00.0000000,55.37500,55.38000,55.36500,55.36500,21312,238759000000,0.610,18
5284,2021-05-28 14:54:00.0000000,55.37500,55.38000,55.37000,55.37500,4077,238759000000,0.610,18
5285,2021-05-28 14:55:00.0000000,55.37000,55.38500,55.37000,55.37000,43213,238738000000,0.610,18
5286,2021-05-28 14:56:00.0000000,55.38000,55.39000,55.37000,55.37000,32432,238781000000,0.610,18
5287,2021-05-28 14:57:00.0000000,55.37000,55.38000,55.36000,55.37500,101799,238738000000,0.610,18
5288,2021-05-28 14:58:00.0000000,55.33000,55.37000,55.33000,55.36500,29197,238565000000,0.610,18
5289,2021-05-28 14:59:00.0000000,55.32500,55.35000,55.32000,55.34000,14235,238544000000,0.610,18
5290,2021-05-28 15:00:00.0000000,55.32000,55.33000,55.31000,55.32000,23124,238522000000,0.610,18
5291,2021-05-28 09:30:00.0000000,233.53000,234.34000,233.38000,234.13000,94040,174254000000,0.630,19
5292,2021-05-28 09:31:00.0000000,233.73000,233.82040,233.62000,233.62000,1717,174403000000,0.630,19
5293,2021-05-28 09:32:00.0000000,233.25999,233.86000,233.22000,233.85001,13066,174053000000,0.630,19
5294,2021-05-28 09:33:00.0000000,233.14000,233.34000,233.14000,233.27000,6013,173963000000,0.630,19
5295,2021-05-28 09:34:00.0000000,232.85001,233.25000,232.81000,233.25000,11996,173747000000,0.630,19
5296,2021-05-28 09:35:00.0000000,233.12000,233.20000,232.89000,232.96001,8933,173948000000,0.630,19
5297,2021-05-28 09:36:00.0000000,233.12500,233.18500,232.98000,233.17999,6865,173952000000,0.630,19
5298,2021-05-28 09:37:00.0000000,232.88499,233.22000,232.84000,233.19000,11836,173773000000,0.630,19
5299,2021-05-28 09:38:00.0000000,232.84500,233.07001,232.83501,232.89999,6763,173743000000,0.630,19
5300,2021-05-28 09:39:00.0000000,232.78000,232.95000,232.77000,232.92480,7060,173694000000,0.630,19
5301,2021-05-28 09:40:00.0000000,233.12000,233.12000,232.86000,232.87000,5227,173948000000,0.630,19
5302,2021-05-28 09:41:00.0000000,233.32001,233.44000,233.08000,233.14000,5047,174097000000,0.630,19
5303,2021-05-28 09:42:00.0000000,233.20000,233.38000,233.20000,233.35001,5811,174008000000,0.630,19
5304,2021-05-28 09:43:00.0000000,233.03000,233.22000,233.03000,233.20000,3686,173881000000,0.630,19
5305,2021-05-28 09:44:00.0000000,232.96500,233.02000,232.95000,233.00000,2721,173832000000,0.630,19
5306,2021-05-28 09:45:00.0000000,233.14999,233.28000,233.00999,233.00999,10997,173970000000,0.630,19
5307,2021-05-28 09:46:00.0000000,233.44000,233.50999,233.06000,233.14000,11801,174187000000,0.630,19
5308,2021-05-28 09:47:00.0000000,233.33000,233.47000,233.33000,233.42000,5706,174105000000,0.630,19
5309,2021-05-28 09:48:00.0000000,233.05000,233.36000,232.96001,233.36000,12824,173896000000,0.630,19
5310,2021-05-28 09:49:00.0000000,232.83000,233.00999,232.83000,232.97000,5297,173732000000,0.630,19
5311,2021-05-28 09:50:00.0000000,232.62000,232.81000,232.52000,232.79500,12019,173575000000,0.630,19
5312,2021-05-28 09:51:00.0000000,232.89999,232.95000,232.55000,232.61501,8877,173784000000,0.630,19
5313,2021-05-28 09:52:00.0000000,232.92999,233.03500,232.82500,232.88000,7331,173806000000,0.630,19
5314,2021-05-28 09:53:00.0000000,233.07001,233.07001,232.89999,232.92000,8199,173911000000,0.630,19
5315,2021-05-28 09:54:00.0000000,232.95500,233.03000,232.91000,233.00999,7602,173825000000,0.630,19
5316,2021-05-28 09:55:00.0000000,232.66119,232.81000,232.61000,232.81000,7063,173606000000,0.630,19
5317,2021-05-28 09:56:00.0000000,232.67000,232.81000,232.66000,232.67999,6875,173612000000,0.630,19
5318,2021-05-28 09:57:00.0000000,232.63000,232.69070,232.56000,232.64000,4837,173582000000,0.630,19
5319,2021-05-28 09:58:00.0000000,232.64999,232.74001,232.64000,232.66409,8327,173597000000,0.630,19
5320,2021-05-28 09:59:00.0000000,232.54990,232.67000,232.49001,232.64000,12541,173523000000,0.630,19
5321,2021-05-28 10:00:00.0000000,232.60001,232.69000,232.55000,232.55000,6059,173560000000,0.630,19
5322,2021-05-28 10:01:00.0000000,232.73500,232.74001,232.60500,232.61000,9768,173661000000,0.630,19
5323,2021-05-28 10:02:00.0000000,232.77000,232.82001,232.70000,232.73500,6266,173687000000,0.630,19
5324,2021-05-28 10:03:00.0000000,232.82990,232.85500,232.77000,232.78461,4200,173732000000,0.630,19
5325,2021-05-28 10:04:00.0000000,232.75000,232.75000,232.63000,232.75000,7269,173672000000,0.630,19
5326,2021-05-28 10:05:00.0000000,232.86000,232.88000,232.74001,232.78999,5637,173754000000,0.630,19
5327,2021-05-28 10:06:00.0000000,232.92000,232.92000,232.85001,232.90500,4261,173799000000,0.630,19
5328,2021-05-28 10:07:00.0000000,233.05000,233.10001,232.92000,232.92500,5828,173896000000,0.630,19
5329,2021-05-28 10:08:00.0000000,233.19000,233.25000,233.07500,233.09000,7562,174000000000,0.630,19
5330,2021-05-28 10:09:00.0000000,233.42000,233.50000,233.20000,233.20000,11715,174172000000,0.630,19
5331,2021-05-28 10:10:00.0000000,233.32001,233.42999,233.32001,233.42000,5565,174097000000,0.630,19
5332,2021-05-28 10:11:00.0000000,233.13000,233.35001,233.10001,233.32500,7548,173956000000,0.630,19
5333,2021-05-28 10:12:00.0000000,233.02010,233.14000,233.02010,233.14000,6333,173874000000,0.630,19
5334,2021-05-28 10:13:00.0000000,233.07001,233.11000,233.06500,233.07001,3158,173911000000,0.630,19
5335,2021-05-28 10:14:00.0000000,233.00999,233.08000,232.98000,233.06000,5855,173866000000,0.630,19
5336,2021-05-28 10:15:00.0000000,233.06000,233.08501,232.97000,233.06000,4061,173903000000,0.630,19
5337,2021-05-28 10:16:00.0000000,233.02000,233.03999,232.92999,233.03999,3769,173873000000,0.630,19
5338,2021-05-28 10:17:00.0000000,232.94000,232.97000,232.78999,232.97000,5625,173814000000,0.630,19
5339,2021-05-28 10:18:00.0000000,232.95000,233.00000,232.92000,232.93500,5304,173821000000,0.630,19
5340,2021-05-28 10:19:00.0000000,232.88000,232.89500,232.78000,232.89500,6302,173769000000,0.630,19
5341,2021-05-28 10:20:00.0000000,232.72000,232.82001,232.66499,232.82001,4994,173650000000,0.630,19
5342,2021-05-28 10:21:00.0000000,232.58000,232.69501,232.58000,232.69501,2111,173545000000,0.630,19
5343,2021-05-28 10:22:00.0000000,232.47000,232.61000,232.45000,232.61000,7324,173463000000,0.630,19
5344,2021-05-28 10:23:00.0000000,232.53999,232.57001,232.47000,232.47000,2904,173515000000,0.630,19
5345,2021-05-28 10:24:00.0000000,232.61501,232.66000,232.58000,232.64000,2544,173571000000,0.630,19
5346,2021-05-28 10:25:00.0000000,232.49921,232.59500,232.49899,232.58000,4389,173485000000,0.630,19
5347,2021-05-28 10:26:00.0000000,232.75500,232.78999,232.47501,232.47501,6897,173676000000,0.630,19
5348,2021-05-28 10:27:00.0000000,232.67500,232.75000,232.67000,232.73000,3987,173616000000,0.630,19
5349,2021-05-28 10:28:00.0000000,232.81000,232.81000,232.67000,232.72000,3756,173717000000,0.630,19
5350,2021-05-28 10:29:00.0000000,232.87000,232.91000,232.82471,232.91000,3450,173762000000,0.630,19
5351,2021-05-28 10:30:00.0000000,232.78000,232.87500,232.75999,232.87000,3467,173694000000,0.630,19
5352,2021-05-28 10:31:00.0000000,232.66000,232.78999,232.66000,232.78999,5292,173605000000,0.630,19
5353,2021-05-28 10:32:00.0000000,232.53000,232.66000,232.50000,232.66000,11684,173508000000,0.630,19
5354,2021-05-28 10:33:00.0000000,232.67999,232.68500,232.55000,232.55000,2389,173620000000,0.630,19
5355,2021-05-28 10:34:00.0000000,232.71001,232.74001,232.60001,232.69000,3164,173642000000,0.630,19
5356,2021-05-28 10:35:00.0000000,232.84000,232.84000,232.71001,232.75000,5632,173739000000,0.630,19
5357,2021-05-28 10:36:00.0000000,232.81500,232.83000,232.77000,232.83000,4974,173721000000,0.630,19
5358,2021-05-28 10:37:00.0000000,232.83000,232.83000,232.75999,232.78999,806,173732000000,0.630,19
5359,2021-05-28 10:38:00.0000000,232.86000,232.88000,232.82001,232.88000,2798,173754000000,0.630,19
5360,2021-05-28 10:39:00.0000000,232.85001,232.91000,232.83000,232.89000,4436,173747000000,0.630,19
5361,2021-05-28 10:40:00.0000000,232.97000,232.97000,232.82001,232.84000,4315,173836000000,0.630,19
5362,2021-05-28 10:41:00.0000000,232.98000,232.98000,232.92999,232.97000,2235,173844000000,0.630,19
5363,2021-05-28 10:42:00.0000000,233.00999,233.08000,232.99001,232.99001,3907,173866000000,0.630,19
5364,2021-05-28 10:43:00.0000000,232.98500,233.00999,232.97000,233.00999,2892,173847000000,0.630,19
5365,2021-05-28 10:44:00.0000000,233.05499,233.07001,232.99001,233.00090,3656,173900000000,0.630,19
5366,2021-05-28 10:45:00.0000000,232.96001,233.08000,232.96001,233.06731,4291,173829000000,0.630,19
5367,2021-05-28 10:46:00.0000000,232.81000,232.92000,232.80000,232.92000,5519,173717000000,0.630,19
5368,2021-05-28 10:47:00.0000000,232.74001,232.85001,232.74001,232.79500,3309,173665000000,0.630,19
5369,2021-05-28 10:48:00.0000000,232.75000,232.78500,232.74001,232.78000,3236,173672000000,0.630,19
5370,2021-05-28 10:49:00.0000000,232.72000,232.75000,232.67000,232.72000,5261,173650000000,0.630,19
5371,2021-05-28 10:50:00.0000000,232.84039,232.85001,232.72000,232.74001,5409,173739000000,0.630,19
5372,2021-05-28 10:51:00.0000000,232.83000,232.87000,232.78999,232.87000,3140,173732000000,0.630,19
5373,2021-05-28 10:52:00.0000000,232.84000,232.89999,232.84000,232.84280,2425,173739000000,0.630,19
5374,2021-05-28 10:53:00.0000000,232.81000,232.87000,232.80000,232.87000,3508,173717000000,0.630,19
5375,2021-05-28 10:54:00.0000000,232.73000,232.80000,232.73000,232.80000,4532,173657000000,0.630,19
5376,2021-05-28 10:55:00.0000000,232.74001,232.75999,232.71001,232.73000,4385,173665000000,0.630,19
5377,2021-05-28 10:56:00.0000000,232.86000,232.88100,232.78999,232.78999,3645,173754000000,0.630,19
5378,2021-05-28 10:57:00.0000000,232.86000,232.88000,232.81000,232.81000,2686,173754000000,0.630,19
5379,2021-05-28 10:58:00.0000000,232.89000,232.89999,232.83000,232.87000,6769,173776000000,0.630,19
5380,2021-05-28 10:59:00.0000000,232.79500,232.89000,232.78000,232.85001,7496,173706000000,0.630,19
5381,2021-05-28 11:00:00.0000000,232.67999,232.80000,232.64999,232.80000,5940,173620000000,0.630,19
5382,2021-05-28 11:01:00.0000000,232.72000,232.72000,232.64999,232.67000,5446,173650000000,0.630,19
5383,2021-05-28 11:02:00.0000000,232.75000,232.75000,232.67999,232.69000,2951,173672000000,0.630,19
5384,2021-05-28 11:03:00.0000000,232.68130,232.75000,232.67000,232.73570,7498,173621000000,0.630,19
5385,2021-05-28 11:04:00.0000000,232.71001,232.71001,232.67000,232.69000,5274,173642000000,0.630,19
5386,2021-05-28 11:05:00.0000000,232.77000,232.77000,232.70000,232.70000,4136,173687000000,0.630,19
5387,2021-05-28 11:06:00.0000000,232.95000,232.98000,232.80000,232.80000,2984,173821000000,0.630,19
5388,2021-05-28 11:07:00.0000000,232.82010,232.92999,232.82010,232.92999,5312,173724000000,0.630,19
5389,2021-05-28 11:08:00.0000000,232.84000,232.89999,232.83000,232.86000,4445,173739000000,0.630,19
5390,2021-05-28 11:09:00.0000000,232.92999,232.92999,232.82001,232.82001,1413,173806000000,0.630,19
5391,2021-05-28 11:10:00.0000000,232.89500,232.94690,232.88000,232.94000,3459,173780000000,0.630,19
5392,2021-05-28 11:11:00.0000000,232.81000,232.89000,232.75999,232.89000,3711,173717000000,0.630,19
5393,2021-05-28 11:12:00.0000000,232.80000,232.84000,232.78999,232.82001,3182,173709000000,0.630,19
5394,2021-05-28 11:13:00.0000000,232.92500,232.95000,232.83501,232.84000,2723,173803000000,0.630,19
5395,2021-05-28 11:14:00.0000000,232.88000,232.95000,232.86000,232.91451,2861,173769000000,0.630,19
5396,2021-05-28 11:15:00.0000000,232.92000,232.92000,232.85001,232.88000,2834,173799000000,0.630,19
5397,2021-05-28 11:16:00.0000000,232.92999,232.95000,232.90500,232.91000,4486,173806000000,0.630,19
5398,2021-05-28 11:17:00.0000000,232.95000,232.95000,232.84000,232.88000,5322,173821000000,0.630,19
5399,2021-05-28 11:18:00.0000000,232.87000,232.91000,232.87000,232.91000,2354,173762000000,0.630,19
5400,2021-05-28 11:19:00.0000000,232.86501,232.91000,232.85001,232.86501,3159,173758000000,0.630,19
5401,2021-05-28 11:20:00.0000000,232.88000,232.94000,232.88000,232.89000,4446,173769000000,0.630,19
5402,2021-05-28 11:21:00.0000000,232.88000,232.89999,232.87000,232.87000,2699,173769000000,0.630,19
5403,2021-05-28 11:22:00.0000000,232.85001,232.91000,232.85001,232.87000,7276,173747000000,0.630,19
5404,2021-05-28 11:23:00.0000000,232.89999,232.89999,232.85001,232.85001,2627,173784000000,0.630,19
5405,2021-05-28 11:24:00.0000000,232.89000,232.89999,232.87000,232.89999,3676,173776000000,0.630,19
5406,2021-05-28 11:25:00.0000000,232.82001,232.89000,232.80000,232.87500,6675,173724000000,0.630,19
5407,2021-05-28 11:26:00.0000000,232.78500,232.83900,232.77000,232.80000,3537,173698000000,0.630,19
5408,2021-05-28 11:27:00.0000000,232.82829,232.84000,232.80000,232.80000,5130,173730000000,0.630,19
5409,2021-05-28 11:28:00.0000000,232.81000,232.84000,232.81000,232.84000,1642,173717000000,0.630,19
5410,2021-05-28 11:29:00.0000000,232.74500,232.80000,232.72000,232.80000,8338,173668000000,0.630,19
5411,2021-05-28 11:30:00.0000000,232.78999,232.82001,232.72000,232.75999,6760,173702000000,0.630,19
5412,2021-05-28 11:31:00.0000000,232.86000,232.86000,232.78000,232.78000,2398,173754000000,0.630,19
5413,2021-05-28 11:32:00.0000000,232.95000,232.98000,232.88000,232.88000,3195,173821000000,0.630,19
5414,2021-05-28 11:33:00.0000000,232.92000,232.98000,232.92000,232.95000,2498,173799000000,0.630,19
5415,2021-05-28 11:34:00.0000000,232.81000,232.92999,232.81000,232.92999,4348,173717000000,0.630,19
5416,2021-05-28 11:35:00.0000000,232.83000,232.83000,232.80000,232.80000,1580,173732000000,0.630,19
5417,2021-05-28 11:36:00.0000000,232.82001,232.88499,232.78999,232.85001,3786,173724000000,0.630,19
5418,2021-05-28 11:37:00.0000000,232.87000,232.92999,232.81000,232.84000,4084,173762000000,0.630,19
5419,2021-05-28 11:38:00.0000000,233.03000,233.03999,232.89000,232.89000,5032,173881000000,0.630,19
5420,2021-05-28 11:39:00.0000000,233.00999,233.12000,232.99001,233.05000,9148,173866000000,0.630,19
5421,2021-05-28 11:40:00.0000000,233.06000,233.08000,232.99001,233.00999,3157,173903000000,0.630,19
5422,2021-05-28 11:41:00.0000000,233.06000,233.09000,233.06000,233.09000,921,173903000000,0.630,19
5423,2021-05-28 11:42:00.0000000,233.11000,233.18500,233.11000,233.12000,5042,173941000000,0.630,19
5424,2021-05-28 11:43:00.0000000,233.13000,233.14999,233.11000,233.12000,3398,173956000000,0.630,19
5425,2021-05-28 11:44:00.0000000,233.14999,233.17999,233.13000,233.14999,1893,173970000000,0.630,19
5426,2021-05-28 11:45:00.0000000,233.08501,233.14000,233.08000,233.14000,3352,173922000000,0.630,19
5427,2021-05-28 11:46:00.0000000,233.10001,233.12000,233.07500,233.07500,3331,173933000000,0.630,19
5428,2021-05-28 11:47:00.0000000,233.09000,233.11000,233.07001,233.08501,1644,173926000000,0.630,19
5429,2021-05-28 11:48:00.0000000,233.13000,233.16000,233.09000,233.09000,2462,173956000000,0.630,19
5430,2021-05-28 11:49:00.0000000,233.15500,233.16000,233.11501,233.11501,1541,173974000000,0.630,19
5431,2021-05-28 11:50:00.0000000,233.23000,233.25000,233.14999,233.14999,4540,174030000000,0.630,19
5432,2021-05-28 11:51:00.0000000,233.25000,233.28000,233.22501,233.24001,3187,174045000000,0.630,19
5433,2021-05-28 11:52:00.0000000,233.24001,233.28000,233.24001,233.25999,1341,174038000000,0.630,19
5434,2021-05-28 11:53:00.0000000,233.25000,233.28000,233.21001,233.23500,4740,174045000000,0.630,19
5435,2021-05-28 11:54:00.0000000,233.23500,233.25000,233.23500,233.25000,1476,174034000000,0.630,19
5436,2021-05-28 11:55:00.0000000,233.27000,233.33000,233.27000,233.28000,4213,174060000000,0.630,19
5437,2021-05-28 11:56:00.0000000,233.31000,233.31500,233.25999,233.25999,1707,174090000000,0.630,19
5438,2021-05-28 11:57:00.0000000,233.37000,233.41000,233.31000,233.31000,5204,174135000000,0.630,19
5439,2021-05-28 11:58:00.0000000,233.42000,233.42000,233.35500,233.36501,1505,174172000000,0.630,19
5440,2021-05-28 11:59:00.0000000,233.31000,233.39000,233.31000,233.39000,2032,174090000000,0.630,19
5441,2021-05-28 12:00:00.0000000,233.39999,233.39999,233.28000,233.28000,7962,174157000000,0.630,19
5442,2021-05-28 12:01:00.0000000,233.42500,233.45000,233.41000,233.41000,1669,174176000000,0.630,19
5443,2021-05-28 12:02:00.0000000,233.46001,233.46001,233.42999,233.42999,1701,174202000000,0.630,19
5444,2021-05-28 12:03:00.0000000,233.56000,233.56000,233.48000,233.48000,4839,174276000000,0.630,19
5445,2021-05-28 12:04:00.0000000,233.53000,233.55000,233.50999,233.53500,2984,174254000000,0.630,19
5446,2021-05-28 12:05:00.0000000,233.50999,233.55000,233.50000,233.53999,2490,174239000000,0.630,19
5447,2021-05-28 12:06:00.0000000,233.54240,233.54240,233.49500,233.49500,1413,174263000000,0.630,19
5448,2021-05-28 12:07:00.0000000,233.61000,233.63000,233.56000,233.56000,4872,174314000000,0.630,19
5449,2021-05-28 12:08:00.0000000,233.64999,233.64999,233.61501,233.61501,1804,174344000000,0.630,19
5450,2021-05-28 12:09:00.0000000,233.66000,233.72000,233.60001,233.71001,9440,174351000000,0.630,19
5451,2021-05-28 12:10:00.0000000,233.66479,233.71001,233.62000,233.67000,6009,174355000000,0.630,19
5452,2021-05-28 12:11:00.0000000,233.61501,233.69000,233.61000,233.69000,2887,174317000000,0.630,19
5453,2021-05-28 12:12:00.0000000,233.59000,233.69000,233.59000,233.61000,3339,174299000000,0.630,19
5454,2021-05-28 12:13:00.0000000,233.66499,233.67390,233.59000,233.61000,1826,174355000000,0.630,19
5455,2021-05-28 12:14:00.0000000,233.67000,233.67000,233.63341,233.67000,1728,174358000000,0.630,19
5456,2021-05-28 12:15:00.0000000,233.72000,233.72000,233.67999,233.67999,5070,174396000000,0.630,19
5457,2021-05-28 12:16:00.0000000,233.64999,233.73000,233.63000,233.73000,5083,174344000000,0.630,19
5458,2021-05-28 12:17:00.0000000,233.60080,233.64000,233.58501,233.64000,2987,174307000000,0.630,19
5459,2021-05-28 12:18:00.0000000,233.55499,233.60001,233.55499,233.58000,2749,174273000000,0.630,19
5460,2021-05-28 12:19:00.0000000,233.50999,233.53000,233.48000,233.50500,2934,174239000000,0.630,19
5461,2021-05-28 12:20:00.0000000,233.47000,233.53999,233.47000,233.50999,3005,174209000000,0.630,19
5462,2021-05-28 12:21:00.0000000,233.46001,233.48500,233.42500,233.48500,2353,174202000000,0.630,19
5463,2021-05-28 12:22:00.0000000,233.50000,233.52000,233.41000,233.42999,3637,174232000000,0.630,19
5464,2021-05-28 12:23:00.0000000,233.52000,233.55000,233.52000,233.53000,2676,174247000000,0.630,19
5465,2021-05-28 12:24:00.0000000,233.56000,233.59000,233.55499,233.57001,3727,174276000000,0.630,19
5466,2021-05-28 12:25:00.0000000,233.55000,233.55000,233.50999,233.55000,3298,174269000000,0.630,19
5467,2021-05-28 12:26:00.0000000,233.60001,233.61000,233.59000,233.59000,1591,174306000000,0.630,19
5468,2021-05-28 12:27:00.0000000,233.57500,233.60001,233.55000,233.60001,5263,174288000000,0.630,19
5469,2021-05-28 12:28:00.0000000,233.64500,233.67000,233.57001,233.57001,1872,174340000000,0.630,19
5470,2021-05-28 12:29:00.0000000,233.63000,233.66000,233.60001,233.66000,4668,174329000000,0.630,19
5471,2021-05-28 12:30:00.0000000,233.62000,233.63000,233.60001,233.63000,1644,174321000000,0.630,19
5472,2021-05-28 12:31:00.0000000,233.64999,233.66000,233.63000,233.63000,2896,174344000000,0.630,19
5473,2021-05-28 12:32:00.0000000,233.71001,233.71001,233.63000,233.64000,8358,174388000000,0.630,19
5474,2021-05-28 12:33:00.0000000,233.75999,233.77000,233.64999,233.74001,12169,174426000000,0.630,19
5475,2021-05-28 12:34:00.0000000,233.75000,233.77991,233.72000,233.75000,2395,174418000000,0.630,19
5476,2021-05-28 12:35:00.0000000,233.73000,233.78000,233.73000,233.73000,1975,174403000000,0.630,19
5477,2021-05-28 12:36:00.0000000,233.82001,233.82001,233.73000,233.73000,2061,174470000000,0.630,19
5478,2021-05-28 12:37:00.0000000,233.82001,233.82001,233.77000,233.80000,2247,174470000000,0.630,19
5479,2021-05-28 12:38:00.0000000,233.82001,233.89000,233.78999,233.85120,5136,174470000000,0.630,19
5480,2021-05-28 12:39:00.0000000,233.86000,233.87000,233.83000,233.83000,2481,174500000000,0.630,19
5481,2021-05-28 12:40:00.0000000,233.86000,233.87000,233.84000,233.84000,1278,174500000000,0.630,19
5482,2021-05-28 12:41:00.0000000,233.86000,233.87000,233.84000,233.86000,2294,174500000000,0.630,19
5483,2021-05-28 12:42:00.0000000,233.89000,233.92000,233.86000,233.87000,4694,174523000000,0.630,19
5484,2021-05-28 12:43:00.0000000,233.96001,233.96001,233.91000,233.91000,6059,174575000000,0.630,19
5485,2021-05-28 12:44:00.0000000,234.02000,234.03000,233.92999,233.95000,11147,174620000000,0.630,19
5486,2021-05-28 12:45:00.0000000,234.03999,234.03999,234.00000,234.03999,4142,174635000000,0.630,19
5487,2021-05-28 12:46:00.0000000,234.06000,234.06000,234.00999,234.03999,6435,174649000000,0.630,19
5488,2021-05-28 12:47:00.0000000,234.03000,234.08000,234.02000,234.07001,3774,174627000000,0.630,19
5489,2021-05-28 12:48:00.0000000,233.94000,234.02000,233.88000,234.00999,13598,174560000000,0.630,19
5490,2021-05-28 12:49:00.0000000,234.00000,234.00000,233.94501,233.94501,1247,174605000000,0.630,19
5491,2021-05-28 12:50:00.0000000,233.94501,234.02000,233.92999,234.00999,2232,174564000000,0.630,19
5492,2021-05-28 12:51:00.0000000,233.84000,233.97000,233.84000,233.94000,4558,174485000000,0.630,19
5493,2021-05-28 12:52:00.0000000,233.82001,233.85500,233.80000,233.80000,2286,174470000000,0.630,19
5494,2021-05-28 12:53:00.0000000,233.85001,233.86000,233.81940,233.83000,1196,174493000000,0.630,19
5495,2021-05-28 12:54:00.0000000,233.82001,233.85001,233.77000,233.82001,3893,174470000000,0.630,19
5496,2021-05-28 12:55:00.0000000,233.84000,233.84000,233.82001,233.83000,1178,174485000000,0.630,19
5497,2021-05-28 12:56:00.0000000,233.85001,233.86000,233.85001,233.85001,747,174493000000,0.630,19
5498,2021-05-28 12:57:00.0000000,233.83000,233.84000,233.81000,233.83000,2321,174478000000,0.630,19
5499,2021-05-28 12:58:00.0000000,233.86000,233.87000,233.84500,233.87000,1574,174500000000,0.630,19
5500,2021-05-28 12:59:00.0000000,233.89000,233.92999,233.86690,233.88000,3681,174523000000,0.630,19
5501,2021-05-28 13:00:00.0000000,233.92000,233.92999,233.88000,233.91000,2067,174545000000,0.630,19
5502,2021-05-28 13:01:00.0000000,233.99001,233.99001,233.89999,233.91000,3022,174597000000,0.630,19
5503,2021-05-28 13:02:00.0000000,233.89999,233.94000,233.87000,233.94000,2332,174530000000,0.630,19
5504,2021-05-28 13:03:00.0000000,233.95000,233.95000,233.89999,233.89999,1674,174567000000,0.630,19
5505,2021-05-28 13:04:00.0000000,234.00000,234.00000,233.92999,233.92999,2689,174605000000,0.630,19
5506,2021-05-28 13:05:00.0000000,233.92999,233.98000,233.92999,233.98000,3466,174552000000,0.630,19
5507,2021-05-28 13:06:00.0000000,233.92000,233.97000,233.92000,233.96001,2609,174545000000,0.630,19
5508,2021-05-28 13:07:00.0000000,233.89999,233.92000,233.88000,233.92000,2112,174530000000,0.630,19
5509,2021-05-28 13:08:00.0000000,233.87000,233.91000,233.83000,233.87000,4235,174508000000,0.630,19
5510,2021-05-28 13:09:00.0000000,233.96001,233.96001,233.89999,233.89999,2038,174575000000,0.630,19
5511,2021-05-28 13:10:00.0000000,233.92999,233.92999,233.92000,233.92000,1241,174552000000,0.630,19
5512,2021-05-28 13:11:00.0000000,233.95000,233.97000,233.95000,233.97000,3803,174567000000,0.630,19
5513,2021-05-28 13:12:00.0000000,233.99001,234.00000,233.96001,233.96001,2750,174597000000,0.630,19
5514,2021-05-28 13:13:00.0000000,233.84000,234.02000,233.82001,233.98000,10601,174485000000,0.630,19
5515,2021-05-28 13:14:00.0000000,233.75500,233.81500,233.75500,233.80000,2791,174422000000,0.630,19
5516,2021-05-28 13:15:00.0000000,233.71001,233.81000,233.71001,233.74001,4027,174388000000,0.630,19
5517,2021-05-28 13:16:00.0000000,233.67999,233.75999,233.67500,233.74001,4473,174366000000,0.630,19
5518,2021-05-28 13:17:00.0000000,233.71410,233.72000,233.64999,233.65500,5189,174391000000,0.630,19
5519,2021-05-28 13:18:00.0000000,233.72000,233.74001,233.70500,233.70500,1500,174396000000,0.630,19
5520,2021-05-28 13:19:00.0000000,233.75000,233.75000,233.71001,233.73000,4826,174418000000,0.630,19
5521,2021-05-28 13:20:00.0000000,233.80499,233.83000,233.75000,233.77000,3876,174459000000,0.630,19
5522,2021-05-28 13:21:00.0000000,233.84000,233.86000,233.78000,233.78999,3100,174485000000,0.630,19
5523,2021-05-28 13:22:00.0000000,233.75000,233.78000,233.75000,233.78000,2095,174418000000,0.630,19
5524,2021-05-28 13:23:00.0000000,233.75500,233.75999,233.69000,233.74500,4096,174422000000,0.630,19
5525,2021-05-28 13:24:00.0000000,233.80000,233.80000,233.71001,233.75000,1502,174455000000,0.630,19
5526,2021-05-28 13:25:00.0000000,233.81000,233.84500,233.78999,233.80209,2411,174463000000,0.630,19
5527,2021-05-28 13:26:00.0000000,233.78999,233.81200,233.77000,233.77000,1157,174448000000,0.630,19
5528,2021-05-28 13:27:00.0000000,233.77000,233.81000,233.77000,233.81000,1970,174433000000,0.630,19
5529,2021-05-28 13:28:00.0000000,233.78500,233.86501,233.78500,233.81000,3311,174444000000,0.630,19
5530,2021-05-28 13:29:00.0000000,233.77000,233.82001,233.75999,233.80000,5428,174433000000,0.630,19
5531,2021-05-28 13:30:00.0000000,233.83000,233.83000,233.72501,233.75000,3650,174478000000,0.630,19
5532,2021-05-28 13:31:00.0000000,233.77000,233.80000,233.77000,233.80000,1341,174433000000,0.630,19
5533,2021-05-28 13:32:00.0000000,233.83110,233.83110,233.78000,233.78000,4371,174479000000,0.630,19
5534,2021-05-28 13:33:00.0000000,233.77000,233.80000,233.75999,233.78000,4009,174433000000,0.630,19
5535,2021-05-28 13:34:00.0000000,233.67999,233.76500,233.67000,233.76500,4034,174366000000,0.630,19
5536,2021-05-28 13:35:00.0000000,233.81000,233.82001,233.70000,233.70000,5301,174463000000,0.630,19
5537,2021-05-28 13:36:00.0000000,233.80000,233.80009,233.73000,233.80000,2885,174455000000,0.630,19
5538,2021-05-28 13:37:00.0000000,233.84500,233.84500,233.78000,233.80000,3097,174489000000,0.630,19
5539,2021-05-28 13:38:00.0000000,233.81000,233.83121,233.77499,233.83000,2440,174463000000,0.630,19
5540,2021-05-28 13:39:00.0000000,233.84000,233.84000,233.79660,233.80000,2331,174485000000,0.630,19
5541,2021-05-28 13:40:00.0000000,233.80000,233.84000,233.78000,233.84000,4651,174455000000,0.630,19
5542,2021-05-28 13:41:00.0000000,233.78000,233.78999,233.78000,233.78000,2439,174441000000,0.630,19
5543,2021-05-28 13:42:00.0000000,233.85001,233.86000,233.80000,233.80000,4320,174493000000,0.630,19
5544,2021-05-28 13:43:00.0000000,233.89999,233.91930,233.86000,233.86000,2036,174530000000,0.630,19
5545,2021-05-28 13:44:00.0000000,233.94501,233.94501,233.89999,233.91000,2524,174564000000,0.630,19
5546,2021-05-28 13:45:00.0000000,233.82500,233.92999,233.82500,233.92999,3751,174474000000,0.630,19
5547,2021-05-28 13:46:00.0000000,233.82500,233.87000,233.82001,233.82001,3175,174474000000,0.630,19
5548,2021-05-28 13:47:00.0000000,233.78999,233.83501,233.77000,233.83501,3507,174448000000,0.630,19
5549,2021-05-28 13:48:00.0000000,233.82001,233.84000,233.80000,233.80000,1211,174470000000,0.630,19
5550,2021-05-28 13:49:00.0000000,233.89000,233.89000,233.84000,233.84000,1420,174523000000,0.630,19
5551,2021-05-28 13:50:00.0000000,233.83501,233.89000,233.83501,233.88000,2222,174482000000,0.630,19
5552,2021-05-28 13:51:00.0000000,233.84000,233.84000,233.78999,233.82001,2257,174485000000,0.630,19
5553,2021-05-28 13:52:00.0000000,233.89000,233.89000,233.86000,233.86501,934,174523000000,0.630,19
5554,2021-05-28 13:53:00.0000000,233.89000,233.91000,233.88000,233.89500,2235,174523000000,0.630,19
5555,2021-05-28 13:54:00.0000000,233.92000,233.92999,233.89500,233.89500,2145,174545000000,0.630,19
5556,2021-05-28 13:55:00.0000000,233.85001,233.92000,233.85001,233.90100,4111,174493000000,0.630,19
5557,2021-05-28 13:56:00.0000000,233.84000,233.85001,233.81000,233.83200,2444,174485000000,0.630,19
5558,2021-05-28 13:57:00.0000000,233.84000,233.86000,233.78999,233.86000,4835,174485000000,0.630,19
5559,2021-05-28 13:58:00.0000000,233.77000,233.80000,233.75000,233.80000,1946,174433000000,0.630,19
5560,2021-05-28 13:59:00.0000000,233.78000,233.81000,233.78000,233.80000,1809,174441000000,0.630,19
5561,2021-05-28 14:00:00.0000000,233.85001,233.85001,233.80000,233.80000,2385,174493000000,0.630,19
5562,2021-05-28 14:01:00.0000000,233.85001,233.85001,233.81000,233.82001,2153,174493000000,0.630,19
5563,2021-05-28 14:02:00.0000000,233.84000,233.91000,233.82001,233.87000,4702,174485000000,0.630,19
5564,2021-05-28 14:03:00.0000000,233.88000,233.91000,233.86000,233.86000,2007,174515000000,0.630,19
5565,2021-05-28 14:04:00.0000000,233.86501,233.87000,233.78999,233.83000,3107,174504000000,0.630,19
5566,2021-05-28 14:05:00.0000000,233.82001,233.89000,233.82001,233.88000,2091,174470000000,0.630,19
5567,2021-05-28 14:06:00.0000000,233.81000,233.85001,233.81000,233.82001,2780,174463000000,0.630,19
5568,2021-05-28 14:07:00.0000000,233.71001,233.80000,233.71001,233.80000,4125,174388000000,0.630,19
5569,2021-05-28 14:08:00.0000000,233.81000,233.81000,233.72501,233.74001,2580,174463000000,0.630,19
5570,2021-05-28 14:09:00.0000000,233.80499,233.83000,233.75999,233.80000,4364,174459000000,0.630,19
5571,2021-05-28 14:10:00.0000000,233.85001,233.85001,233.77000,233.81000,2841,174493000000,0.630,19
5572,2021-05-28 14:11:00.0000000,233.80000,233.85001,233.77000,233.82001,3774,174455000000,0.630,19
5573,2021-05-28 14:12:00.0000000,233.83000,233.85001,233.80000,233.80000,1000,174478000000,0.630,19
5574,2021-05-28 14:13:00.0000000,233.83000,233.85001,233.83000,233.85001,1946,174478000000,0.630,19
5575,2021-05-28 14:14:00.0000000,233.83000,233.86000,233.83000,233.84000,2014,174478000000,0.630,19
5576,2021-05-28 14:15:00.0000000,233.85001,233.87000,233.80000,233.85001,4753,174493000000,0.630,19
5577,2021-05-28 14:16:00.0000000,233.85001,233.85001,233.84920,233.84920,1257,174493000000,0.630,19
5578,2021-05-28 14:17:00.0000000,233.89999,233.89999,233.83000,233.84000,2021,174530000000,0.630,19
5579,2021-05-28 14:18:00.0000000,233.92000,233.92000,233.87000,233.89999,2601,174545000000,0.630,19
5580,2021-05-28 14:19:00.0000000,233.96001,234.00000,233.89000,233.92000,4145,174575000000,0.630,19
5581,2021-05-28 14:20:00.0000000,233.87000,233.97000,233.87000,233.97000,4562,174508000000,0.630,19
5582,2021-05-28 14:21:00.0000000,233.86000,233.88000,233.86000,233.88000,1167,174500000000,0.630,19
5583,2021-05-28 14:22:00.0000000,233.89999,233.94000,233.88000,233.88000,3289,174530000000,0.630,19
5584,2021-05-28 14:23:00.0000000,233.92500,233.94000,233.88000,233.91000,4621,174549000000,0.630,19
5585,2021-05-28 14:24:00.0000000,233.92999,233.94000,233.89999,233.91000,3816,174552000000,0.630,19
5586,2021-05-28 14:25:00.0000000,234.05000,234.05000,233.97000,233.99001,6270,174642000000,0.630,19
5587,2021-05-28 14:26:00.0000000,234.11000,234.11000,234.06000,234.07001,1946,174687000000,0.630,19
5588,2021-05-28 14:27:00.0000000,234.05000,234.12000,234.04500,234.12000,10396,174642000000,0.630,19
5589,2021-05-28 14:28:00.0000000,234.00500,234.03999,233.98000,234.03000,3416,174608000000,0.630,19
5590,2021-05-28 14:29:00.0000000,234.02499,234.06000,234.02000,234.02000,1533,174623000000,0.630,19
5591,2021-05-28 14:30:00.0000000,234.05000,234.05000,234.00999,234.03000,1547,174642000000,0.630,19
5592,2021-05-28 14:31:00.0000000,234.05000,234.07001,234.00000,234.03999,2667,174642000000,0.630,19
5593,2021-05-28 14:32:00.0000000,234.10001,234.11000,234.02000,234.02000,5679,174679000000,0.630,19
5594,2021-05-28 14:33:00.0000000,234.02000,234.11000,234.00970,234.07001,4054,174620000000,0.630,19
5595,2021-05-28 14:34:00.0000000,234.03000,234.03000,233.98000,234.00000,1434,174627000000,0.630,19
5596,2021-05-28 14:35:00.0000000,234.03000,234.03000,233.99001,234.03000,1774,174627000000,0.630,19
5597,2021-05-28 14:36:00.0000000,234.05000,234.07001,234.00999,234.05000,3967,174642000000,0.630,19
5598,2021-05-28 14:37:00.0000000,234.11000,234.11000,234.06000,234.07001,2439,174687000000,0.630,19
5599,2021-05-28 14:38:00.0000000,234.11000,234.12000,234.09000,234.12000,1866,174687000000,0.630,19
5600,2021-05-28 14:39:00.0000000,234.12100,234.17999,234.06000,234.10471,8998,174695000000,0.630,19
5601,2021-05-28 14:40:00.0000000,234.14000,234.16000,234.14000,234.14999,2971,174709000000,0.630,19
5602,2021-05-28 14:41:00.0000000,234.13499,234.14000,234.13000,234.13000,1139,174705000000,0.630,19
5603,2021-05-28 14:42:00.0000000,234.11000,234.13660,234.10001,234.12000,1994,174687000000,0.630,19
5604,2021-05-28 14:43:00.0000000,234.06500,234.12000,234.06500,234.12000,2362,174653000000,0.630,19
5605,2021-05-28 14:44:00.0000000,234.11189,234.13000,234.09000,234.09000,10714,174688000000,0.630,19
5606,2021-05-28 14:45:00.0000000,234.13000,234.13000,234.12000,234.12000,675,174702000000,0.630,19
5607,2021-05-28 14:46:00.0000000,234.13000,234.13000,234.10001,234.11000,2510,174702000000,0.630,19
5608,2021-05-28 14:47:00.0000000,234.14000,234.14000,234.09000,234.11000,5505,174709000000,0.630,19
5609,2021-05-28 14:48:00.0000000,234.16000,234.16000,234.14000,234.14000,2367,174724000000,0.630,19
5610,2021-05-28 14:49:00.0000000,234.25999,234.25999,234.16000,234.16000,7928,174799000000,0.630,19
5611,2021-05-28 14:50:00.0000000,234.14999,234.24500,234.12000,234.23000,6615,174717000000,0.630,19
5612,2021-05-28 14:51:00.0000000,234.19000,234.22000,234.16000,234.16000,2669,174746000000,0.630,19
5613,2021-05-28 14:52:00.0000000,234.09000,234.16000,234.09000,234.16000,3027,174672000000,0.630,19
5614,2021-05-28 14:53:00.0000000,234.16499,234.20000,234.11000,234.11000,2814,174728000000,0.630,19
5615,2021-05-28 14:54:00.0000000,234.22501,234.22501,234.17000,234.17000,1833,174773000000,0.630,19
5616,2021-05-28 14:55:00.0000000,234.17999,234.25000,234.17999,234.23000,5913,174739000000,0.630,19
5617,2021-05-28 14:56:00.0000000,234.19000,234.23000,234.17000,234.17999,4985,174746000000,0.630,19
5618,2021-05-28 14:57:00.0000000,234.13499,234.16000,234.12790,234.16000,3979,174705000000,0.630,19
5619,2021-05-28 14:58:00.0000000,234.14000,234.18100,234.14000,234.17500,1514,174709000000,0.630,19
5620,2021-05-28 14:59:00.0000000,234.14999,234.17000,234.11000,234.14999,2838,174717000000,0.630,19
5621,2021-05-28 15:00:00.0000000,234.25000,234.25999,234.10500,234.13000,12020,174791000000,0.630,19
5622,2021-05-28 09:30:00.0000000,203.83000,204.14999,203.74001,203.88000,65058,118155000000,0.960,20
5623,2021-05-28 09:31:00.0000000,203.69000,203.89000,203.69000,203.83000,5281,118074000000,0.960,20
5624,2021-05-28 09:32:00.0000000,203.66000,203.78999,203.36000,203.63000,8706,118057000000,0.960,20
5625,2021-05-28 09:33:00.0000000,203.73000,203.84000,203.53999,203.84000,5976,118097000000,0.960,20
5626,2021-05-28 09:34:00.0000000,204.14000,204.14999,203.81000,203.89000,7252,118335000000,0.960,20
5627,2021-05-28 09:35:00.0000000,204.25999,204.36000,204.14999,204.14999,10678,118404000000,0.960,20
5628,2021-05-28 09:36:00.0000000,204.19000,204.28999,204.17999,204.28999,3509,118364000000,0.960,20
5629,2021-05-28 09:37:00.0000000,204.05000,204.27000,204.03000,204.27000,6157,118283000000,0.960,20
5630,2021-05-28 09:38:00.0000000,203.80000,204.05000,203.80000,204.05000,6269,118138000000,0.960,20
5631,2021-05-28 09:39:00.0000000,204.12000,204.17999,204.07001,204.07001,2079,118323000000,0.960,20
5632,2021-05-28 09:40:00.0000000,203.89999,204.17000,203.88000,204.17000,2569,118196000000,0.960,20
5633,2021-05-28 09:41:00.0000000,203.88000,203.94920,203.80499,203.88000,4310,118184000000,0.960,20
5634,2021-05-28 09:42:00.0000000,203.89500,204.00000,203.89500,203.96001,2878,118193000000,0.960,20
5635,2021-05-28 09:43:00.0000000,204.08000,204.11000,204.03000,204.08000,1528,118300000000,0.960,20
5636,2021-05-28 09:44:00.0000000,204.08501,204.17000,204.00000,204.04500,3295,118303000000,0.960,20
5637,2021-05-28 09:45:00.0000000,204.14999,204.35001,204.03349,204.03349,6867,118341000000,0.960,20
5638,2021-05-28 09:46:00.0000000,204.30499,204.34000,204.09000,204.11000,2991,118430000000,0.960,20
5639,2021-05-28 09:47:00.0000000,204.36000,204.39211,204.28999,204.33000,4789,118462000000,0.960,20
5640,2021-05-28 09:48:00.0000000,204.14999,204.30000,204.14999,204.30000,6294,118341000000,0.960,20
5641,2021-05-28 09:49:00.0000000,204.06000,204.22000,204.02000,204.17000,6491,118288000000,0.960,20
5642,2021-05-28 09:50:00.0000000,204.17000,204.20000,204.00000,204.02000,7612,118352000000,0.960,20
5643,2021-05-28 09:51:00.0000000,203.94000,204.17999,203.91000,204.09000,6032,118219000000,0.960,20
5644,2021-05-28 09:52:00.0000000,204.01500,204.02000,203.89999,203.94000,4634,118262000000,0.960,20
5645,2021-05-28 09:53:00.0000000,204.10500,204.14999,204.00500,204.03000,2526,118315000000,0.960,20
5646,2021-05-28 09:54:00.0000000,204.10001,204.16000,204.08000,204.10001,2431,118312000000,0.960,20
5647,2021-05-28 09:55:00.0000000,204.13000,204.14999,204.08000,204.11000,2287,118329000000,0.960,20
5648,2021-05-28 09:56:00.0000000,204.03999,204.03999,203.96001,204.02000,2850,118277000000,0.960,20
5649,2021-05-28 09:57:00.0000000,204.00000,204.05000,203.95000,204.03000,16757,118254000000,0.960,20
5650,2021-05-28 09:58:00.0000000,203.82001,204.02000,203.75999,204.02000,2782,118149000000,0.960,20
5651,2021-05-28 09:59:00.0000000,204.09000,204.09000,203.91000,203.91000,6696,118306000000,0.960,20
5652,2021-05-28 10:00:00.0000000,203.98000,204.03999,203.90300,203.97501,8493,118242000000,0.960,20
5653,2021-05-28 10:01:00.0000000,204.16000,204.16000,203.91000,203.94501,4413,118346000000,0.960,20
5654,2021-05-28 10:02:00.0000000,204.06000,204.30000,204.05000,204.14999,8058,118288000000,0.960,20
5655,2021-05-28 10:03:00.0000000,204.11000,204.12000,204.02100,204.08501,2649,118317000000,0.960,20
5656,2021-05-28 10:04:00.0000000,204.19000,204.19000,204.09000,204.09000,7266,118364000000,0.960,20
5657,2021-05-28 10:05:00.0000000,204.20500,204.25000,204.08411,204.17999,4661,118373000000,0.960,20
5658,2021-05-28 10:06:00.0000000,204.00999,204.28000,203.99001,204.25999,4079,118259000000,0.960,20
5659,2021-05-28 10:07:00.0000000,203.98000,203.98000,203.89000,203.98000,6149,118242000000,0.960,20
5660,2021-05-28 10:08:00.0000000,204.09500,204.14999,203.95000,203.97000,4451,118309000000,0.960,20
5661,2021-05-28 10:09:00.0000000,204.17000,204.17999,204.09000,204.09000,2834,118352000000,0.960,20
5662,2021-05-28 10:10:00.0000000,204.03000,204.17000,204.00999,204.11000,5478,118271000000,0.960,20
5663,2021-05-28 10:11:00.0000000,203.85001,203.96001,203.85001,203.92500,2084,118167000000,0.960,20
5664,2021-05-28 10:12:00.0000000,203.67999,203.80000,203.62000,203.80000,3836,118068000000,0.960,20
5665,2021-05-28 10:13:00.0000000,203.64500,203.64500,203.56000,203.61011,2685,118048000000,0.960,20
5666,2021-05-28 10:14:00.0000000,203.53999,203.67000,203.53999,203.64000,3408,117987000000,0.960,20
5667,2021-05-28 10:15:00.0000000,203.55000,203.62990,203.51500,203.53999,5115,117993000000,0.960,20
5668,2021-05-28 10:16:00.0000000,203.61000,203.62000,203.50999,203.53000,4181,118028000000,0.960,20
5669,2021-05-28 10:17:00.0000000,203.45000,203.49001,203.35001,203.49001,4192,117935000000,0.960,20
5670,2021-05-28 10:18:00.0000000,203.61000,203.64999,203.47000,203.47000,4970,118028000000,0.960,20
5671,2021-05-28 10:19:00.0000000,203.66000,203.66000,203.52000,203.55000,4430,118057000000,0.960,20
5672,2021-05-28 10:20:00.0000000,203.61000,203.70000,203.57500,203.70000,4654,118028000000,0.960,20
5673,2021-05-28 10:21:00.0000000,203.49001,203.53999,203.48500,203.52000,1992,117958000000,0.960,20
5674,2021-05-28 10:22:00.0000000,203.55000,203.60001,203.45621,203.49001,3330,117993000000,0.960,20
5675,2021-05-28 10:23:00.0000000,203.57001,203.63000,203.50999,203.54500,2678,118004000000,0.960,20
5676,2021-05-28 10:24:00.0000000,203.59171,203.63000,203.54500,203.59000,5425,118017000000,0.960,20
5677,2021-05-28 10:25:00.0000000,203.52000,203.66000,203.49001,203.59000,2198,117975000000,0.960,20
5678,2021-05-28 10:26:00.0000000,203.63000,203.64000,203.50000,203.50000,2679,118039000000,0.960,20
5679,2021-05-28 10:27:00.0000000,203.64000,203.67999,203.62000,203.65500,3722,118045000000,0.960,20
5680,2021-05-28 10:28:00.0000000,203.74001,203.74001,203.63000,203.67999,5045,118103000000,0.960,20
5681,2021-05-28 10:29:00.0000000,203.77000,203.77000,203.70500,203.72000,3271,118120000000,0.960,20
5682,2021-05-28 10:30:00.0000000,203.75000,203.82500,203.73000,203.82500,3499,118109000000,0.960,20
5683,2021-05-28 10:31:00.0000000,203.74001,203.80360,203.68100,203.77000,3179,118103000000,0.960,20
5684,2021-05-28 10:32:00.0000000,203.73000,203.73000,203.73000,203.73000,789,118097000000,0.960,20
5685,2021-05-28 10:33:00.0000000,203.78500,203.81000,203.75000,203.75000,2049,118129000000,0.960,20
5686,2021-05-28 10:34:00.0000000,203.64999,203.77000,203.64999,203.77000,1114,118051000000,0.960,20
5687,2021-05-28 10:35:00.0000000,203.68500,203.68500,203.61530,203.66000,2789,118071000000,0.960,20
5688,2021-05-28 10:36:00.0000000,203.59000,203.68500,203.41000,203.64999,8354,118016000000,0.960,20
5689,2021-05-28 10:37:00.0000000,203.53000,203.59000,203.53000,203.59000,663,117981000000,0.960,20
5690,2021-05-28 10:38:00.0000000,203.45000,203.46001,203.45000,203.46001,1385,117935000000,0.960,20
5691,2021-05-28 10:39:00.0000000,203.42000,203.46001,203.41000,203.46001,1415,117917000000,0.960,20
5692,2021-05-28 10:40:00.0000000,203.45000,203.47501,203.36690,203.42000,2390,117935000000,0.960,20
5693,2021-05-28 10:41:00.0000000,203.27000,203.46001,203.27000,203.46001,3328,117831000000,0.960,20
5694,2021-05-28 10:42:00.0000000,203.35001,203.35001,203.17999,203.27000,5539,117877000000,0.960,20
5695,2021-05-28 10:43:00.0000000,203.42000,203.42000,203.34000,203.35001,916,117917000000,0.960,20
5696,2021-05-28 10:44:00.0000000,203.46001,203.51500,203.46001,203.50000,803,117941000000,0.960,20
5697,2021-05-28 10:45:00.0000000,203.42500,203.49001,203.42000,203.49001,1635,117920000000,0.960,20
5698,2021-05-28 10:46:00.0000000,203.41000,203.41000,203.37000,203.38499,857,117912000000,0.960,20
5699,2021-05-28 10:47:00.0000000,203.41000,203.42999,203.33501,203.35001,2667,117912000000,0.960,20
5700,2021-05-28 10:48:00.0000000,203.28999,203.35001,203.28000,203.35001,2228,117842000000,0.960,20
5701,2021-05-28 10:49:00.0000000,203.33000,203.35001,203.27000,203.27499,5718,117865000000,0.960,20
5702,2021-05-28 10:50:00.0000000,203.44000,203.47000,203.28000,203.30000,9824,117929000000,0.960,20
5703,2021-05-28 10:51:00.0000000,203.48000,203.49001,203.39999,203.42999,6857,117952000000,0.960,20
5704,2021-05-28 10:52:00.0000000,203.49500,203.53000,203.49500,203.53000,1166,117961000000,0.960,20
5705,2021-05-28 10:53:00.0000000,203.59000,203.60001,203.47501,203.50500,3065,118016000000,0.960,20
5706,2021-05-28 10:54:00.0000000,203.50000,203.58000,203.50000,203.58000,2526,117964000000,0.960,20
5707,2021-05-28 10:55:00.0000000,203.48500,203.51500,203.44749,203.51500,1726,117955000000,0.960,20
5708,2021-05-28 10:56:00.0000000,203.50999,203.53000,203.45000,203.45000,1733,117970000000,0.960,20
5709,2021-05-28 10:57:00.0000000,203.56000,203.59500,203.50999,203.52000,3725,117999000000,0.960,20
5710,2021-05-28 10:58:00.0000000,203.61501,203.62000,203.51500,203.53999,1413,118031000000,0.960,20
5711,2021-05-28 10:59:00.0000000,203.56500,203.69000,203.56500,203.62000,2853,118002000000,0.960,20
5712,2021-05-28 11:00:00.0000000,203.47520,203.55499,203.44000,203.55499,1245,117949000000,0.960,20
5713,2021-05-28 11:01:00.0000000,203.42000,203.44020,203.39000,203.44000,4225,117917000000,0.960,20
5714,2021-05-28 11:02:00.0000000,203.39999,203.46001,203.39920,203.45000,3854,117906000000,0.960,20
5715,2021-05-28 11:03:00.0000000,203.50999,203.52000,203.39000,203.39000,2569,117970000000,0.960,20
5716,2021-05-28 11:04:00.0000000,203.48000,203.50000,203.46500,203.48000,1531,117952000000,0.960,20
5717,2021-05-28 11:05:00.0000000,203.60001,203.60001,203.56500,203.59000,497,118022000000,0.960,20
5718,2021-05-28 11:06:00.0000000,203.64999,203.67000,203.62000,203.63000,1742,118051000000,0.960,20
5719,2021-05-28 11:07:00.0000000,203.56500,203.67000,203.56500,203.67000,1910,118002000000,0.960,20
5720,2021-05-28 11:08:00.0000000,203.52499,203.57001,203.52499,203.53999,1688,117978000000,0.960,20
5721,2021-05-28 11:09:00.0000000,203.52000,203.57730,203.50999,203.50999,1003,117975000000,0.960,20
5722,2021-05-28 11:10:00.0000000,203.56000,203.56000,203.50999,203.50999,1973,117999000000,0.960,20
5723,2021-05-28 11:11:00.0000000,203.51500,203.59000,203.51500,203.59000,868,117973000000,0.960,20
5724,2021-05-28 11:12:00.0000000,203.45000,203.56000,203.45000,203.56000,2109,117935000000,0.960,20
5725,2021-05-28 11:13:00.0000000,203.47501,203.48500,203.39999,203.39999,1899,117949000000,0.960,20
5726,2021-05-28 11:14:00.0000000,203.44051,203.46001,203.42000,203.46001,1181,117929000000,0.960,20
5727,2021-05-28 11:15:00.0000000,203.50999,203.50999,203.47501,203.47501,971,117970000000,0.960,20
5728,2021-05-28 11:16:00.0000000,203.74500,203.78000,203.53999,203.54649,8111,118106000000,0.960,20
5729,2021-05-28 11:17:00.0000000,203.73000,203.81000,203.73000,203.75500,6085,118097000000,0.960,20
5730,2021-05-28 11:18:00.0000000,203.66811,203.75999,203.66811,203.75000,2445,118061000000,0.960,20
5731,2021-05-28 11:19:00.0000000,203.71010,203.72600,203.66000,203.66000,1114,118086000000,0.960,20
5732,2021-05-28 11:20:00.0000000,203.74001,203.75999,203.71001,203.71001,1117,118103000000,0.960,20
5733,2021-05-28 11:21:00.0000000,203.72000,203.75999,203.70500,203.74001,1588,118091000000,0.960,20
5734,2021-05-28 11:22:00.0000000,203.75110,203.75110,203.70000,203.70000,671,118109000000,0.960,20
5735,2021-05-28 11:23:00.0000000,203.72501,203.72501,203.67500,203.70000,2214,118094000000,0.960,20
5736,2021-05-28 11:24:00.0000000,203.68500,203.70000,203.68500,203.70000,987,118071000000,0.960,20
5737,2021-05-28 11:25:00.0000000,203.70000,203.70500,203.66850,203.66850,1685,118080000000,0.960,20
5738,2021-05-28 11:26:00.0000000,203.69000,203.69000,203.67500,203.67999,1580,118074000000,0.960,20
5739,2021-05-28 11:27:00.0000000,203.67999,203.67999,203.64999,203.67999,1568,118068000000,0.960,20
5740,2021-05-28 11:28:00.0000000,203.75060,203.75060,203.64000,203.64000,2082,118109000000,0.960,20
5741,2021-05-28 11:29:00.0000000,203.71500,203.75000,203.69000,203.75000,1664,118088000000,0.960,20
5742,2021-05-28 11:30:00.0000000,203.72501,203.72501,203.72501,203.72501,377,118094000000,0.960,20
5743,2021-05-28 11:31:00.0000000,203.61501,203.70500,203.61501,203.70500,2692,118031000000,0.960,20
5744,2021-05-28 11:32:00.0000000,203.67999,203.69000,203.64000,203.64000,1949,118068000000,0.960,20
5745,2021-05-28 11:33:00.0000000,203.64000,203.70000,203.64000,203.70000,1754,118045000000,0.960,20
5746,2021-05-28 11:34:00.0000000,203.50500,203.59000,203.50500,203.59000,3598,117967000000,0.960,20
5747,2021-05-28 11:35:00.0000000,203.50999,203.50999,203.50999,203.50999,788,117970000000,0.960,20
5748,2021-05-28 11:36:00.0000000,203.51500,203.57500,203.51500,203.55000,1960,117973000000,0.960,20
5749,2021-05-28 11:37:00.0000000,203.56500,203.56500,203.52000,203.52000,1281,118002000000,0.960,20
5750,2021-05-28 11:38:00.0000000,203.60001,203.62810,203.59000,203.59000,1159,118022000000,0.960,20
5751,2021-05-28 11:39:00.0000000,203.67999,203.67999,203.60001,203.62000,1433,118068000000,0.960,20
5752,2021-05-28 11:40:00.0000000,203.70000,203.71001,203.66000,203.66000,4103,118080000000,0.960,20
5753,2021-05-28 11:41:00.0000000,203.73000,203.75000,203.70500,203.74001,3170,118097000000,0.960,20
5754,2021-05-28 11:42:00.0000000,203.75000,203.83000,203.75000,203.78000,7299,118109000000,0.960,20
5755,2021-05-28 11:43:00.0000000,203.78000,203.79500,203.73500,203.73500,2755,118126000000,0.960,20
5756,2021-05-28 11:44:00.0000000,203.79500,203.81000,203.74001,203.79390,4180,118135000000,0.960,20
5757,2021-05-28 11:45:00.0000000,203.86000,203.89000,203.74001,203.78500,8539,118173000000,0.960,20
5758,2021-05-28 11:46:00.0000000,203.81000,203.95000,203.81000,203.84500,7401,118144000000,0.960,20
5759,2021-05-28 11:47:00.0000000,203.89000,203.91000,203.85001,203.87000,5828,118190000000,0.960,20
5760,2021-05-28 11:48:00.0000000,203.98000,204.00000,203.94000,203.94000,3721,118242000000,0.960,20
5761,2021-05-28 11:49:00.0000000,204.10001,204.10001,203.94000,203.98990,6483,118312000000,0.960,20
5762,2021-05-28 11:50:00.0000000,203.94000,204.03000,203.94000,204.03000,2546,118219000000,0.960,20
5763,2021-05-28 11:51:00.0000000,203.86000,203.94000,203.86000,203.94000,1322,118173000000,0.960,20
5764,2021-05-28 11:52:00.0000000,203.81500,203.81500,203.81500,203.81500,361,118146000000,0.960,20
5765,2021-05-28 11:53:00.0000000,203.75500,203.78000,203.74001,203.78000,1859,118112000000,0.960,20
5766,2021-05-28 11:54:00.0000000,203.71500,203.74001,203.70000,203.74001,1856,118088000000,0.960,20
5767,2021-05-28 11:55:00.0000000,203.75999,203.75999,203.70500,203.71001,1077,118115000000,0.960,20
5768,2021-05-28 11:56:00.0000000,203.75000,203.77000,203.72000,203.77000,1711,118109000000,0.960,20
5769,2021-05-28 11:57:00.0000000,203.74001,203.74001,203.74001,203.74001,724,118103000000,0.960,20
5770,2021-05-28 11:58:00.0000000,203.72501,203.75000,203.72501,203.73000,1244,118094000000,0.960,20
5771,2021-05-28 11:59:00.0000000,203.60001,203.70000,203.59000,203.69000,2794,118022000000,0.960,20
5772,2021-05-28 12:00:00.0000000,203.58000,203.60001,203.52000,203.60001,1820,118010000000,0.960,20
5773,2021-05-28 12:01:00.0000000,203.55499,203.55499,203.55499,203.55499,575,117996000000,0.960,20
5774,2021-05-28 12:02:00.0000000,203.58000,203.58000,203.52000,203.55000,1397,118010000000,0.960,20
5775,2021-05-28 12:03:00.0000000,203.60001,203.60001,203.55009,203.58000,1714,118022000000,0.960,20
5776,2021-05-28 12:04:00.0000000,203.60001,203.60001,203.53000,203.58000,1423,118022000000,0.960,20
5777,2021-05-28 12:05:00.0000000,203.63000,203.63000,203.63000,203.63000,1105,118039000000,0.960,20
5778,2021-05-28 12:06:00.0000000,203.67999,203.67999,203.62500,203.67000,1613,118068000000,0.960,20
5779,2021-05-28 12:07:00.0000000,203.70000,203.70000,203.66000,203.66000,1047,118080000000,0.960,20
5780,2021-05-28 12:08:00.0000000,203.66499,203.72000,203.66499,203.71001,1674,118060000000,0.960,20
5781,2021-05-28 12:09:00.0000000,203.67999,203.67999,203.66499,203.67999,828,118068000000,0.960,20
5782,2021-05-28 12:10:00.0000000,203.64999,203.69000,203.64380,203.69000,1130,118051000000,0.960,20
5783,2021-05-28 12:11:00.0000000,203.62000,203.69000,203.62000,203.66000,1667,118033000000,0.960,20
5784,2021-05-28 12:12:00.0000000,203.61501,203.61501,203.59000,203.59000,807,118031000000,0.960,20
5785,2021-05-28 12:13:00.0000000,203.63000,203.63000,203.61060,203.63000,594,118039000000,0.960,20
5786,2021-05-28 12:14:00.0000000,203.69000,203.71001,203.62500,203.62500,1500,118074000000,0.960,20
5787,2021-05-28 12:15:00.0000000,203.62000,203.62000,203.61000,203.62000,576,118033000000,0.960,20
5788,2021-05-28 12:16:00.0000000,203.60001,203.61501,203.56000,203.61501,1796,118022000000,0.960,20
5789,2021-05-28 12:17:00.0000000,203.58000,203.58000,203.55000,203.55000,1446,118010000000,0.960,20
5790,2021-05-28 12:18:00.0000000,203.55000,203.56000,203.52000,203.52000,1662,117993000000,0.960,20
5791,2021-05-28 12:19:00.0000000,203.53000,203.53000,203.53000,203.53000,558,117981000000,0.960,20
5792,2021-05-28 12:20:00.0000000,203.60500,203.60500,203.55000,203.55000,1470,118025000000,0.960,20
5793,2021-05-28 12:21:00.0000000,203.49001,203.59000,203.49001,203.59000,2818,117958000000,0.960,20
5794,2021-05-28 12:22:00.0000000,203.50999,203.52000,203.48000,203.48000,1841,117970000000,0.960,20
5795,2021-05-28 12:23:00.0000000,203.48500,203.51520,203.48500,203.50999,1672,117955000000,0.960,20
5796,2021-05-28 12:24:00.0000000,203.47000,203.47000,203.42999,203.47000,1797,117946000000,0.960,20
5797,2021-05-28 12:25:00.0000000,203.42999,203.42999,203.42999,203.42999,252,117923000000,0.960,20
5798,2021-05-28 12:26:00.0000000,203.41499,203.45000,203.41000,203.45000,1396,117915000000,0.960,20
5799,2021-05-28 12:27:00.0000000,203.42999,203.42999,203.42999,203.42999,1081,117923000000,0.960,20
5800,2021-05-28 12:28:00.0000000,203.38000,203.42000,203.38000,203.39999,688,117894000000,0.960,20
5801,2021-05-28 12:29:00.0000000,203.37000,203.42999,203.37000,203.39999,2183,117889000000,0.960,20
5802,2021-05-28 12:30:00.0000000,203.30000,203.37000,203.30000,203.37000,3889,117848000000,0.960,20
5803,2021-05-28 12:31:00.0000000,203.31000,203.32001,203.31000,203.31190,984,117854000000,0.960,20
5804,2021-05-28 12:32:00.0000000,203.33000,203.35001,203.32001,203.32001,2031,117865000000,0.960,20
5805,2021-05-28 12:33:00.0000000,203.25999,203.27000,203.19600,203.27000,4587,117825000000,0.960,20
5806,2021-05-28 12:34:00.0000000,203.28000,203.32001,203.26500,203.26500,1298,117836000000,0.960,20
5807,2021-05-28 12:35:00.0000000,203.24001,203.25999,203.24001,203.25999,1644,117813000000,0.960,20
5808,2021-05-28 12:36:00.0000000,203.15581,203.24001,203.15581,203.24001,1233,117764000000,0.960,20
5809,2021-05-28 12:37:00.0000000,203.17500,203.21500,203.13000,203.13000,2594,117775000000,0.960,20
5810,2021-05-28 12:38:00.0000000,203.17999,203.17999,203.17500,203.17500,826,117778000000,0.960,20
5811,2021-05-28 12:39:00.0000000,203.19000,203.19000,203.16000,203.16000,672,117784000000,0.960,20
5812,2021-05-28 12:40:00.0000000,203.12500,203.21001,203.12500,203.21001,916,117746000000,0.960,20
5813,2021-05-28 12:41:00.0000000,203.13000,203.13499,203.10001,203.13000,1796,117749000000,0.960,20
5814,2021-05-28 12:42:00.0000000,203.16580,203.16580,203.12000,203.14000,1302,117770000000,0.960,20
5815,2021-05-28 12:43:00.0000000,203.20000,203.20000,203.17000,203.17000,1930,117790000000,0.960,20
5816,2021-05-28 12:44:00.0000000,203.16000,203.24860,203.14000,203.20000,2568,117767000000,0.960,20
5817,2021-05-28 12:45:00.0000000,203.14999,203.17999,203.14999,203.17000,1237,117761000000,0.960,20
5818,2021-05-28 12:46:00.0000000,203.17500,203.17500,203.13000,203.16000,2028,117775000000,0.960,20
5819,2021-05-28 12:47:00.0000000,203.21001,203.23000,203.19000,203.19000,2081,117796000000,0.960,20
5820,2021-05-28 12:48:00.0000000,202.92000,203.21001,202.91000,203.21001,7256,117628000000,0.960,20
5821,2021-05-28 12:49:00.0000000,203.00999,203.00999,202.96001,202.96001,1721,117680000000,0.960,20
5822,2021-05-28 12:50:00.0000000,202.98000,203.01190,202.98000,203.01190,922,117662000000,0.960,20
5823,2021-05-28 12:51:00.0000000,202.99001,203.02000,202.99001,203.02000,1399,117668000000,0.960,20
5824,2021-05-28 12:52:00.0000000,202.99001,202.99001,202.95500,202.99001,2405,117668000000,0.960,20
5825,2021-05-28 12:53:00.0000000,202.97160,202.99001,202.97160,202.99001,595,117658000000,0.960,20
5826,2021-05-28 12:54:00.0000000,202.98500,202.99001,202.98000,202.99001,1355,117665000000,0.960,20
5827,2021-05-28 12:55:00.0000000,202.95000,203.00999,202.95000,203.00000,1437,117645000000,0.960,20
5828,2021-05-28 12:56:00.0000000,202.95000,202.95000,202.95000,202.95000,148,117645000000,0.960,20
5829,2021-05-28 12:57:00.0000000,202.98959,202.98959,202.92000,202.95000,3054,117668000000,0.960,20
5830,2021-05-28 12:58:00.0000000,203.08000,203.08000,203.00999,203.00999,1139,117720000000,0.960,20
5831,2021-05-28 12:59:00.0000000,203.03000,203.08000,203.03000,203.08000,1870,117691000000,0.960,20
5832,2021-05-28 13:00:00.0000000,203.05000,203.06000,203.02000,203.05499,1803,117703000000,0.960,20
5833,2021-05-28 13:01:00.0000000,203.06000,203.06000,203.00999,203.06000,1483,117709000000,0.960,20
5834,2021-05-28 13:02:00.0000000,203.12000,203.12000,203.05499,203.08960,782,117744000000,0.960,20
5835,2021-05-28 13:03:00.0000000,203.13000,203.14500,203.12010,203.12010,1027,117749000000,0.960,20
5836,2021-05-28 13:04:00.0000000,203.14999,203.14999,203.12000,203.13000,1434,117761000000,0.960,20
5837,2021-05-28 13:05:00.0000000,203.12000,203.14000,203.12000,203.14000,819,117744000000,0.960,20
5838,2021-05-28 13:06:00.0000000,203.16000,203.16000,203.14000,203.14000,1760,117767000000,0.960,20
5839,2021-05-28 13:07:00.0000000,203.11000,203.14000,203.11000,203.14000,1359,117738000000,0.960,20
5840,2021-05-28 13:08:00.0000000,203.16000,203.16000,203.07001,203.10001,5913,117767000000,0.960,20
5841,2021-05-28 13:09:00.0000000,203.17000,203.17000,203.14999,203.14999,1604,117773000000,0.960,20
5842,2021-05-28 13:10:00.0000000,203.12000,203.14999,203.11000,203.14999,1836,117744000000,0.960,20
5843,2021-05-28 13:11:00.0000000,203.13710,203.13710,203.13710,203.13710,1285,117753000000,0.960,20
5844,2021-05-28 13:12:00.0000000,203.21001,203.21001,203.14000,203.14000,1181,117796000000,0.960,20
5845,2021-05-28 13:13:00.0000000,203.12981,203.19000,203.11000,203.19000,2700,117749000000,0.960,20
5846,2021-05-28 13:14:00.0000000,203.03000,203.10001,203.03000,203.10001,1645,117691000000,0.960,20
5847,2021-05-28 13:15:00.0000000,203.03000,203.05000,203.00500,203.03000,2266,117691000000,0.960,20
5848,2021-05-28 13:16:00.0000000,203.05000,203.11000,203.02499,203.06000,3441,117703000000,0.960,20
5849,2021-05-28 13:17:00.0000000,203.11000,203.11000,203.07001,203.07500,1416,117738000000,0.960,20
5850,2021-05-28 13:18:00.0000000,203.09000,203.11000,203.03999,203.06000,1550,117726000000,0.960,20
5851,2021-05-28 13:19:00.0000000,203.16000,203.16000,203.06000,203.09000,4481,117767000000,0.960,20
5852,2021-05-28 13:20:00.0000000,203.11000,203.14999,203.09000,203.14999,3063,117738000000,0.960,20
5853,2021-05-28 13:21:00.0000000,203.16000,203.17130,203.10500,203.10500,1399,117767000000,0.960,20
5854,2021-05-28 13:22:00.0000000,203.11000,203.13000,203.08000,203.13000,1846,117738000000,0.960,20
5855,2021-05-28 13:23:00.0000000,203.05000,203.11000,203.05000,203.11000,2441,117703000000,0.960,20
5856,2021-05-28 13:24:00.0000000,203.12000,203.12000,203.07001,203.07001,2449,117744000000,0.960,20
5857,2021-05-28 13:25:00.0000000,203.17000,203.17000,203.13499,203.13499,1424,117773000000,0.960,20
5858,2021-05-28 13:26:00.0000000,203.14000,203.14500,203.14000,203.14500,560,117755000000,0.960,20
5859,2021-05-28 13:27:00.0000000,203.22000,203.22000,203.17999,203.18500,777,117802000000,0.960,20
5860,2021-05-28 13:28:00.0000000,203.25000,203.27440,203.24001,203.24001,1268,117819000000,0.960,20
5861,2021-05-28 13:29:00.0000000,203.31000,203.31000,203.28999,203.28999,849,117854000000,0.960,20
5862,2021-05-28 13:30:00.0000000,203.30000,203.31500,203.26010,203.30000,1833,117848000000,0.960,20
5863,2021-05-28 13:31:00.0000000,203.27000,203.27499,203.25000,203.27499,1361,117831000000,0.960,20
5864,2021-05-28 13:32:00.0000000,203.27000,203.27319,203.25000,203.25000,534,117831000000,0.960,20
5865,2021-05-28 13:33:00.0000000,203.13000,203.25999,203.13000,203.25999,4957,117749000000,0.960,20
5866,2021-05-28 13:34:00.0000000,203.14999,203.17000,203.13000,203.14999,2871,117761000000,0.960,20
5867,2021-05-28 13:35:00.0000000,203.10001,203.11000,203.09000,203.11000,2006,117732000000,0.960,20
5868,2021-05-28 13:37:00.0000000,203.17999,203.17999,203.10001,203.10001,4543,117778000000,0.960,20
5869,2021-05-28 13:38:00.0000000,203.22000,203.24001,203.19501,203.19501,1115,117802000000,0.960,20
5870,2021-05-28 13:39:00.0000000,203.23000,203.23000,203.20000,203.21500,2550,117807000000,0.960,20
5871,2021-05-28 13:40:00.0000000,203.21001,203.28000,203.17999,203.28000,2281,117796000000,0.960,20
5872,2021-05-28 13:41:00.0000000,203.20000,203.25999,203.20000,203.21001,2211,117790000000,0.960,20
5873,2021-05-28 13:42:00.0000000,203.24001,203.24001,203.21001,203.21001,1603,117813000000,0.960,20
5874,2021-05-28 13:43:00.0000000,203.28040,203.28040,203.27000,203.27000,1620,117837000000,0.960,20
5875,2021-05-28 13:44:00.0000000,203.36000,203.38000,203.35001,203.36000,1351,117883000000,0.960,20
5876,2021-05-28 13:45:00.0000000,203.36971,203.38000,203.32001,203.32001,4834,117888000000,0.960,20
5877,2021-05-28 13:46:00.0000000,203.39999,203.39999,203.35001,203.35001,1949,117906000000,0.960,20
5878,2021-05-28 13:47:00.0000000,203.36000,203.41991,203.36000,203.39000,1791,117883000000,0.960,20
5879,2021-05-28 13:49:00.0000000,203.42999,203.48000,203.42000,203.42000,2574,117923000000,0.960,20
5880,2021-05-28 13:50:00.0000000,203.34000,203.42000,203.34000,203.42000,884,117871000000,0.960,20
5881,2021-05-28 13:51:00.0000000,203.35001,203.39999,203.35001,203.37000,2181,117877000000,0.960,20
5882,2021-05-28 13:52:00.0000000,203.33000,203.39000,203.33000,203.38000,1575,117865000000,0.960,20
5883,2021-05-28 13:53:00.0000000,203.33000,203.34000,203.32001,203.33000,1022,117865000000,0.960,20
5884,2021-05-28 13:54:00.0000000,203.31000,203.35001,203.31000,203.34000,3595,117854000000,0.960,20
5885,2021-05-28 13:55:00.0000000,203.28999,203.30499,203.26280,203.27901,3398,117842000000,0.960,20
5886,2021-05-28 13:56:00.0000000,203.34000,203.37000,203.30000,203.30000,2048,117871000000,0.960,20
5887,2021-05-28 13:57:00.0000000,203.33000,203.35001,203.32001,203.34000,1439,117865000000,0.960,20
5888,2021-05-28 13:58:00.0000000,203.38000,203.38499,203.32001,203.32001,1485,117894000000,0.960,20
5889,2021-05-28 13:59:00.0000000,203.46001,203.46001,203.39999,203.39999,2879,117941000000,0.960,20
5890,2021-05-28 14:00:00.0000000,203.50500,203.50999,203.49850,203.50000,2263,117967000000,0.960,20
5891,2021-05-28 14:01:00.0000000,203.52000,203.53000,203.50999,203.53000,1545,117975000000,0.960,20
5892,2021-05-28 14:02:00.0000000,203.53000,203.57001,203.52000,203.55000,2201,117981000000,0.960,20
5893,2021-05-28 14:03:00.0000000,203.46001,203.55000,203.42999,203.53000,2805,117941000000,0.960,20
5894,2021-05-28 14:04:00.0000000,203.42000,203.48000,203.42000,203.48000,2213,117917000000,0.960,20
5895,2021-05-28 14:05:00.0000000,203.39000,203.47000,203.39000,203.42500,2906,117900000000,0.960,20
5896,2021-05-28 14:06:00.0000000,203.34000,203.39000,203.34000,203.39000,3021,117871000000,0.960,20
5897,2021-05-28 14:07:00.0000000,203.36000,203.36000,203.31500,203.34000,1038,117883000000,0.960,20
5898,2021-05-28 14:08:00.0000000,203.32001,203.38000,203.28999,203.36000,3152,117860000000,0.960,20
5899,2021-05-28 14:09:00.0000000,203.30000,203.34000,203.30000,203.33000,1872,117848000000,0.960,20
5900,2021-05-28 14:10:00.0000000,203.29990,203.29990,203.25999,203.27000,1780,117848000000,0.960,20
5901,2021-05-28 14:11:00.0000000,203.21001,203.25000,203.21001,203.25000,2734,117796000000,0.960,20
5902,2021-05-28 14:12:00.0000000,203.23000,203.23000,203.17619,203.20000,1895,117807000000,0.960,20
5903,2021-05-28 14:13:00.0000000,203.22000,203.25000,203.17000,203.24001,2889,117802000000,0.960,20
5904,2021-05-28 14:14:00.0000000,203.22301,203.22301,203.17999,203.17999,1155,117803000000,0.960,20
5905,2021-05-28 14:15:00.0000000,203.17000,203.25000,203.16499,203.25000,1603,117773000000,0.960,20
5906,2021-05-28 14:16:00.0000000,203.19000,203.20000,203.17999,203.17999,1390,117784000000,0.960,20
5907,2021-05-28 14:17:00.0000000,203.16499,203.17500,203.11000,203.14999,1959,117770000000,0.960,20
5908,2021-05-28 14:18:00.0000000,203.19000,203.22000,203.17000,203.19000,2797,117784000000,0.960,20
5909,2021-05-28 14:19:00.0000000,203.19000,203.19000,203.17000,203.17000,2085,117784000000,0.960,20
5910,2021-05-28 14:20:00.0000000,203.24001,203.24001,203.19000,203.19000,2914,117813000000,0.960,20
5911,2021-05-28 14:21:00.0000000,203.14999,203.23500,203.14999,203.23500,3353,117761000000,0.960,20
5912,2021-05-28 14:22:00.0000000,203.12000,203.17000,203.10500,203.16000,1665,117744000000,0.960,20
5913,2021-05-28 14:23:00.0000000,203.13840,203.20000,203.13840,203.14000,2630,117754000000,0.960,20
5914,2021-05-28 14:24:00.0000000,203.13000,203.17999,203.13000,203.17999,3000,117749000000,0.960,20
5915,2021-05-28 14:25:00.0000000,203.09000,203.14000,203.09000,203.14000,4076,117726000000,0.960,20
5916,2021-05-28 14:26:00.0000000,203.09000,203.14000,203.08000,203.11000,2537,117726000000,0.960,20
5917,2021-05-28 14:27:00.0000000,203.07001,203.08000,203.07001,203.08000,1034,117715000000,0.960,20
5918,2021-05-28 14:28:00.0000000,203.07500,203.08000,203.07001,203.07001,2687,117717000000,0.960,20
5919,2021-05-28 14:29:00.0000000,203.10001,203.13000,203.10001,203.11000,2480,117732000000,0.960,20
5920,2021-05-28 14:30:00.0000000,203.14999,203.14999,203.05000,203.07001,6520,117761000000,0.960,20
5921,2021-05-28 14:31:00.0000000,203.16000,203.16000,203.13000,203.16000,1253,117767000000,0.960,20
5922,2021-05-28 14:32:00.0000000,203.20500,203.23000,203.14500,203.14500,2905,117793000000,0.960,20
5923,2021-05-28 14:33:00.0000000,203.13789,203.20500,203.13789,203.20500,5267,117754000000,0.960,20
5924,2021-05-28 14:34:00.0000000,203.24001,203.25999,203.11000,203.13000,7573,117813000000,0.960,20
5925,2021-05-28 14:35:00.0000000,203.22501,203.25000,203.20500,203.20500,2225,117804000000,0.960,20
5926,2021-05-28 14:36:00.0000000,203.29500,203.31000,203.28999,203.28999,1015,117845000000,0.960,20
5927,2021-05-28 14:37:00.0000000,203.28000,203.30000,203.25999,203.25999,1131,117836000000,0.960,20
5928,2021-05-28 14:38:00.0000000,203.25999,203.29500,203.25999,203.28000,2155,117825000000,0.960,20
5929,2021-05-28 14:39:00.0000000,203.28000,203.28999,203.22000,203.28000,2920,117836000000,0.960,20
5930,2021-05-28 14:40:00.0000000,203.27000,203.27000,203.25999,203.26730,1069,117831000000,0.960,20
5931,2021-05-28 14:41:00.0000000,203.23000,203.25999,203.23000,203.25999,614,117807000000,0.960,20
5932,2021-05-28 14:42:00.0000000,203.22000,203.23000,203.22000,203.23000,1051,117802000000,0.960,20
5933,2021-05-28 14:43:00.0000000,203.17000,203.21001,203.17000,203.19000,2567,117773000000,0.960,20
5934,2021-05-28 14:44:00.0000000,203.24001,203.24001,203.17999,203.17999,1516,117813000000,0.960,20
5935,2021-05-28 14:45:00.0000000,203.17000,203.22000,203.17000,203.22000,1046,117773000000,0.960,20
5936,2021-05-28 14:46:00.0000000,203.16170,203.17000,203.16000,203.17000,1864,117768000000,0.960,20
5937,2021-05-28 14:47:00.0000000,203.19000,203.19000,203.14120,203.14999,2453,117784000000,0.960,20
5938,2021-05-28 14:48:00.0000000,203.23000,203.24170,203.23000,203.24001,1097,117807000000,0.960,20
5939,2021-05-28 14:49:00.0000000,203.27000,203.28000,203.24001,203.24001,2266,117831000000,0.960,20
5940,2021-05-28 14:50:00.0000000,203.25000,203.28999,203.23000,203.28000,1394,117819000000,0.960,20
5941,2021-05-28 14:51:00.0000000,203.27000,203.28000,203.21001,203.25000,3297,117831000000,0.960,20
5942,2021-05-28 14:52:00.0000000,203.25290,203.25290,203.25290,203.25290,515,117821000000,0.960,20
5943,2021-05-28 14:53:00.0000000,203.25000,203.28000,203.23000,203.23000,1872,117819000000,0.960,20
5944,2021-05-28 14:54:00.0000000,203.19000,203.20000,203.17999,203.20000,1408,117784000000,0.960,20
5945,2021-05-28 14:55:00.0000000,203.25000,203.25000,203.20000,203.20000,1828,117819000000,0.960,20
5946,2021-05-28 14:56:00.0000000,203.27000,203.27341,203.22000,203.24001,2370,117831000000,0.960,20
5947,2021-05-28 14:57:00.0000000,203.24001,203.28000,203.21600,203.28000,3283,117813000000,0.960,20
5948,2021-05-28 14:58:00.0000000,203.21001,203.30000,203.19000,203.30000,2871,117796000000,0.960,20
5949,2021-05-28 14:59:00.0000000,203.22000,203.23000,203.22000,203.23000,1336,117802000000,0.960,20
5950,2021-05-28 15:00:00.0000000,203.24001,203.25000,203.17999,203.20000,2811,117813000000,0.960,20
5951,2021-05-28 09:30:00.0000000,75.97000,76.03000,75.96000,76.02000,29052,192360000000,0.400,21
5952,2021-05-28 09:31:00.0000000,75.99000,76.03000,75.97000,76.01000,5075,192411000000,0.400,21
5953,2021-05-28 09:32:00.0000000,75.99000,76.04000,75.99000,76.01000,9499,192411000000,0.400,21
5954,2021-05-28 09:33:00.0000000,76.02000,76.03000,76.00000,76.01000,2240,192487000000,0.400,21
5955,2021-05-28 09:34:00.0000000,76.20000,76.20000,75.98000,76.02000,346951,192943000000,0.400,21
5956,2021-05-28 09:35:00.0000000,76.14500,76.31500,76.12500,76.20900,176449,192804000000,0.400,21
5957,2021-05-28 09:36:00.0000000,76.13000,76.19000,76.09000,76.14000,110065,192766000000,0.400,21
5958,2021-05-28 09:37:00.0000000,76.22000,76.24000,76.09000,76.12000,107820,192993000000,0.400,21
5959,2021-05-28 09:38:00.0000000,76.17000,76.31500,76.17000,76.20000,101820,192867000000,0.400,21
5960,2021-05-28 09:39:00.0000000,76.16000,76.19500,76.14000,76.19500,76272,192842000000,0.400,21
5961,2021-05-28 09:40:00.0000000,76.26750,76.27000,76.14000,76.17000,44853,193114000000,0.400,21
5962,2021-05-28 09:41:00.0000000,76.23000,76.32000,76.22000,76.27000,60257,193019000000,0.400,21
5963,2021-05-28 09:42:00.0000000,76.13000,76.24500,76.12000,76.23000,52758,192766000000,0.400,21
5964,2021-05-28 09:43:00.0000000,76.06000,76.15500,75.99000,76.12600,69798,192588000000,0.400,21
5965,2021-05-28 09:44:00.0000000,76.06000,76.10000,76.04000,76.06000,25556,192588000000,0.400,21
5966,2021-05-28 09:45:00.0000000,76.05990,76.09000,76.00000,76.07000,55764,192588000000,0.400,21
5967,2021-05-28 09:46:00.0000000,76.12500,76.12500,75.98640,76.05000,41540,192753000000,0.400,21
5968,2021-05-28 09:47:00.0000000,76.33000,76.36520,76.12500,76.12500,84413,193272000000,0.400,21
5969,2021-05-28 09:48:00.0000000,76.19000,76.35000,76.18000,76.33000,51925,192918000000,0.400,21
5970,2021-05-28 09:49:00.0000000,76.16500,76.23000,76.16000,76.19500,15940,192854000000,0.400,21
5971,2021-05-28 09:50:00.0000000,76.16000,76.17500,76.09500,76.16500,25171,192842000000,0.400,21
5972,2021-05-28 09:51:00.0000000,76.23500,76.25000,76.14000,76.17000,31781,193031000000,0.400,21
5973,2021-05-28 09:52:00.0000000,76.09000,76.24000,76.09000,76.23500,53404,192664000000,0.400,21
5974,2021-05-28 09:53:00.0000000,76.06500,76.13000,76.03500,76.09000,51840,192601000000,0.400,21
5975,2021-05-28 09:54:00.0000000,76.03000,76.06000,76.01000,76.06000,23514,192512000000,0.400,21
5976,2021-05-28 09:55:00.0000000,75.98180,76.05000,75.98000,76.03000,65893,192390000000,0.400,21
5977,2021-05-28 09:56:00.0000000,75.99000,76.03500,75.98000,75.98500,42062,192411000000,0.400,21
5978,2021-05-28 09:57:00.0000000,75.98500,76.01000,75.98000,75.99000,35778,192398000000,0.400,21
5979,2021-05-28 09:58:00.0000000,75.99000,76.00700,75.93000,75.98000,50992,192411000000,0.400,21
5980,2021-05-28 09:59:00.0000000,76.00000,76.00500,75.96000,75.99000,19872,192436000000,0.400,21
5981,2021-05-28 10:00:00.0000000,76.11000,76.12000,75.99000,76.00000,38757,192715000000,0.400,21
5982,2021-05-28 10:01:00.0000000,76.03500,76.10000,76.03000,76.10000,39070,192525000000,0.400,21
5983,2021-05-28 10:02:00.0000000,76.03090,76.05850,76.00000,76.03500,29902,192515000000,0.400,21
5984,2021-05-28 10:03:00.0000000,76.03500,76.06000,76.03000,76.04000,13841,192525000000,0.400,21
5985,2021-05-28 10:04:00.0000000,76.11500,76.12000,76.03000,76.03000,52615,192728000000,0.400,21
5986,2021-05-28 10:05:00.0000000,76.24000,76.25000,76.08040,76.11500,47570,193044000000,0.400,21
5987,2021-05-28 10:06:00.0000000,76.25860,76.30500,76.24730,76.25000,71381,193091000000,0.400,21
5988,2021-05-28 10:07:00.0000000,76.40000,76.40000,76.25000,76.25000,29722,193449000000,0.400,21
5989,2021-05-28 10:08:00.0000000,76.31000,76.40000,76.27000,76.40000,38206,193221000000,0.400,21
5990,2021-05-28 10:09:00.0000000,76.28000,76.30150,76.28000,76.30150,25080,193145000000,0.400,21
5991,2021-05-28 10:10:00.0000000,76.26000,76.29000,76.25000,76.28000,18092,193095000000,0.400,21
5992,2021-05-28 10:11:00.0000000,76.36000,76.36000,76.25010,76.25500,29610,193348000000,0.400,21
5993,2021-05-28 10:12:00.0000000,76.19000,76.35210,76.16000,76.35210,138699,192918000000,0.400,21
5994,2021-05-28 10:13:00.0000000,76.21500,76.22000,76.18000,76.19000,37246,192981000000,0.400,21
5995,2021-05-28 10:14:00.0000000,76.25000,76.27000,76.21500,76.21500,25794,193069000000,0.400,21
5996,2021-05-28 10:15:00.0000000,76.22000,76.25500,76.21000,76.25000,15290,192993000000,0.400,21
5997,2021-05-28 10:16:00.0000000,76.19000,76.28000,76.19000,76.21500,17795,192918000000,0.400,21
5998,2021-05-28 10:17:00.0000000,76.19500,76.20500,76.18000,76.18060,20993,192930000000,0.400,21
5999,2021-05-28 10:18:00.0000000,76.19000,76.20000,76.16000,76.19000,23762,192918000000,0.400,21
6000,2021-05-28 10:19:00.0000000,76.18990,76.22000,76.18000,76.20000,70159,192917000000,0.400,21
6001,2021-05-28 10:20:00.0000000,76.18000,76.21000,76.17500,76.19000,18844,192892000000,0.400,21
6002,2021-05-28 10:21:00.0000000,76.18460,76.19000,76.16000,76.17500,10730,192904000000,0.400,21
6003,2021-05-28 10:22:00.0000000,76.20000,76.20500,76.16500,76.18000,18346,192943000000,0.400,21
6004,2021-05-28 10:23:00.0000000,76.23000,76.23000,76.18000,76.19500,52871,193019000000,0.400,21
6005,2021-05-28 10:24:00.0000000,76.27500,76.28000,76.22500,76.23000,28958,193133000000,0.400,21
6006,2021-05-28 10:25:00.0000000,76.26000,76.28000,76.24500,76.28000,33245,193095000000,0.400,21
6007,2021-05-28 10:26:00.0000000,76.22500,76.26000,76.20000,76.26000,31537,193006000000,0.400,21
6008,2021-05-28 10:27:00.0000000,76.19000,76.23500,76.18000,76.22310,18032,192918000000,0.400,21
6009,2021-05-28 10:28:00.0000000,76.19000,76.23000,76.18000,76.18000,16038,192918000000,0.400,21
6010,2021-05-28 10:29:00.0000000,76.21000,76.22000,76.18600,76.18600,40215,192968000000,0.400,21
6011,2021-05-28 10:30:00.0000000,76.29000,76.30000,76.19300,76.22000,26858,193171000000,0.400,21
6012,2021-05-28 10:31:00.0000000,76.22500,76.31000,76.22000,76.29500,29022,193006000000,0.400,21
6013,2021-05-28 10:32:00.0000000,76.23500,76.24000,76.19000,76.22500,23600,193031000000,0.400,21
6014,2021-05-28 10:33:00.0000000,76.21000,76.24500,76.20000,76.23500,29272,192968000000,0.400,21
6015,2021-05-28 10:34:00.0000000,76.21000,76.21000,76.18500,76.20500,25796,192968000000,0.400,21
6016,2021-05-28 10:35:00.0000000,76.15000,76.22000,76.15000,76.21000,16269,192816000000,0.400,21
6017,2021-05-28 10:36:00.0000000,76.14620,76.16000,76.13000,76.16000,16705,192807000000,0.400,21
6018,2021-05-28 10:37:00.0000000,76.16000,76.16000,76.11000,76.14000,25751,192842000000,0.400,21
6019,2021-05-28 10:38:00.0000000,76.16000,76.16000,76.12000,76.16000,12941,192842000000,0.400,21
6020,2021-05-28 10:39:00.0000000,76.16000,76.17500,76.15500,76.17000,11643,192842000000,0.400,21
6021,2021-05-28 10:40:00.0000000,76.14860,76.17000,76.14000,76.17000,23307,192813000000,0.400,21
6022,2021-05-28 10:41:00.0000000,76.18000,76.18000,76.11500,76.14000,13718,192892000000,0.400,21
6023,2021-05-28 10:42:00.0000000,76.20000,76.21500,76.18000,76.18500,15782,192943000000,0.400,21
6024,2021-05-28 10:43:00.0000000,76.20000,76.22110,76.20000,76.20000,25410,192943000000,0.400,21
6025,2021-05-28 10:44:00.0000000,76.19000,76.20990,76.19000,76.20720,14867,192918000000,0.400,21
6026,2021-05-28 10:45:00.0000000,76.18000,76.22000,76.18000,76.20500,33853,192892000000,0.400,21
6027,2021-05-28 10:46:00.0000000,76.18500,76.21000,76.18000,76.20000,22983,192905000000,0.400,21
6028,2021-05-28 10:47:00.0000000,76.19000,76.21000,76.18000,76.18500,23011,192918000000,0.400,21
6029,2021-05-28 10:48:00.0000000,76.19410,76.20000,76.18000,76.19000,18676,192928000000,0.400,21
6030,2021-05-28 10:49:00.0000000,76.19500,76.24000,76.18500,76.19500,29453,192930000000,0.400,21
6031,2021-05-28 10:50:00.0000000,76.22000,76.22000,76.19000,76.19500,20286,192993000000,0.400,21
6032,2021-05-28 10:51:00.0000000,76.20710,76.24000,76.20710,76.23000,12665,192961000000,0.400,21
6033,2021-05-28 10:52:00.0000000,76.20000,76.22000,76.19000,76.21000,22887,192943000000,0.400,21
6034,2021-05-28 10:53:00.0000000,76.16000,76.19000,76.15310,76.19000,9408,192842000000,0.400,21
6035,2021-05-28 10:54:00.0000000,76.14490,76.16500,76.13000,76.16390,11948,192803000000,0.400,21
6036,2021-05-28 10:55:00.0000000,76.10000,76.14500,76.08300,76.14500,12206,192690000000,0.400,21
6037,2021-05-28 10:56:00.0000000,76.06000,76.09990,76.06000,76.09200,9504,192588000000,0.400,21
6038,2021-05-28 10:57:00.0000000,76.11000,76.12000,76.06000,76.06500,23576,192715000000,0.400,21
6039,2021-05-28 10:58:00.0000000,76.14500,76.15000,76.11000,76.11000,15754,192804000000,0.400,21
6040,2021-05-28 10:59:00.0000000,76.15500,76.17000,76.15000,76.15000,16819,192829000000,0.400,21
6041,2021-05-28 11:00:00.0000000,76.11500,76.14990,76.10500,76.14000,22688,192728000000,0.400,21
6042,2021-05-28 11:01:00.0000000,76.14500,76.14500,76.11000,76.12000,16457,192804000000,0.400,21
6043,2021-05-28 11:02:00.0000000,76.13500,76.15000,76.13000,76.14500,16475,192778000000,0.400,21
6044,2021-05-28 11:03:00.0000000,76.13000,76.15000,76.13000,76.14000,15779,192766000000,0.400,21
6045,2021-05-28 11:04:00.0000000,76.14000,76.15000,76.12000,76.13500,10181,192791000000,0.400,21
6046,2021-05-28 11:05:00.0000000,76.19780,76.20000,76.14000,76.14000,25069,192937000000,0.400,21
6047,2021-05-28 11:06:00.0000000,76.17000,76.21500,76.16000,76.19500,43699,192867000000,0.400,21
6048,2021-05-28 11:07:00.0000000,76.17000,76.17500,76.15000,76.16000,14832,192867000000,0.400,21
6049,2021-05-28 11:08:00.0000000,76.19500,76.20000,76.17000,76.17000,17571,192930000000,0.400,21
6050,2021-05-28 11:09:00.0000000,76.21000,76.21000,76.18000,76.19000,23075,192968000000,0.400,21
6051,2021-05-28 11:10:00.0000000,76.23000,76.23500,76.19000,76.21990,20857,193019000000,0.400,21
6052,2021-05-28 11:11:00.0000000,76.22000,76.23000,76.19500,76.23000,9750,192993000000,0.400,21
6053,2021-05-28 11:12:00.0000000,76.22000,76.23000,76.21000,76.22000,11199,192993000000,0.400,21
6054,2021-05-28 11:13:00.0000000,76.19000,76.24000,76.18000,76.22000,25464,192918000000,0.400,21
6055,2021-05-28 11:14:00.0000000,76.20810,76.22000,76.18750,76.19000,22625,192963000000,0.400,21
6056,2021-05-28 11:15:00.0000000,76.19000,76.20000,76.16000,76.20000,18948,192918000000,0.400,21
6057,2021-05-28 11:16:00.0000000,76.20000,76.20800,76.18000,76.18500,9582,192943000000,0.400,21
6058,2021-05-28 11:17:00.0000000,76.18000,76.21000,76.18000,76.19500,27144,192892000000,0.400,21
6059,2021-05-28 11:18:00.0000000,76.19000,76.19000,76.17000,76.18000,11856,192918000000,0.400,21
6060,2021-05-28 11:19:00.0000000,76.21000,76.21500,76.19000,76.20000,23535,192968000000,0.400,21
6061,2021-05-28 11:20:00.0000000,76.20000,76.22000,76.20000,76.21000,12603,192943000000,0.400,21
6062,2021-05-28 11:21:00.0000000,76.19500,76.20500,76.17000,76.19500,23649,192930000000,0.400,21
6063,2021-05-28 11:22:00.0000000,76.19500,76.20000,76.18000,76.19000,30832,192930000000,0.400,21
6064,2021-05-28 11:23:00.0000000,76.18500,76.19000,76.18000,76.18500,8687,192905000000,0.400,21
6065,2021-05-28 11:24:00.0000000,76.20500,76.20700,76.18000,76.19000,17763,192955000000,0.400,21
6066,2021-05-28 11:25:00.0000000,76.20560,76.21000,76.19000,76.20500,12836,192957000000,0.400,21
6067,2021-05-28 11:26:00.0000000,76.20000,76.22700,76.19000,76.21000,22209,192943000000,0.400,21
6068,2021-05-28 11:27:00.0000000,76.21000,76.21000,76.19000,76.19900,12221,192968000000,0.400,21
6069,2021-05-28 11:28:00.0000000,76.21000,76.21000,76.18500,76.20500,25744,192968000000,0.400,21
6070,2021-05-28 11:29:00.0000000,76.20000,76.21000,76.19000,76.21000,35945,192943000000,0.400,21
6071,2021-05-28 11:30:00.0000000,76.21500,76.21500,76.20000,76.20000,12598,192981000000,0.400,21
6072,2021-05-28 11:31:00.0000000,76.22000,76.25000,76.21500,76.22000,22871,192993000000,0.400,21
6073,2021-05-28 11:32:00.0000000,76.24500,76.26000,76.22000,76.22000,12192,193057000000,0.400,21
6074,2021-05-28 11:33:00.0000000,76.23410,76.24390,76.23000,76.24010,11641,193029000000,0.400,21
6075,2021-05-28 11:34:00.0000000,76.23500,76.24500,76.21000,76.23000,15048,193031000000,0.400,21
6076,2021-05-28 11:35:00.0000000,76.23000,76.25000,76.22000,76.23000,22443,193019000000,0.400,21
6077,2021-05-28 11:36:00.0000000,76.26500,76.28000,76.23000,76.24000,76050,193107000000,0.400,21
6078,2021-05-28 11:37:00.0000000,76.29000,76.29000,76.26000,76.26500,16411,193171000000,0.400,21
6079,2021-05-28 11:38:00.0000000,76.32500,76.34000,76.28500,76.28500,16637,193259000000,0.400,21
6080,2021-05-28 11:39:00.0000000,76.26500,76.34000,76.26000,76.32000,27538,193107000000,0.400,21
6081,2021-05-28 11:40:00.0000000,76.27000,76.28000,76.25000,76.26000,24627,193120000000,0.400,21
6082,2021-05-28 11:41:00.0000000,76.24000,76.28000,76.24000,76.26500,14756,193044000000,0.400,21
6083,2021-05-28 11:42:00.0000000,76.24500,76.26000,76.24000,76.24000,14702,193057000000,0.400,21
6084,2021-05-28 11:43:00.0000000,76.21000,76.25000,76.21000,76.24500,13242,192968000000,0.400,21
6085,2021-05-28 11:44:00.0000000,76.21000,76.21500,76.19500,76.21000,30187,192968000000,0.400,21
6086,2021-05-28 11:45:00.0000000,76.19500,76.21000,76.19500,76.20600,19206,192930000000,0.400,21
6087,2021-05-28 11:46:00.0000000,76.19500,76.21000,76.17000,76.19500,33182,192930000000,0.400,21
6088,2021-05-28 11:47:00.0000000,76.19000,76.21000,76.17000,76.19000,52008,192918000000,0.400,21
6089,2021-05-28 11:48:00.0000000,76.19990,76.20000,76.18360,76.19000,15031,192943000000,0.400,21
6090,2021-05-28 11:49:00.0000000,76.20000,76.21000,76.19320,76.20000,23813,192943000000,0.400,21
6091,2021-05-28 11:50:00.0000000,76.18500,76.20000,76.18000,76.19500,47998,192905000000,0.400,21
6092,2021-05-28 11:51:00.0000000,76.20000,76.20000,76.18000,76.19000,9860,192943000000,0.400,21
6093,2021-05-28 11:52:00.0000000,76.17580,76.21000,76.17000,76.19330,8372,192882000000,0.400,21
6094,2021-05-28 11:53:00.0000000,76.17300,76.19500,76.17000,76.17000,14724,192874000000,0.400,21
6095,2021-05-28 11:54:00.0000000,76.15000,76.18000,76.15000,76.17680,9277,192816000000,0.400,21
6096,2021-05-28 11:55:00.0000000,76.14010,76.16500,76.14010,76.16000,6599,192791000000,0.400,21
6097,2021-05-28 11:56:00.0000000,76.18000,76.18000,76.14000,76.14990,6052,192892000000,0.400,21
6098,2021-05-28 11:57:00.0000000,76.20000,76.21000,76.17990,76.18000,16941,192943000000,0.400,21
6099,2021-05-28 11:58:00.0000000,76.18500,76.20000,76.18000,76.19500,8385,192905000000,0.400,21
6100,2021-05-28 11:59:00.0000000,76.15000,76.18000,76.15000,76.18000,13645,192816000000,0.400,21
6101,2021-05-28 12:00:00.0000000,76.10500,76.15500,76.10500,76.15000,15048,192702000000,0.400,21
6102,2021-05-28 12:01:00.0000000,76.09000,76.10990,76.08000,76.10000,11871,192664000000,0.400,21
6103,2021-05-28 12:02:00.0000000,76.07000,76.09000,76.06500,76.09000,12709,192614000000,0.400,21
6104,2021-05-28 12:03:00.0000000,76.10000,76.10000,76.07250,76.07500,16453,192690000000,0.400,21
6105,2021-05-28 12:04:00.0000000,76.06990,76.09000,76.06000,76.09000,6941,192613000000,0.400,21
6106,2021-05-28 12:05:00.0000000,76.11000,76.11000,76.06500,76.07000,9233,192715000000,0.400,21
6107,2021-05-28 12:06:00.0000000,76.10000,76.11000,76.09000,76.10330,9375,192690000000,0.400,21
6108,2021-05-28 12:07:00.0000000,76.14000,76.14000,76.09000,76.09500,8693,192791000000,0.400,21
6109,2021-05-28 12:08:00.0000000,76.16000,76.16000,76.13000,76.14000,16467,192842000000,0.400,21
6110,2021-05-28 12:09:00.0000000,76.13000,76.17500,76.12500,76.15500,13669,192766000000,0.400,21
6111,2021-05-28 12:10:00.0000000,76.12000,76.12500,76.10000,76.12000,10205,192740000000,0.400,21
6112,2021-05-28 12:11:00.0000000,76.11000,76.13000,76.11000,76.12500,8353,192715000000,0.400,21
6113,2021-05-28 12:12:00.0000000,76.11000,76.13000,76.10000,76.12000,19655,192715000000,0.400,21
6114,2021-05-28 12:13:00.0000000,76.12500,76.12500,76.10000,76.10000,15130,192753000000,0.400,21
6115,2021-05-28 12:14:00.0000000,76.13000,76.15000,76.12010,76.13000,9062,192766000000,0.400,21
6116,2021-05-28 12:15:00.0000000,76.08730,76.13000,76.08500,76.13000,13360,192657000000,0.400,21
6117,2021-05-28 12:16:00.0000000,76.05500,76.08000,76.05500,76.08000,14745,192576000000,0.400,21
6118,2021-05-28 12:17:00.0000000,76.06000,76.06000,76.04000,76.05500,11091,192588000000,0.400,21
6119,2021-05-28 12:18:00.0000000,76.09000,76.09000,76.05000,76.05000,17620,192664000000,0.400,21
6120,2021-05-28 12:19:00.0000000,76.03500,76.09000,76.03000,76.09000,16086,192525000000,0.400,21
6121,2021-05-28 12:20:00.0000000,76.05500,76.06000,76.02500,76.03000,8459,192576000000,0.400,21
6122,2021-05-28 12:21:00.0000000,76.05500,76.06000,76.04000,76.05000,12179,192576000000,0.400,21
6123,2021-05-28 12:22:00.0000000,76.03500,76.05000,76.03000,76.05000,10644,192525000000,0.400,21
6124,2021-05-28 12:23:00.0000000,76.03500,76.04000,76.01000,76.03000,20027,192525000000,0.400,21
6125,2021-05-28 12:24:00.0000000,76.03000,76.04500,76.02000,76.04000,15698,192512000000,0.400,21
6126,2021-05-28 12:25:00.0000000,76.03000,76.03000,76.01500,76.03000,13034,192512000000,0.400,21
6127,2021-05-28 12:26:00.0000000,76.04000,76.04000,76.02000,76.02000,14451,192538000000,0.400,21
6128,2021-05-28 12:27:00.0000000,76.03000,76.05000,76.02500,76.04000,23916,192512000000,0.400,21
6129,2021-05-28 12:28:00.0000000,76.04500,76.06500,76.03000,76.03500,15616,192550000000,0.400,21
6130,2021-05-28 12:29:00.0000000,76.05500,76.06500,76.04000,76.04500,10776,192576000000,0.400,21
6131,2021-05-28 12:30:00.0000000,76.06500,76.07000,76.04000,76.05500,7769,192601000000,0.400,21
6132,2021-05-28 12:31:00.0000000,76.03000,76.06500,76.03000,76.06000,25810,192512000000,0.400,21
6133,2021-05-28 12:32:00.0000000,76.04500,76.05000,76.03000,76.04500,52612,192550000000,0.400,21
6134,2021-05-28 12:33:00.0000000,75.96000,76.04000,75.95000,76.04000,110062,192335000000,0.400,21
6135,2021-05-28 12:34:00.0000000,76.00000,76.00000,75.93250,75.95300,30210,192436000000,0.400,21
6136,2021-05-28 12:35:00.0000000,75.97000,76.00450,75.95290,76.00000,20450,192360000000,0.400,21
6137,2021-05-28 12:36:00.0000000,75.97500,76.00000,75.96320,75.96500,17768,192373000000,0.400,21
6138,2021-05-28 12:37:00.0000000,76.00000,76.00000,75.97000,75.97000,10658,192436000000,0.400,21
6139,2021-05-28 12:38:00.0000000,75.98750,76.00000,75.98000,75.99320,10906,192405000000,0.400,21
6140,2021-05-28 12:39:00.0000000,75.99000,76.00800,75.99000,75.99500,10904,192411000000,0.400,21
6141,2021-05-28 12:40:00.0000000,76.00500,76.01000,75.99000,75.99000,13536,192449000000,0.400,21
6142,2021-05-28 12:41:00.0000000,75.99500,76.00740,75.98000,76.00000,25828,192424000000,0.400,21
6143,2021-05-28 12:42:00.0000000,75.97320,75.99500,75.97000,75.99000,11186,192369000000,0.400,21
6144,2021-05-28 12:43:00.0000000,75.96010,75.97500,75.96000,75.97500,9882,192335000000,0.400,21
6145,2021-05-28 12:44:00.0000000,75.95000,75.96750,75.93000,75.96000,24010,192310000000,0.400,21
6146,2021-05-28 12:45:00.0000000,75.93000,75.95000,75.91000,75.94000,25964,192259000000,0.400,21
6147,2021-05-28 12:46:00.0000000,75.97500,75.97500,75.92000,75.92200,16739,192373000000,0.400,21
6148,2021-05-28 12:47:00.0000000,75.97760,75.97990,75.96300,75.97990,5787,192380000000,0.400,21
6149,2021-05-28 12:48:00.0000000,75.91500,75.97900,75.91000,75.97000,23167,192221000000,0.400,21
6150,2021-05-28 12:49:00.0000000,75.94000,75.94000,75.90000,75.91000,7788,192284000000,0.400,21
6151,2021-05-28 12:50:00.0000000,75.95000,75.95000,75.93000,75.94000,11356,192310000000,0.400,21
6152,2021-05-28 12:51:00.0000000,75.93000,75.95000,75.93000,75.95000,9986,192259000000,0.400,21
6153,2021-05-28 12:52:00.0000000,75.95340,75.96000,75.93000,75.93220,13519,192318000000,0.400,21
6154,2021-05-28 12:53:00.0000000,75.92000,75.95000,75.92000,75.95000,9248,192234000000,0.400,21
6155,2021-05-28 12:54:00.0000000,75.90500,75.92220,75.90000,75.92000,26242,192196000000,0.400,21
6156,2021-05-28 12:55:00.0000000,75.88630,75.91500,75.87500,75.90430,23314,192149000000,0.400,21
6157,2021-05-28 12:56:00.0000000,75.89000,75.91500,75.89000,75.89000,9714,192158000000,0.400,21
6158,2021-05-28 12:57:00.0000000,75.91500,75.91500,75.88500,75.90000,6923,192221000000,0.400,21
6159,2021-05-28 12:58:00.0000000,75.90500,75.91500,75.90000,75.91000,8499,192196000000,0.400,21
6160,2021-05-28 12:59:00.0000000,75.92990,75.94000,75.90000,75.90000,10600,192259000000,0.400,21
6161,2021-05-28 13:00:00.0000000,75.92000,75.93500,75.91310,75.93000,14717,192234000000,0.400,21
6162,2021-05-28 13:01:00.0000000,75.95000,75.96000,75.91000,75.92000,12552,192310000000,0.400,21
6163,2021-05-28 13:02:00.0000000,75.93000,75.95790,75.93000,75.95000,9281,192259000000,0.400,21
6164,2021-05-28 13:03:00.0000000,75.94000,75.96000,75.92000,75.93230,13592,192284000000,0.400,21
6165,2021-05-28 13:04:00.0000000,75.94500,75.96000,75.93000,75.94500,13616,192297000000,0.400,21
6166,2021-05-28 13:05:00.0000000,75.94500,75.95610,75.94000,75.94000,13827,192297000000,0.400,21
6167,2021-05-28 13:06:00.0000000,75.94500,75.96000,75.94000,75.95000,23630,192297000000,0.400,21
6168,2021-05-28 13:07:00.0000000,75.91500,75.94000,75.90000,75.94000,15342,192221000000,0.400,21
6169,2021-05-28 13:08:00.0000000,75.90000,75.91500,75.90000,75.91500,11587,192183000000,0.400,21
6170,2021-05-28 13:09:00.0000000,75.89000,75.91500,75.89000,75.90000,18056,192158000000,0.400,21
6171,2021-05-28 13:10:00.0000000,75.92000,75.92000,75.89000,75.89000,4967,192234000000,0.400,21
6172,2021-05-28 13:11:00.0000000,75.91000,75.91990,75.91000,75.91500,13666,192209000000,0.400,21
6173,2021-05-28 13:12:00.0000000,75.94000,75.94000,75.90000,75.91000,13747,192284000000,0.400,21
6174,2021-05-28 13:13:00.0000000,75.91000,75.95000,75.90000,75.94000,26872,192209000000,0.400,21
6175,2021-05-28 13:14:00.0000000,75.93500,75.93500,75.89000,75.90000,11939,192272000000,0.400,21
6176,2021-05-28 13:15:00.0000000,75.91000,75.93220,75.91000,75.93220,21238,192209000000,0.400,21
6177,2021-05-28 13:16:00.0000000,75.91000,75.93000,75.90000,75.91000,13891,192209000000,0.400,21
6178,2021-05-28 13:17:00.0000000,75.90000,75.91500,75.89000,75.91000,24994,192183000000,0.400,21
6179,2021-05-28 13:18:00.0000000,75.91000,75.91500,75.89000,75.89000,7385,192209000000,0.400,21
6180,2021-05-28 13:19:00.0000000,75.91500,75.92000,75.90000,75.90500,205313,192221000000,0.400,21
6181,2021-05-28 13:20:00.0000000,75.92640,75.94740,75.91000,75.92000,20604,192250000000,0.400,21
6182,2021-05-28 13:21:00.0000000,75.93000,75.93500,75.91000,75.92000,9015,192259000000,0.400,21
6183,2021-05-28 13:22:00.0000000,75.91500,75.94000,75.91000,75.92000,14370,192221000000,0.400,21
6184,2021-05-28 13:23:00.0000000,75.87480,75.92000,75.87480,75.91000,70608,192119000000,0.400,21
6185,2021-05-28 13:24:00.0000000,75.86000,75.87500,75.85390,75.87000,11057,192082000000,0.400,21
6186,2021-05-28 13:25:00.0000000,75.87000,75.88500,75.85000,75.86000,12923,192107000000,0.400,21
6187,2021-05-28 13:26:00.0000000,75.85500,75.87000,75.85000,75.87000,11959,192069000000,0.400,21
6188,2021-05-28 13:27:00.0000000,75.84500,75.85000,75.83500,75.85000,21443,192044000000,0.400,21
6189,2021-05-28 13:28:00.0000000,75.87500,75.88000,75.84000,75.84000,14114,192120000000,0.400,21
6190,2021-05-28 13:29:00.0000000,75.90000,75.90000,75.87000,75.87310,9346,192183000000,0.400,21
6191,2021-05-28 13:30:00.0000000,75.90660,75.91000,75.88000,75.90000,17073,192200000000,0.400,21
6192,2021-05-28 13:31:00.0000000,75.89500,75.91000,75.89000,75.91000,18476,192171000000,0.400,21
6193,2021-05-28 13:32:00.0000000,75.89000,75.90000,75.89000,75.89000,6401,192158000000,0.400,21
6194,2021-05-28 13:33:00.0000000,75.90500,75.92990,75.89500,75.90000,23083,192196000000,0.400,21
6195,2021-05-28 13:34:00.0000000,75.92500,75.92670,75.89000,75.90000,9348,192247000000,0.400,21
6196,2021-05-28 13:35:00.0000000,75.99000,75.99000,75.92000,75.92000,21511,192411000000,0.400,21
6197,2021-05-28 13:36:00.0000000,75.96000,75.99000,75.95330,75.99000,12209,192335000000,0.400,21
6198,2021-05-28 13:37:00.0000000,75.99000,75.99000,75.96000,75.96000,10041,192411000000,0.400,21
6199,2021-05-28 13:38:00.0000000,75.98000,75.99000,75.96000,75.99000,11817,192386000000,0.400,21
6200,2021-05-28 13:39:00.0000000,75.97500,75.99000,75.97000,75.97000,10192,192373000000,0.400,21
6201,2021-05-28 13:40:00.0000000,75.97000,75.97500,75.95500,75.97000,12334,192360000000,0.400,21
6202,2021-05-28 13:41:00.0000000,75.97390,75.97500,75.96000,75.96490,6659,192370000000,0.400,21
6203,2021-05-28 13:42:00.0000000,75.99000,75.99000,75.97000,75.97500,8484,192411000000,0.400,21
6204,2021-05-28 13:43:00.0000000,76.01070,76.02000,75.98320,75.98320,13411,192463000000,0.400,21
6205,2021-05-28 13:44:00.0000000,76.00500,76.01500,76.00000,76.01000,11650,192449000000,0.400,21
6206,2021-05-28 13:45:00.0000000,75.95000,76.00000,75.95000,76.00000,18640,192310000000,0.400,21
6207,2021-05-28 13:46:00.0000000,75.96000,75.96000,75.94000,75.95000,19797,192335000000,0.400,21
6208,2021-05-28 13:47:00.0000000,75.93000,75.95000,75.93000,75.95000,12336,192259000000,0.400,21
6209,2021-05-28 13:48:00.0000000,75.94540,75.94540,75.93000,75.93000,8443,192298000000,0.400,21
6210,2021-05-28 13:49:00.0000000,75.93000,75.96000,75.93000,75.95000,18871,192259000000,0.400,21
6211,2021-05-28 13:50:00.0000000,75.93500,75.93500,75.92000,75.93500,7907,192272000000,0.400,21
6212,2021-05-28 13:51:00.0000000,75.94500,75.95000,75.92000,75.93500,18602,192297000000,0.400,21
6213,2021-05-28 13:52:00.0000000,75.94500,75.95670,75.94000,75.95670,5870,192297000000,0.400,21
6214,2021-05-28 13:53:00.0000000,75.93000,75.94500,75.93000,75.94500,9576,192259000000,0.400,21
6215,2021-05-28 13:54:00.0000000,75.93500,75.94990,75.92500,75.93000,8262,192272000000,0.400,21
6216,2021-05-28 13:55:00.0000000,75.94500,75.95000,75.93500,75.94000,9851,192297000000,0.400,21
6217,2021-05-28 13:56:00.0000000,75.96000,75.96000,75.94500,75.95000,7456,192335000000,0.400,21
6218,2021-05-28 13:57:00.0000000,75.93500,75.95720,75.91010,75.95000,21947,192272000000,0.400,21
6219,2021-05-28 13:58:00.0000000,75.93000,75.93000,75.92000,75.92500,10815,192259000000,0.400,21
6220,2021-05-28 13:59:00.0000000,75.93000,75.94000,75.92500,75.93500,14112,192259000000,0.400,21
6221,2021-05-28 14:00:00.0000000,75.92000,75.93500,75.92000,75.93000,6700,192234000000,0.400,21
6222,2021-05-28 14:01:00.0000000,75.92500,75.93000,75.91500,75.92000,6876,192247000000,0.400,21
6223,2021-05-28 14:02:00.0000000,75.92000,75.92000,75.90000,75.92000,11330,192234000000,0.400,21
6224,2021-05-28 14:03:00.0000000,75.90000,75.91500,75.90000,75.91500,6350,192183000000,0.400,21
6225,2021-05-28 14:04:00.0000000,75.93500,75.94000,75.89000,75.90000,11622,192272000000,0.400,21
6226,2021-05-28 14:05:00.0000000,75.94000,75.94000,75.92500,75.93000,19061,192284000000,0.400,21
6227,2021-05-28 14:06:00.0000000,75.96000,75.98000,75.94500,75.95500,9852,192335000000,0.400,21
6228,2021-05-28 14:07:00.0000000,75.94000,75.95500,75.92500,75.95500,13424,192284000000,0.400,21
6229,2021-05-28 14:08:00.0000000,75.95000,75.95000,75.93000,75.93000,7375,192310000000,0.400,21
6230,2021-05-28 14:09:00.0000000,75.93200,75.95500,75.93200,75.95000,12600,192264000000,0.400,21
6231,2021-05-28 14:10:00.0000000,75.92000,75.93650,75.92000,75.93000,10040,192234000000,0.400,21
6232,2021-05-28 14:11:00.0000000,75.90380,75.92650,75.90380,75.92000,13732,192193000000,0.400,21
6233,2021-05-28 14:12:00.0000000,75.93000,75.93000,75.89500,75.90000,14161,192259000000,0.400,21
6234,2021-05-28 14:13:00.0000000,75.92000,75.92820,75.90500,75.92500,7104,192234000000,0.400,21
6235,2021-05-28 14:14:00.0000000,75.91000,75.93000,75.91000,75.92500,10333,192209000000,0.400,21
6236,2021-05-28 14:15:00.0000000,75.92000,75.92870,75.91000,75.91500,16421,192234000000,0.400,21
6237,2021-05-28 14:16:00.0000000,75.96000,75.96000,75.90500,75.91500,27581,192335000000,0.400,21
6238,2021-05-28 14:17:00.0000000,75.96670,75.97000,75.94000,75.95000,17545,192352000000,0.400,21
6239,2021-05-28 14:18:00.0000000,75.99000,75.99000,75.95500,75.97000,10042,192411000000,0.400,21
6240,2021-05-28 14:19:00.0000000,75.99000,75.99000,75.97000,75.98000,8791,192411000000,0.400,21
6241,2021-05-28 14:20:00.0000000,75.97500,75.99000,75.95580,75.99000,13642,192373000000,0.400,21
6242,2021-05-28 14:21:00.0000000,75.96990,75.98000,75.96000,75.97000,9671,192360000000,0.400,21
6243,2021-05-28 14:22:00.0000000,75.95500,75.97000,75.95000,75.97000,4629,192322000000,0.400,21
6244,2021-05-28 14:23:00.0000000,75.98000,75.99500,75.95000,75.95000,11287,192386000000,0.400,21
6245,2021-05-28 14:24:00.0000000,75.97000,75.98000,75.96000,75.98000,19153,192360000000,0.400,21
6246,2021-05-28 14:25:00.0000000,75.97000,75.98000,75.96000,75.97300,13740,192360000000,0.400,21
6247,2021-05-28 14:26:00.0000000,76.00000,76.00500,75.97500,75.97500,13280,192436000000,0.400,21
6248,2021-05-28 14:27:00.0000000,76.00000,76.01500,75.99500,76.00760,10618,192436000000,0.400,21
6249,2021-05-28 14:28:00.0000000,75.97500,76.00000,75.96000,76.00000,12129,192373000000,0.400,21
6250,2021-05-28 14:29:00.0000000,75.97450,75.98000,75.95500,75.98000,7000,192372000000,0.400,21
6251,2021-05-28 14:30:00.0000000,75.97010,75.99000,75.96500,75.98000,43064,192361000000,0.400,21
6252,2021-05-28 14:31:00.0000000,75.98000,75.99000,75.96000,75.97000,10707,192386000000,0.400,21
6253,2021-05-28 14:32:00.0000000,76.03500,76.04000,75.98000,75.98500,16914,192525000000,0.400,21
6254,2021-05-28 14:33:00.0000000,75.98000,76.04000,75.98000,76.03000,28261,192386000000,0.400,21
6255,2021-05-28 14:34:00.0000000,75.99000,75.99000,75.98000,75.98730,6886,192411000000,0.400,21
6256,2021-05-28 14:35:00.0000000,75.99500,76.01000,75.99000,76.00000,12706,192424000000,0.400,21
6257,2021-05-28 14:36:00.0000000,75.96000,76.00000,75.96000,75.99000,29433,192335000000,0.400,21
6258,2021-05-28 14:37:00.0000000,75.95000,75.96000,75.92000,75.96000,15131,192310000000,0.400,21
6259,2021-05-28 14:38:00.0000000,75.94500,75.95000,75.94000,75.94330,3127,192297000000,0.400,21
6260,2021-05-28 14:39:00.0000000,75.95000,75.96000,75.92500,75.94000,16763,192310000000,0.400,21
6261,2021-05-28 14:40:00.0000000,75.94000,75.95090,75.93000,75.95000,15376,192284000000,0.400,21
6262,2021-05-28 14:41:00.0000000,75.94500,75.95000,75.94000,75.94000,11033,192297000000,0.400,21
6263,2021-05-28 14:42:00.0000000,75.92000,75.95000,75.92000,75.94000,13687,192234000000,0.400,21
6264,2021-05-28 14:43:00.0000000,75.92000,75.92500,75.91000,75.92500,11200,192234000000,0.400,21
6265,2021-05-28 14:44:00.0000000,75.96500,75.96500,75.93000,75.93000,7365,192348000000,0.400,21
6266,2021-05-28 14:45:00.0000000,75.99000,76.00000,75.96000,75.96500,13350,192411000000,0.400,21
6267,2021-05-28 14:46:00.0000000,75.98500,75.99500,75.97500,75.99000,12666,192398000000,0.400,21
6268,2021-05-28 14:47:00.0000000,76.01000,76.01000,75.98000,75.98500,7029,192462000000,0.400,21
6269,2021-05-28 14:48:00.0000000,76.01500,76.01710,76.00000,76.01500,12295,192474000000,0.400,21
6270,2021-05-28 14:49:00.0000000,76.03000,76.03000,76.01500,76.02000,4456,192512000000,0.400,21
6271,2021-05-28 14:50:00.0000000,76.05500,76.08000,76.03000,76.03000,27728,192576000000,0.400,21
6272,2021-05-28 14:51:00.0000000,76.04500,76.06000,76.04000,76.06000,20685,192550000000,0.400,21
6273,2021-05-28 14:52:00.0000000,76.04000,76.04500,76.03000,76.04500,9595,192538000000,0.400,21
6274,2021-05-28 14:53:00.0000000,76.06000,76.06500,76.04000,76.05000,11095,192588000000,0.400,21
6275,2021-05-28 14:54:00.0000000,76.03000,76.05000,76.03000,76.05000,11766,192512000000,0.400,21
6276,2021-05-28 14:55:00.0000000,76.07000,76.07000,76.04000,76.04000,7328,192614000000,0.400,21
6277,2021-05-28 14:56:00.0000000,76.08500,76.09000,76.07010,76.08000,13202,192652000000,0.400,21
6278,2021-05-28 14:57:00.0000000,76.07000,76.08000,76.05000,76.08000,18084,192614000000,0.400,21
6279,2021-05-28 14:58:00.0000000,76.03000,76.07990,76.03000,76.07000,29375,192512000000,0.400,21
6280,2021-05-28 14:59:00.0000000,76.05000,76.05220,76.03000,76.03000,19952,192563000000,0.400,21
6281,2021-05-28 15:00:00.0000000,76.03000,76.05000,75.99500,76.04500,70710,192512000000,0.400,21
6282,2021-05-28 09:30:00.0000000,250.46500,251.32001,250.34000,250.99500,499845,1886400000000,0.790,22
6283,2021-05-28 09:31:00.0000000,250.99001,251.32001,250.42999,250.46001,140678,1890350000000,0.790,22
6284,2021-05-28 09:32:00.0000000,251.30000,251.30000,250.85001,250.96001,102028,1892680000000,0.790,22
6285,2021-05-28 09:33:00.0000000,250.98000,251.50999,250.87041,251.30000,124539,1890270000000,0.790,22
6286,2021-05-28 09:34:00.0000000,250.63000,250.99001,250.56000,250.92000,69861,1887640000000,0.790,22
6287,2021-05-28 09:35:00.0000000,250.92999,250.92999,250.61000,250.61990,84703,1889900000000,0.790,22
6288,2021-05-28 09:36:00.0000000,251.32100,251.35001,250.91000,250.95000,85208,1892840000000,0.790,22
6289,2021-05-28 09:37:00.0000000,251.34000,251.45000,251.19000,251.33000,74264,1892990000000,0.790,22
6290,2021-05-28 09:38:00.0000000,251.23000,251.42000,251.08000,251.32001,58498,1892160000000,0.790,22
6291,2021-05-28 09:39:00.0000000,251.25000,251.25000,251.08501,251.22000,79951,1892310000000,0.790,22
6292,2021-05-28 09:40:00.0000000,251.70000,251.71001,251.22000,251.23500,96150,1895700000000,0.790,22
6293,2021-05-28 09:41:00.0000000,251.87000,251.89000,251.64000,251.70239,63328,1896980000000,0.790,22
6294,2021-05-28 09:42:00.0000000,251.92999,252.00000,251.82001,251.87000,65585,1897430000000,0.790,22
6295,2021-05-28 09:43:00.0000000,251.85001,252.07001,251.81480,251.94000,76056,1896830000000,0.790,22
6296,2021-05-28 09:44:00.0000000,251.73000,251.88000,251.73000,251.87000,58411,1895920000000,0.790,22
6297,2021-05-28 09:45:00.0000000,251.61000,251.75000,251.45000,251.73000,82167,1895020000000,0.790,22
6298,2021-05-28 09:46:00.0000000,251.87000,251.88000,251.60001,251.60001,40983,1896980000000,0.790,22
6299,2021-05-28 09:47:00.0000000,251.82001,252.02000,251.82001,251.88000,140282,1896600000000,0.790,22
6300,2021-05-28 09:48:00.0000000,251.57001,251.94000,251.53000,251.84000,78798,1894720000000,0.790,22
6301,2021-05-28 09:49:00.0000000,251.50999,251.64000,251.45000,251.53999,62069,1894270000000,0.790,22
6302,2021-05-28 09:50:00.0000000,251.28000,251.59000,251.19000,251.49001,86933,1892530000000,0.790,22
6303,2021-05-28 09:51:00.0000000,251.19501,251.31000,251.13000,251.28999,57561,1891890000000,0.790,22
6304,2021-05-28 09:52:00.0000000,251.12000,251.25000,251.00999,251.20500,38173,1891330000000,0.790,22
6305,2021-05-28 09:53:00.0000000,251.10001,251.16000,251.02000,251.13000,40166,1891180000000,0.790,22
6306,2021-05-28 09:54:00.0000000,251.14800,251.20000,251.06500,251.10001,45422,1891540000000,0.790,22
6307,2021-05-28 09:55:00.0000000,251.02000,251.23500,251.00999,251.14500,35574,1890580000000,0.790,22
6308,2021-05-28 09:56:00.0000000,251.17999,251.25999,250.95000,251.00000,45846,1891780000000,0.790,22
6309,2021-05-28 09:57:00.0000000,251.22990,251.26260,251.08000,251.17000,40759,1892160000000,0.790,22
6310,2021-05-28 09:58:00.0000000,251.25999,251.44000,251.20000,251.21001,65155,1892380000000,0.790,22
6311,2021-05-28 09:59:00.0000000,251.21001,251.27000,251.13499,251.27000,29251,1892010000000,0.790,22
6312,2021-05-28 10:00:00.0000000,251.20000,251.39999,251.17000,251.19000,58138,1891930000000,0.790,22
6313,2021-05-28 10:01:00.0000000,251.11000,251.30000,251.09219,251.21001,34212,1891250000000,0.790,22
6314,2021-05-28 10:02:00.0000000,250.96001,251.11000,250.88010,251.09000,37976,1890120000000,0.790,22
6315,2021-05-28 10:03:00.0000000,250.78999,251.00000,250.72501,250.97000,43870,1888840000000,0.790,22
6316,2021-05-28 10:04:00.0000000,250.73000,250.78999,250.42999,250.78999,73670,1888390000000,0.790,22
6317,2021-05-28 10:05:00.0000000,250.92999,250.92999,250.64000,250.72000,57115,1889900000000,0.790,22
6318,2021-05-28 10:06:00.0000000,251.03999,251.07001,250.91010,250.95000,55884,1890730000000,0.790,22
6319,2021-05-28 10:07:00.0000000,250.92000,251.03500,250.89999,251.03500,29229,1889820000000,0.790,22
6320,2021-05-28 10:08:00.0000000,250.92999,251.00000,250.91000,250.95000,18771,1889900000000,0.790,22
6321,2021-05-28 10:09:00.0000000,250.78999,250.99001,250.78999,250.92000,32376,1888840000000,0.790,22
6322,2021-05-28 10:10:00.0000000,251.03000,251.03000,250.78000,250.78999,32961,1890650000000,0.790,22
6323,2021-05-28 10:11:00.0000000,251.03000,251.12000,250.97000,251.03999,46987,1890650000000,0.790,22
6324,2021-05-28 10:12:00.0000000,250.98000,251.06149,250.89999,251.03999,23566,1890270000000,0.790,22
6325,2021-05-28 10:13:00.0000000,250.80000,251.03000,250.77000,251.00000,22955,1888920000000,0.790,22
6326,2021-05-28 10:14:00.0000000,250.91000,250.94000,250.67999,250.80000,32811,1889750000000,0.790,22
6327,2021-05-28 10:15:00.0000000,250.92000,251.00000,250.86000,250.96001,23542,1889820000000,0.790,22
6328,2021-05-28 10:16:00.0000000,250.87000,250.94690,250.83000,250.92000,28825,1889450000000,0.790,22
6329,2021-05-28 10:17:00.0000000,251.03999,251.08000,250.85060,250.86000,40715,1890730000000,0.790,22
6330,2021-05-28 10:18:00.0000000,251.17000,251.17999,251.03999,251.03999,21107,1891710000000,0.790,22
6331,2021-05-28 10:19:00.0000000,251.13000,251.17439,251.02000,251.16020,39077,1891400000000,0.790,22
6332,2021-05-28 10:20:00.0000000,251.02000,251.13499,250.92999,251.12500,24617,1890580000000,0.790,22
6333,2021-05-28 10:21:00.0000000,251.00999,251.10001,250.99001,251.02499,45044,1890500000000,0.790,22
6334,2021-05-28 10:22:00.0000000,251.06551,251.14000,251.03999,251.03999,24416,1890920000000,0.790,22
6335,2021-05-28 10:23:00.0000000,251.03000,251.13000,251.00000,251.08000,25616,1890650000000,0.790,22
6336,2021-05-28 10:24:00.0000000,250.89999,251.11000,250.89999,251.05470,29278,1889670000000,0.790,22
6337,2021-05-28 10:25:00.0000000,250.74001,250.95850,250.74001,250.92700,41277,1888470000000,0.790,22
6338,2021-05-28 10:26:00.0000000,250.74001,250.78000,250.67999,250.75999,38761,1888470000000,0.790,22
6339,2021-05-28 10:27:00.0000000,250.57001,250.73151,250.56000,250.73000,31631,1887190000000,0.790,22
6340,2021-05-28 10:28:00.0000000,250.70000,250.72000,250.53000,250.58000,30052,1888170000000,0.790,22
6341,2021-05-28 10:29:00.0000000,250.69501,250.77000,250.69000,250.69009,25549,1888130000000,0.790,22
6342,2021-05-28 10:30:00.0000000,250.82001,250.82001,250.69000,250.70000,28930,1889070000000,0.790,22
6343,2021-05-28 10:31:00.0000000,250.85001,250.89000,250.75000,250.81000,49017,1889300000000,0.790,22
6344,2021-05-28 10:32:00.0000000,250.77000,250.89999,250.77000,250.86000,35324,1888690000000,0.790,22
6345,2021-05-28 10:33:00.0000000,250.77000,250.83000,250.75000,250.75999,11837,1888690000000,0.790,22
6346,2021-05-28 10:34:00.0000000,250.94400,250.96780,250.75999,250.77000,32184,1890000000000,0.790,22
6347,2021-05-28 10:35:00.0000000,250.94000,251.00000,250.94000,250.95000,24813,1889970000000,0.790,22
6348,2021-05-28 10:36:00.0000000,250.92999,250.95000,250.89999,250.95000,18673,1889900000000,0.790,22
6349,2021-05-28 10:37:00.0000000,251.05000,251.05000,250.88000,250.92999,41236,1890800000000,0.790,22
6350,2021-05-28 10:38:00.0000000,251.03000,251.10001,250.98000,251.06000,32723,1890650000000,0.790,22
6351,2021-05-28 10:39:00.0000000,251.02000,251.10001,250.98000,251.05000,36693,1890580000000,0.790,22
6352,2021-05-28 10:40:00.0000000,251.03889,251.05000,250.96001,251.00999,17229,1890720000000,0.790,22
6353,2021-05-28 10:41:00.0000000,251.09050,251.11000,251.02000,251.05000,20023,1891110000000,0.790,22
6354,2021-05-28 10:42:00.0000000,251.03050,251.13989,251.03050,251.10001,22986,1890660000000,0.790,22
6355,2021-05-28 10:43:00.0000000,251.07001,251.10899,251.00000,251.03650,17493,1890950000000,0.790,22
6356,2021-05-28 10:44:00.0000000,251.00000,251.09000,250.98000,251.07001,21190,1890430000000,0.790,22
6357,2021-05-28 10:45:00.0000000,250.97000,250.99350,250.92000,250.99001,19039,1890200000000,0.790,22
6358,2021-05-28 10:46:00.0000000,250.94991,250.98000,250.89999,250.97000,43998,1890050000000,0.790,22
6359,2021-05-28 10:47:00.0000000,250.99001,251.02000,250.92999,250.93500,23524,1890350000000,0.790,22
6360,2021-05-28 10:48:00.0000000,250.97000,251.01370,250.97000,250.99001,14914,1890200000000,0.790,22
6361,2021-05-28 10:49:00.0000000,251.05000,251.07001,250.94501,250.96001,30863,1890800000000,0.790,22
6362,2021-05-28 10:50:00.0000000,251.10001,251.10001,251.06000,251.06000,19738,1891180000000,0.790,22
6363,2021-05-28 10:51:00.0000000,251.18500,251.20000,251.11000,251.11000,29085,1891820000000,0.790,22
6364,2021-05-28 10:52:00.0000000,251.20000,251.22501,251.17000,251.19630,23616,1891930000000,0.790,22
6365,2021-05-28 10:53:00.0000000,251.11301,251.20990,251.09000,251.20990,23177,1891280000000,0.790,22
6366,2021-05-28 10:54:00.0000000,251.14500,251.14999,251.09000,251.12000,29747,1891520000000,0.790,22
6367,2021-05-28 10:55:00.0000000,251.00000,251.17000,250.98019,251.16000,28657,1890430000000,0.790,22
6368,2021-05-28 10:56:00.0000000,251.07001,251.09000,250.97000,250.99001,19008,1890950000000,0.790,22
6369,2021-05-28 10:57:00.0000000,251.03000,251.14999,251.02000,251.07001,15862,1890650000000,0.790,22
6370,2021-05-28 10:58:00.0000000,250.94009,251.03000,250.94000,251.00000,22379,1889970000000,0.790,22
6371,2021-05-28 10:59:00.0000000,251.00000,251.00999,250.92000,250.96001,23749,1890430000000,0.790,22
6372,2021-05-28 11:00:00.0000000,251.09000,251.11000,250.98000,251.02000,30978,1891100000000,0.790,22
6373,2021-05-28 11:01:00.0000000,251.08000,251.13000,251.05000,251.08000,21151,1891030000000,0.790,22
6374,2021-05-28 11:02:00.0000000,251.03999,251.09000,251.00999,251.08000,15272,1890730000000,0.790,22
6375,2021-05-28 11:03:00.0000000,250.92999,251.09000,250.91000,251.05000,30185,1889900000000,0.790,22
6376,2021-05-28 11:04:00.0000000,250.96001,250.96001,250.89999,250.92999,17696,1890120000000,0.790,22
6377,2021-05-28 11:05:00.0000000,250.87650,250.98000,250.87000,250.96001,18578,1889500000000,0.790,22
6378,2021-05-28 11:06:00.0000000,250.88000,250.88000,250.81000,250.87489,22894,1889520000000,0.790,22
6379,2021-05-28 11:07:00.0000000,250.95000,250.95000,250.86000,250.88499,21310,1890050000000,0.790,22
6380,2021-05-28 11:08:00.0000000,250.89169,250.96001,250.87000,250.93810,22247,1889610000000,0.790,22
6381,2021-05-28 11:09:00.0000000,251.03000,251.03630,250.87000,250.89999,19447,1890650000000,0.790,22
6382,2021-05-28 11:10:00.0000000,251.14670,251.16000,251.03999,251.03999,26378,1891530000000,0.790,22
6383,2021-05-28 11:11:00.0000000,251.11000,251.17000,251.10001,251.14000,25138,1891250000000,0.790,22
6384,2021-05-28 11:12:00.0000000,251.13000,251.14999,251.08020,251.10001,30957,1891400000000,0.790,22
6385,2021-05-28 11:13:00.0000000,251.12000,251.14000,251.08000,251.11000,35749,1891330000000,0.790,22
6386,2021-05-28 11:14:00.0000000,251.14000,251.17999,251.09500,251.13000,20097,1891480000000,0.790,22
6387,2021-05-28 11:15:00.0000000,251.16000,251.16000,251.09000,251.14000,15760,1891630000000,0.790,22
6388,2021-05-28 11:16:00.0000000,251.09010,251.17500,251.09010,251.16000,15398,1891100000000,0.790,22
6389,2021-05-28 11:17:00.0000000,251.08501,251.12000,251.03000,251.09520,31279,1891070000000,0.790,22
6390,2021-05-28 11:18:00.0000000,251.10500,251.14000,251.08990,251.09000,17893,1891220000000,0.790,22
6391,2021-05-28 11:19:00.0000000,251.09000,251.11000,251.05499,251.10539,16976,1891100000000,0.790,22
6392,2021-05-28 11:20:00.0000000,251.07001,251.12000,251.03500,251.09000,18218,1890950000000,0.790,22
6393,2021-05-28 11:21:00.0000000,251.10001,251.13000,251.03999,251.07001,24921,1891180000000,0.790,22
6394,2021-05-28 11:22:00.0000000,251.05000,251.10001,251.03000,251.10001,20316,1890800000000,0.790,22
6395,2021-05-28 11:23:00.0000000,251.03999,251.07001,250.97000,251.06000,19245,1890730000000,0.790,22
6396,2021-05-28 11:24:00.0000000,251.03000,251.06000,251.00430,251.03000,23038,1890650000000,0.790,22
6397,2021-05-28 11:25:00.0000000,251.04581,251.07001,251.00999,251.02010,24915,1890770000000,0.790,22
6398,2021-05-28 11:26:00.0000000,251.03999,251.07001,251.00999,251.03999,22500,1890730000000,0.790,22
6399,2021-05-28 11:27:00.0000000,251.09000,251.09000,251.00000,251.05000,32192,1891100000000,0.790,22
6400,2021-05-28 11:28:00.0000000,251.07001,251.12000,251.04500,251.08000,19951,1890950000000,0.790,22
6401,2021-05-28 11:29:00.0000000,251.12000,251.14999,251.06500,251.07001,47650,1891330000000,0.790,22
6402,2021-05-28 11:30:00.0000000,251.15500,251.15500,251.09000,251.11501,28202,1891590000000,0.790,22
6403,2021-05-28 11:31:00.0000000,251.28500,251.34000,251.15500,251.15500,71685,1892570000000,0.790,22
6404,2021-05-28 11:32:00.0000000,251.34900,251.39000,251.28999,251.28999,48354,1893050000000,0.790,22
6405,2021-05-28 11:33:00.0000000,251.23000,251.35001,251.23000,251.35001,27596,1892160000000,0.790,22
6406,2021-05-28 11:34:00.0000000,251.19000,251.24001,251.14999,251.23000,24009,1891860000000,0.790,22
6407,2021-05-28 11:35:00.0000000,251.30000,251.30000,251.19000,251.20000,35046,1892680000000,0.790,22
6408,2021-05-28 11:36:00.0000000,251.31000,251.35001,251.25999,251.28999,33577,1892760000000,0.790,22
6409,2021-05-28 11:37:00.0000000,251.24001,251.32001,251.24001,251.32001,24561,1892230000000,0.790,22
6410,2021-05-28 11:38:00.0000000,251.36310,251.39000,251.24001,251.25999,41539,1893160000000,0.790,22
6411,2021-05-28 11:39:00.0000000,251.36000,251.44501,251.35001,251.36279,40234,1893140000000,0.790,22
6412,2021-05-28 11:40:00.0000000,251.41800,251.42000,251.36000,251.38000,31887,1893570000000,0.790,22
6413,2021-05-28 11:41:00.0000000,251.53999,251.56000,251.39999,251.39999,64822,1894490000000,0.790,22
6414,2021-05-28 11:42:00.0000000,251.54919,251.60001,251.52499,251.55000,39595,1894560000000,0.790,22
6415,2021-05-28 11:43:00.0000000,251.53000,251.58000,251.47000,251.54500,24630,1894420000000,0.790,22
6416,2021-05-28 11:44:00.0000000,251.53999,251.53999,251.48000,251.53000,23254,1894490000000,0.790,22
6417,2021-05-28 11:45:00.0000000,251.61000,251.62000,251.54050,251.55000,65111,1895020000000,0.790,22
6418,2021-05-28 11:46:00.0000000,251.50999,251.60001,251.35001,251.60001,38065,1894270000000,0.790,22
6419,2021-05-28 11:47:00.0000000,251.55000,251.56000,251.47000,251.51500,19651,1894570000000,0.790,22
6420,2021-05-28 11:48:00.0000000,251.53999,251.61000,251.53999,251.55499,14188,1894490000000,0.790,22
6421,2021-05-28 11:49:00.0000000,251.52240,251.55000,251.50000,251.52000,15912,1894360000000,0.790,22
6422,2021-05-28 11:50:00.0000000,251.53999,251.56520,251.46500,251.53000,30070,1894490000000,0.790,22
6423,2021-05-28 11:51:00.0000000,251.60600,251.62000,251.55000,251.56000,21112,1894990000000,0.790,22
6424,2021-05-28 11:52:00.0000000,251.61501,251.64999,251.60001,251.60001,32299,1895060000000,0.790,22
6425,2021-05-28 11:53:00.0000000,251.59000,251.61000,251.55000,251.61000,57496,1894870000000,0.790,22
6426,2021-05-28 11:54:00.0000000,251.55000,251.59000,251.52000,251.58000,17999,1894570000000,0.790,22
6427,2021-05-28 11:55:00.0000000,251.60001,251.62260,251.55000,251.56000,22481,1894940000000,0.790,22
6428,2021-05-28 11:56:00.0000000,251.64999,251.67000,251.60500,251.61000,32693,1895320000000,0.790,22
6429,2021-05-28 11:57:00.0000000,251.64999,251.69000,251.62000,251.66000,39687,1895320000000,0.790,22
6430,2021-05-28 11:58:00.0000000,251.67999,251.69000,251.63000,251.64000,19159,1895550000000,0.790,22
6431,2021-05-28 11:59:00.0000000,251.67000,251.75999,251.66000,251.67999,68017,1895470000000,0.790,22
6432,2021-05-28 12:00:00.0000000,251.72000,251.73000,251.67000,251.67999,17466,1895850000000,0.790,22
6433,2021-05-28 12:01:00.0000000,251.73000,251.75000,251.71001,251.73000,10485,1895920000000,0.790,22
6434,2021-05-28 12:02:00.0000000,251.71001,251.75999,251.67000,251.72000,15121,1895770000000,0.790,22
6435,2021-05-28 12:03:00.0000000,251.77000,251.77000,251.64580,251.70000,57749,1896220000000,0.790,22
6436,2021-05-28 12:04:00.0000000,251.84540,251.85001,251.75999,251.78999,29438,1896790000000,0.790,22
6437,2021-05-28 12:05:00.0000000,251.87000,251.89999,251.84000,251.85001,48780,1896980000000,0.790,22
6438,2021-05-28 12:06:00.0000000,251.92000,252.00000,251.87331,251.88000,68468,1897350000000,0.790,22
6439,2021-05-28 12:07:00.0000000,251.91000,251.92999,251.89999,251.92900,19466,1897280000000,0.790,22
6440,2021-05-28 12:08:00.0000000,251.94000,251.95000,251.91000,251.92000,19215,1897510000000,0.790,22
6441,2021-05-28 12:09:00.0000000,251.91000,251.99001,251.89999,251.95000,61686,1897280000000,0.790,22
6442,2021-05-28 12:10:00.0000000,251.84000,251.92000,251.83820,251.92000,32433,1896750000000,0.790,22
6443,2021-05-28 12:11:00.0000000,251.88000,251.94000,251.84700,251.84700,17814,1897050000000,0.790,22
6444,2021-05-28 12:12:00.0000000,251.88000,251.91000,251.86000,251.88000,17460,1897050000000,0.790,22
6445,2021-05-28 12:13:00.0000000,251.94000,251.95000,251.89999,251.89999,16823,1897510000000,0.790,22
6446,2021-05-28 12:14:00.0000000,251.94000,251.97000,251.94000,251.94000,16731,1897510000000,0.790,22
6447,2021-05-28 12:15:00.0000000,251.99500,252.03999,251.95000,251.95000,67348,1897920000000,0.790,22
6448,2021-05-28 12:16:00.0000000,252.00000,252.03000,251.97501,251.99001,32616,1897960000000,0.790,22
6449,2021-05-28 12:17:00.0000000,252.00999,252.01500,251.95500,252.00000,19159,1898030000000,0.790,22
6450,2021-05-28 12:18:00.0000000,252.00310,252.08000,252.00000,252.00410,44942,1897980000000,0.790,22
6451,2021-05-28 12:19:00.0000000,251.96001,252.05000,251.95000,252.02000,31128,1897660000000,0.790,22
6452,2021-05-28 12:20:00.0000000,251.87000,251.99001,251.87000,251.96001,31154,1896980000000,0.790,22
6453,2021-05-28 12:21:00.0000000,251.80000,251.89000,251.77000,251.88000,33938,1896450000000,0.790,22
6454,2021-05-28 12:22:00.0000000,251.76990,251.80000,251.71001,251.78999,38469,1896220000000,0.790,22
6455,2021-05-28 12:23:00.0000000,251.75999,251.80000,251.73000,251.76500,16341,1896150000000,0.790,22
6456,2021-05-28 12:24:00.0000000,251.78999,251.82990,251.75500,251.77000,15453,1896380000000,0.790,22
6457,2021-05-28 12:25:00.0000000,251.84000,251.87000,251.77380,251.80991,11894,1896750000000,0.790,22
6458,2021-05-28 12:26:00.0000000,251.77000,251.85500,251.75000,251.84000,23408,1896220000000,0.790,22
6459,2021-05-28 12:27:00.0000000,251.71001,251.79150,251.70990,251.78000,36752,1895770000000,0.790,22
6460,2021-05-28 12:28:00.0000000,251.69000,251.74001,251.67000,251.73000,44464,1895620000000,0.790,22
6461,2021-05-28 12:29:00.0000000,251.75600,251.78000,251.66000,251.70000,33056,1896120000000,0.790,22
6462,2021-05-28 12:30:00.0000000,251.70990,251.77000,251.67999,251.76500,24849,1895770000000,0.790,22
6463,2021-05-28 12:31:00.0000000,251.72000,251.74001,251.70000,251.73000,12054,1895850000000,0.790,22
6464,2021-05-28 12:32:00.0000000,251.71001,251.73000,251.69000,251.71001,13017,1895770000000,0.790,22
6465,2021-05-28 12:33:00.0000000,251.70000,251.71001,251.66000,251.71001,19083,1895700000000,0.790,22
6466,2021-05-28 12:34:00.0000000,251.75000,251.75999,251.66499,251.71001,22061,1896070000000,0.790,22
6467,2021-05-28 12:35:00.0000000,251.68240,251.75500,251.67000,251.74001,17159,1895560000000,0.790,22
6468,2021-05-28 12:36:00.0000000,251.66541,251.70000,251.61000,251.69000,16456,1895440000000,0.790,22
6469,2021-05-28 12:37:00.0000000,251.73170,251.73500,251.66000,251.67000,21247,1895940000000,0.790,22
6470,2021-05-28 12:38:00.0000000,251.71400,251.74001,251.69000,251.74001,8705,1895800000000,0.790,22
6471,2021-05-28 12:39:00.0000000,251.67999,251.72000,251.67000,251.71001,15151,1895550000000,0.790,22
6472,2021-05-28 12:40:00.0000000,251.63000,251.67000,251.58000,251.67000,26221,1895170000000,0.790,22
6473,2021-05-28 12:41:00.0000000,251.70000,251.70500,251.61000,251.62000,20738,1895700000000,0.790,22
6474,2021-05-28 12:42:00.0000000,251.64850,251.70990,251.62090,251.70990,16160,1895310000000,0.790,22
6475,2021-05-28 12:43:00.0000000,251.60500,251.64500,251.58000,251.64500,13327,1894980000000,0.790,22
6476,2021-05-28 12:44:00.0000000,251.61000,251.62000,251.58000,251.62000,8937,1895020000000,0.790,22
6477,2021-05-28 12:45:00.0000000,251.61000,251.66000,251.61000,251.63000,26374,1895020000000,0.790,22
6478,2021-05-28 12:46:00.0000000,251.64999,251.67000,251.59500,251.60001,27260,1895320000000,0.790,22
6479,2021-05-28 12:47:00.0000000,251.62000,251.67000,251.62000,251.64999,9075,1895090000000,0.790,22
6480,2021-05-28 12:48:00.0000000,251.57001,251.63000,251.25999,251.63000,71767,1894720000000,0.790,22
6481,2021-05-28 12:49:00.0000000,251.50999,251.57001,251.50000,251.55000,14292,1894270000000,0.790,22
6482,2021-05-28 12:50:00.0000000,251.47000,251.54660,251.46001,251.53000,24237,1893970000000,0.790,22
6483,2021-05-28 12:51:00.0000000,251.40990,251.47740,251.39999,251.47501,19677,1893510000000,0.790,22
6484,2021-05-28 12:52:00.0000000,251.45000,251.45000,251.38139,251.39999,15287,1893810000000,0.790,22
6485,2021-05-28 12:53:00.0000000,251.45990,251.47000,251.41000,251.42999,13168,1893890000000,0.790,22
6486,2021-05-28 12:54:00.0000000,251.47000,251.49500,251.44000,251.47000,12668,1893970000000,0.790,22
6487,2021-05-28 12:55:00.0000000,251.49690,251.52000,251.45000,251.46500,15142,1894170000000,0.790,22
6488,2021-05-28 12:56:00.0000000,251.49001,251.51559,251.48000,251.48000,9908,1894120000000,0.790,22
6489,2021-05-28 12:57:00.0000000,251.50999,251.50999,251.47000,251.48000,7617,1894270000000,0.790,22
6490,2021-05-28 12:58:00.0000000,251.53500,251.53999,251.48000,251.50000,12481,1894450000000,0.790,22
6491,2021-05-28 12:59:00.0000000,251.53999,251.56000,251.52000,251.53999,8115,1894490000000,0.790,22
6492,2021-05-28 13:00:00.0000000,251.59000,251.61000,251.55000,251.55000,18462,1894870000000,0.790,22
6493,2021-05-28 13:01:00.0000000,251.60330,251.61000,251.53999,251.59000,20144,1894970000000,0.790,22
6494,2021-05-28 13:02:00.0000000,251.64999,251.64999,251.60001,251.60001,24822,1895320000000,0.790,22
6495,2021-05-28 13:03:00.0000000,251.61000,251.66969,251.60001,251.64999,26010,1895020000000,0.790,22
6496,2021-05-28 13:04:00.0000000,251.62041,251.64000,251.60001,251.62000,8638,1895100000000,0.790,22
6497,2021-05-28 13:05:00.0000000,251.49010,251.63000,251.49001,251.61000,47584,1894120000000,0.790,22
6498,2021-05-28 13:06:00.0000000,251.50999,251.52000,251.46001,251.49001,12273,1894270000000,0.790,22
6499,2021-05-28 13:07:00.0000000,251.46001,251.50999,251.45000,251.50999,7646,1893890000000,0.790,22
6500,2021-05-28 13:08:00.0000000,251.46001,251.48500,251.42000,251.47000,11990,1893890000000,0.790,22
6501,2021-05-28 13:09:00.0000000,251.44501,251.47000,251.41730,251.46001,12478,1893780000000,0.790,22
6502,2021-05-28 13:10:00.0000000,251.44000,251.46001,251.42000,251.45000,21750,1893740000000,0.790,22
6503,2021-05-28 13:11:00.0000000,251.34000,251.39000,251.34000,251.39000,44860,1892990000000,0.790,22
6504,2021-05-28 13:12:00.0000000,251.25999,251.36000,251.24001,251.34000,46572,1892380000000,0.790,22
6505,2021-05-28 13:13:00.0000000,251.23000,251.30000,251.22000,251.27000,23553,1892160000000,0.790,22
6506,2021-05-28 13:14:00.0000000,251.17999,251.24001,251.16000,251.22549,25686,1891780000000,0.790,22
6507,2021-05-28 13:15:00.0000000,251.12000,251.19000,251.11000,251.19000,34563,1891330000000,0.790,22
6508,2021-05-28 13:16:00.0000000,251.06900,251.12500,251.06000,251.12000,19863,1890950000000,0.790,22
6509,2021-05-28 13:17:00.0000000,251.03500,251.07001,251.03000,251.07001,31654,1890690000000,0.790,22
6510,2021-05-28 13:18:00.0000000,250.97000,251.03500,250.95000,251.03500,43064,1890200000000,0.790,22
6511,2021-05-28 13:19:00.0000000,251.02150,251.08000,250.96600,250.96600,48389,1890590000000,0.790,22
6512,2021-05-28 13:20:00.0000000,250.88010,251.07001,250.88000,251.02650,30619,1889520000000,0.790,22
6513,2021-05-28 13:21:00.0000000,250.89000,250.92000,250.82001,250.88000,42303,1889600000000,0.790,22
6514,2021-05-28 13:22:00.0000000,250.87000,251.00000,250.87000,250.89000,40540,1889450000000,0.790,22
6515,2021-05-28 13:23:00.0000000,250.91150,250.91499,250.85001,250.88000,18641,1889760000000,0.790,22
6516,2021-05-28 13:24:00.0000000,250.89999,250.94000,250.88000,250.92000,12775,1889670000000,0.790,22
6517,2021-05-28 13:25:00.0000000,250.92000,250.94540,250.87000,250.91000,23222,1889820000000,0.790,22
6518,2021-05-28 13:26:00.0000000,250.92000,250.94000,250.89000,250.91029,14449,1889820000000,0.790,22
6519,2021-05-28 13:27:00.0000000,250.92000,250.96860,250.89999,250.92000,46205,1889820000000,0.790,22
6520,2021-05-28 13:28:00.0000000,250.91000,250.95000,250.87000,250.92000,12415,1889750000000,0.790,22
6521,2021-05-28 13:29:00.0000000,250.85001,250.92000,250.80000,250.92000,23265,1889300000000,0.790,22
6522,2021-05-28 13:30:00.0000000,250.95500,250.95500,250.75999,250.84000,42480,1890090000000,0.790,22
6523,2021-05-28 13:31:00.0000000,251.04800,251.06000,250.92000,250.95500,54739,1890790000000,0.790,22
6524,2021-05-28 13:32:00.0000000,251.07001,251.07001,251.00999,251.03999,22529,1890950000000,0.790,22
6525,2021-05-28 13:33:00.0000000,251.08000,251.10001,251.03999,251.08000,29225,1891030000000,0.790,22
6526,2021-05-28 13:34:00.0000000,251.00000,251.10001,250.99500,251.09000,31976,1890430000000,0.790,22
6527,2021-05-28 13:35:00.0000000,251.00000,251.03999,250.99001,251.00000,19153,1890430000000,0.790,22
6528,2021-05-28 13:36:00.0000000,250.91499,250.99001,250.91499,250.99001,17307,1889790000000,0.790,22
6529,2021-05-28 13:37:00.0000000,250.87000,250.92000,250.87000,250.91000,16551,1889450000000,0.790,22
6530,2021-05-28 13:38:00.0000000,250.98000,250.98990,250.86000,250.87000,21598,1890270000000,0.790,22
6531,2021-05-28 13:39:00.0000000,250.87000,250.99001,250.84000,250.99001,34037,1889450000000,0.790,22
6532,2021-05-28 13:40:00.0000000,250.81500,250.89000,250.81000,250.87010,29324,1889030000000,0.790,22
6533,2021-05-28 13:41:00.0000000,250.86000,250.92000,250.78000,250.81000,25560,1889370000000,0.790,22
6534,2021-05-28 13:42:00.0000000,250.87000,250.89999,250.85001,250.86000,12951,1889450000000,0.790,22
6535,2021-05-28 13:43:00.0000000,250.91499,250.92999,250.86990,250.87000,18616,1889790000000,0.790,22
6536,2021-05-28 13:44:00.0000000,250.89000,250.96001,250.89000,250.92999,16407,1889600000000,0.790,22
6537,2021-05-28 13:45:00.0000000,250.77499,250.92000,250.75000,250.92000,29407,1888730000000,0.790,22
6538,2021-05-28 13:46:00.0000000,250.74471,250.77000,250.66000,250.77000,42584,1888500000000,0.790,22
6539,2021-05-28 13:47:00.0000000,250.70500,250.75999,250.69000,250.75000,27325,1888200000000,0.790,22
6540,2021-05-28 13:48:00.0000000,250.67999,250.71001,250.64999,250.71001,15452,1888020000000,0.790,22
6541,2021-05-28 13:49:00.0000000,250.66000,250.73000,250.66000,250.69000,29248,1887860000000,0.790,22
6542,2021-05-28 13:50:00.0000000,250.64500,250.67000,250.60001,250.67000,32696,1887750000000,0.790,22
6543,2021-05-28 13:51:00.0000000,250.63820,250.67000,250.62000,250.64000,25226,1887700000000,0.790,22
6544,2021-05-28 13:52:00.0000000,250.69000,250.71001,250.62000,250.63000,24848,1888090000000,0.790,22
6545,2021-05-28 13:53:00.0000000,250.72150,250.75000,250.70500,250.70500,18194,1888330000000,0.790,22
6546,2021-05-28 13:54:00.0000000,250.74500,250.75000,250.69000,250.71770,9595,1888500000000,0.790,22
6547,2021-05-28 13:55:00.0000000,250.75990,250.75990,250.72000,250.75000,15061,1888620000000,0.790,22
6548,2021-05-28 13:56:00.0000000,250.81000,250.85001,250.74770,250.74770,15553,1888990000000,0.790,22
6549,2021-05-28 13:57:00.0000000,250.77670,250.80000,250.74001,250.80000,14853,1888740000000,0.790,22
6550,2021-05-28 13:58:00.0000000,250.78000,250.80000,250.75999,250.77000,10340,1888770000000,0.790,22
6551,2021-05-28 13:59:00.0000000,250.81000,250.81000,250.74001,250.78000,14492,1888990000000,0.790,22
6552,2021-05-28 14:00:00.0000000,250.74500,250.85001,250.74001,250.82001,23433,1888500000000,0.790,22
6553,2021-05-28 14:01:00.0000000,250.74001,250.78300,250.72000,250.74001,37383,1888470000000,0.790,22
6554,2021-05-28 14:02:00.0000000,250.71010,250.75681,250.70000,250.75000,22422,1888240000000,0.790,22
6555,2021-05-28 14:03:00.0000000,250.78000,250.80000,250.73000,250.73000,17879,1888770000000,0.790,22
6556,2021-05-28 14:04:00.0000000,250.78551,250.78999,250.74200,250.77991,14042,1888810000000,0.790,22
6557,2021-05-28 14:05:00.0000000,250.78000,250.78000,250.73000,250.78000,10388,1888770000000,0.790,22
6558,2021-05-28 14:06:00.0000000,250.80000,250.81000,250.75000,250.78000,28699,1888920000000,0.790,22
6559,2021-05-28 14:07:00.0000000,250.78999,250.85001,250.78999,250.80000,25763,1888840000000,0.790,22
6560,2021-05-28 14:08:00.0000000,250.78999,250.84000,250.69000,250.80000,34136,1888840000000,0.790,22
6561,2021-05-28 14:09:00.0000000,250.70000,250.83000,250.70000,250.80499,24075,1888170000000,0.790,22
6562,2021-05-28 14:10:00.0000000,250.62000,250.70500,250.62000,250.70000,24458,1887560000000,0.790,22
6563,2021-05-28 14:11:00.0000000,250.57001,250.61000,250.50000,250.61000,62055,1887190000000,0.790,22
6564,2021-05-28 14:12:00.0000000,250.67999,250.69000,250.55000,250.56000,20402,1888020000000,0.790,22
6565,2021-05-28 14:13:00.0000000,250.67870,250.69000,250.63000,250.67999,14184,1888010000000,0.790,22
6566,2021-05-28 14:14:00.0000000,250.70000,250.73000,250.66000,250.67000,9069,1888170000000,0.790,22
6567,2021-05-28 14:15:00.0000000,250.70000,250.73000,250.64000,250.67000,14355,1888170000000,0.790,22
6568,2021-05-28 14:16:00.0000000,250.73000,250.75999,250.71001,250.72000,18629,1888390000000,0.790,22
6569,2021-05-28 14:17:00.0000000,250.69000,250.73500,250.69000,250.72000,19328,1888090000000,0.790,22
6570,2021-05-28 14:18:00.0000000,250.70630,250.71001,250.63000,250.69501,18459,1888210000000,0.790,22
6571,2021-05-28 14:19:00.0000000,250.73000,250.73000,250.66000,250.69000,27521,1888390000000,0.790,22
6572,2021-05-28 14:20:00.0000000,250.67751,250.72000,250.64000,250.72000,38990,1888000000000,0.790,22
6573,2021-05-28 14:21:00.0000000,250.70990,250.71001,250.64000,250.67999,10042,1888240000000,0.790,22
6574,2021-05-28 14:22:00.0000000,250.70000,250.74001,250.67860,250.71671,12973,1888170000000,0.790,22
6575,2021-05-28 14:23:00.0000000,250.74001,250.74001,250.67999,250.70500,20828,1888470000000,0.790,22
6576,2021-05-28 14:24:00.0000000,250.78000,250.78999,250.75830,250.75999,32992,1888770000000,0.790,22
6577,2021-05-28 14:25:00.0000000,250.73000,250.78000,250.72000,250.78000,16510,1888390000000,0.790,22
6578,2021-05-28 14:26:00.0000000,250.78500,250.80000,250.73000,250.74001,17673,1888810000000,0.790,22
6579,2021-05-28 14:27:00.0000000,250.85001,250.87000,250.78500,250.78500,25302,1889300000000,0.790,22
6580,2021-05-28 14:28:00.0000000,250.82001,250.88000,250.82001,250.86000,15888,1889070000000,0.790,22
6581,2021-05-28 14:29:00.0000000,250.88000,250.89999,250.83501,250.85001,14157,1889520000000,0.790,22
6582,2021-05-28 14:30:00.0000000,250.80000,250.91000,250.78000,250.91000,22119,1888920000000,0.790,22
6583,2021-05-28 14:31:00.0000000,250.77499,250.82001,250.75000,250.80499,36724,1888730000000,0.790,22
6584,2021-05-28 14:32:00.0000000,250.80000,250.83150,250.77000,250.78000,23667,1888920000000,0.790,22
6585,2021-05-28 14:33:00.0000000,250.81000,250.84000,250.78000,250.81000,20665,1888990000000,0.790,22
6586,2021-05-28 14:34:00.0000000,250.84340,250.85001,250.80000,250.81000,11726,1889250000000,0.790,22
6587,2021-05-28 14:35:00.0000000,250.88000,250.89000,250.81000,250.84500,14113,1889520000000,0.790,22
6588,2021-05-28 14:36:00.0000000,250.87000,250.89861,250.81000,250.89861,17948,1889450000000,0.790,22
6589,2021-05-28 14:37:00.0000000,250.86000,250.89000,250.86000,250.86000,10846,1889370000000,0.790,22
6590,2021-05-28 14:38:00.0000000,250.86000,250.88000,250.83000,250.87000,10620,1889370000000,0.790,22
6591,2021-05-28 14:39:00.0000000,250.87000,250.89000,250.85001,250.85001,10116,1889450000000,0.790,22
6592,2021-05-28 14:40:00.0000000,250.88000,250.89999,250.86000,250.88000,10884,1889520000000,0.790,22
6593,2021-05-28 14:41:00.0000000,250.91000,250.92999,250.88499,250.89000,14871,1889750000000,0.790,22
6594,2021-05-28 14:42:00.0000000,250.92999,250.92999,250.89000,250.89999,13305,1889900000000,0.790,22
6595,2021-05-28 14:43:00.0000000,250.92000,250.93559,250.91000,250.92000,15642,1889820000000,0.790,22
6596,2021-05-28 14:44:00.0000000,250.89999,250.95000,250.88000,250.92000,39208,1889670000000,0.790,22
6597,2021-05-28 14:45:00.0000000,250.92000,250.92999,250.88000,250.89169,17069,1889820000000,0.790,22
6598,2021-05-28 14:46:00.0000000,250.92500,250.92999,250.90010,250.91991,10208,1889860000000,0.790,22
6599,2021-05-28 14:47:00.0000000,250.96001,250.97000,250.92450,250.92999,26610,1890120000000,0.790,22
6600,2021-05-28 14:48:00.0000000,250.91499,250.97000,250.89000,250.97000,22113,1889790000000,0.790,22
6601,2021-05-28 14:49:00.0000000,250.94000,250.95000,250.91000,250.91000,20924,1889970000000,0.790,22
6602,2021-05-28 14:50:00.0000000,250.91000,250.96001,250.91000,250.94000,19765,1889750000000,0.790,22
6603,2021-05-28 14:51:00.0000000,250.91000,250.94000,250.89751,250.91499,13270,1889750000000,0.790,22
6604,2021-05-28 14:52:00.0000000,250.86000,250.89999,250.82001,250.89999,24960,1889370000000,0.790,22
6605,2021-05-28 14:53:00.0000000,250.86501,250.87990,250.83501,250.86000,15699,1889410000000,0.790,22
6606,2021-05-28 14:54:00.0000000,250.87000,250.88000,250.82001,250.86000,17914,1889450000000,0.790,22
6607,2021-05-28 14:55:00.0000000,250.87000,250.90500,250.86839,250.87000,14111,1889450000000,0.790,22
6608,2021-05-28 14:56:00.0000000,250.91000,250.92000,250.88000,250.88000,12645,1889750000000,0.790,22
6609,2021-05-28 14:57:00.0000000,250.80000,250.91000,250.78000,250.89999,49768,1888920000000,0.790,22
6610,2021-05-28 14:58:00.0000000,250.78000,250.87000,250.78000,250.81000,20243,1888770000000,0.790,22
6611,2021-05-28 14:59:00.0000000,250.81000,250.85001,250.78500,250.78500,16310,1888990000000,0.790,22
6612,2021-05-28 15:00:00.0000000,250.75999,250.80000,250.69000,250.80000,72733,1888620000000,0.790,22
6613,2021-05-28 09:30:00.0000000,136.75000,136.80000,136.24001,136.24001,140777,174350000000,0.850,23
6614,2021-05-28 09:31:00.0000000,136.48000,136.72000,136.39999,136.72000,9932,174006000000,0.850,23
6615,2021-05-28 09:32:00.0000000,136.28000,136.57001,136.27000,136.52499,23189,173751000000,0.850,23
6616,2021-05-28 09:33:00.0000000,136.14000,136.31000,136.09000,136.22000,43431,173573000000,0.850,23
6617,2021-05-28 09:34:00.0000000,136.35001,136.39999,136.12000,136.17500,30882,173840000000,0.850,23
6618,2021-05-28 09:35:00.0000000,136.47000,136.47000,136.25000,136.32001,16488,173993000000,0.850,23
6619,2021-05-28 09:36:00.0000000,136.73000,136.80000,136.45000,136.47000,27534,174325000000,0.850,23
6620,2021-05-28 09:37:00.0000000,136.64999,136.87000,136.64000,136.73000,14523,174223000000,0.850,23
6621,2021-05-28 09:38:00.0000000,136.75000,136.75000,136.58000,136.64000,8136,174350000000,0.850,23
6622,2021-05-28 09:39:00.0000000,136.81000,136.81000,136.67999,136.67999,15177,174427000000,0.850,23
6623,2021-05-28 09:40:00.0000000,136.64000,136.92000,136.57001,136.81000,19126,174210000000,0.850,23
6624,2021-05-28 09:41:00.0000000,136.62000,136.71140,136.58000,136.64000,12031,174184000000,0.850,23
6625,2021-05-28 09:42:00.0000000,136.49001,136.60001,136.44000,136.60001,9857,174019000000,0.850,23
6626,2021-05-28 09:43:00.0000000,136.52000,136.64999,136.52000,136.53000,9400,174057000000,0.850,23
6627,2021-05-28 09:44:00.0000000,136.56000,136.56000,136.50000,136.52000,2675,174108000000,0.850,23
6628,2021-05-28 09:45:00.0000000,136.65500,136.82001,136.56000,136.56000,14711,174229000000,0.850,23
6629,2021-05-28 09:46:00.0000000,136.78999,136.80000,136.73000,136.74001,8378,174401000000,0.850,23
6630,2021-05-28 09:47:00.0000000,136.78000,136.84000,136.75000,136.78999,7991,174388000000,0.850,23
6631,2021-05-28 09:48:00.0000000,136.78500,136.81000,136.71001,136.75999,9511,174395000000,0.850,23
6632,2021-05-28 09:49:00.0000000,136.78000,136.92000,136.77000,136.81000,10932,174388000000,0.850,23
6633,2021-05-28 09:50:00.0000000,136.75999,136.81000,136.69000,136.75999,7678,174363000000,0.850,23
6634,2021-05-28 09:51:00.0000000,136.81000,136.81000,136.67999,136.72000,5100,174427000000,0.850,23
6635,2021-05-28 09:52:00.0000000,136.87000,136.92999,136.78999,136.81000,11340,174503000000,0.850,23
6636,2021-05-28 09:53:00.0000000,136.75999,136.86000,136.75999,136.86000,2914,174363000000,0.850,23
6637,2021-05-28 09:54:00.0000000,136.77000,136.80000,136.74001,136.78000,6824,174376000000,0.850,23
6638,2021-05-28 09:55:00.0000000,136.78000,136.78000,136.72000,136.72000,3551,174388000000,0.850,23
6639,2021-05-28 09:56:00.0000000,136.75999,136.77000,136.69000,136.75999,8761,174363000000,0.850,23
6640,2021-05-28 09:57:00.0000000,136.82001,136.84000,136.78000,136.78999,5778,174439000000,0.850,23
6641,2021-05-28 09:58:00.0000000,136.78000,136.82500,136.77000,136.81000,3386,174388000000,0.850,23
6642,2021-05-28 09:59:00.0000000,136.80020,136.80499,136.70000,136.78000,11954,174414000000,0.850,23
6643,2021-05-28 10:00:00.0000000,136.78000,136.89000,136.76500,136.80499,15745,174388000000,0.850,23
6644,2021-05-28 10:01:00.0000000,136.85001,136.96001,136.78999,136.78999,12318,174478000000,0.850,23
6645,2021-05-28 10:02:00.0000000,136.78999,136.87000,136.77000,136.87000,3203,174401000000,0.850,23
6646,2021-05-28 10:03:00.0000000,136.88000,136.88000,136.78999,136.81000,6806,174516000000,0.850,23
6647,2021-05-28 10:04:00.0000000,136.89000,136.89000,136.75999,136.86000,10016,174529000000,0.850,23
6648,2021-05-28 10:05:00.0000000,136.94000,136.97000,136.88499,136.89999,11830,174592000000,0.850,23
6649,2021-05-28 10:06:00.0000000,136.82500,136.93500,136.82001,136.92999,11346,174446000000,0.850,23
6650,2021-05-28 10:07:00.0000000,136.92000,136.92000,136.85001,136.86000,5785,174567000000,0.850,23
6651,2021-05-28 10:08:00.0000000,136.92000,136.92999,136.89999,136.92000,6532,174567000000,0.850,23
6652,2021-05-28 10:09:00.0000000,136.87000,136.93649,136.85001,136.91000,8098,174503000000,0.850,23
6653,2021-05-28 10:10:00.0000000,136.89000,136.89000,136.85001,136.88000,4899,174529000000,0.850,23
6654,2021-05-28 10:11:00.0000000,136.66000,136.88000,136.66000,136.88000,10584,174235000000,0.850,23
6655,2021-05-28 10:12:00.0000000,136.55000,136.67999,136.53999,136.66000,11256,174095000000,0.850,23
6656,2021-05-28 10:13:00.0000000,136.57001,136.61000,136.53999,136.53999,4266,174121000000,0.850,23
6657,2021-05-28 10:14:00.0000000,136.45500,136.57001,136.45000,136.57001,12151,173974000000,0.850,23
6658,2021-05-28 10:15:00.0000000,136.59000,136.62000,136.45000,136.45500,13748,174146000000,0.850,23
6659,2021-05-28 10:16:00.0000000,136.60001,136.60001,136.56000,136.57001,3810,174159000000,0.850,23
6660,2021-05-28 10:17:00.0000000,136.61000,136.63000,136.56000,136.61501,5532,174172000000,0.850,23
6661,2021-05-28 10:18:00.0000000,136.60001,136.64000,136.56500,136.63000,10730,174159000000,0.850,23
6662,2021-05-28 10:19:00.0000000,136.39000,136.59000,136.36000,136.59000,14899,173891000000,0.850,23
6663,2021-05-28 10:20:00.0000000,136.46001,136.50999,136.39999,136.39999,7199,173981000000,0.850,23
6664,2021-05-28 10:21:00.0000000,136.47000,136.47501,136.44000,136.46001,4038,173993000000,0.850,23
6665,2021-05-28 10:22:00.0000000,136.48000,136.50999,136.45000,136.50999,5763,174006000000,0.850,23
6666,2021-05-28 10:23:00.0000000,136.44000,136.48000,136.42000,136.48000,5797,173955000000,0.850,23
6667,2021-05-28 10:24:00.0000000,136.38000,136.41000,136.36000,136.40500,10090,173879000000,0.850,23
6668,2021-05-28 10:25:00.0000000,136.27000,136.36000,136.27000,136.36000,7778,173738000000,0.850,23
6669,2021-05-28 10:26:00.0000000,136.33000,136.33000,136.25999,136.28000,6347,173815000000,0.850,23
6670,2021-05-28 10:27:00.0000000,136.38000,136.41499,136.33701,136.35001,9165,173879000000,0.850,23
6671,2021-05-28 10:28:00.0000000,136.45000,136.45000,136.35001,136.36000,6041,173968000000,0.850,23
6672,2021-05-28 10:29:00.0000000,136.42999,136.47000,136.42900,136.45000,4800,173942000000,0.850,23
6673,2021-05-28 10:30:00.0000000,136.53000,136.58000,136.42999,136.42999,8312,174070000000,0.850,23
6674,2021-05-28 10:31:00.0000000,136.62880,136.62880,136.53999,136.54500,5675,174196000000,0.850,23
6675,2021-05-28 10:32:00.0000000,136.66000,136.70000,136.61000,136.64999,11669,174235000000,0.850,23
6676,2021-05-28 10:33:00.0000000,136.67999,136.67999,136.63000,136.66510,5366,174261000000,0.850,23
6677,2021-05-28 10:34:00.0000000,136.72000,136.72000,136.67000,136.67000,5514,174312000000,0.850,23
6678,2021-05-28 10:35:00.0000000,136.74001,136.78999,136.73000,136.75000,6649,174337000000,0.850,23
6679,2021-05-28 10:36:00.0000000,136.75999,136.75999,136.70000,136.74001,7260,174363000000,0.850,23
6680,2021-05-28 10:37:00.0000000,136.71001,136.75999,136.71001,136.75999,5343,174299000000,0.850,23
6681,2021-05-28 10:38:00.0000000,136.75000,136.75000,136.67999,136.71001,4915,174350000000,0.850,23
6682,2021-05-28 10:39:00.0000000,136.74001,136.77000,136.73000,136.77000,4674,174337000000,0.850,23
6683,2021-05-28 10:40:00.0000000,136.85001,136.85001,136.73000,136.73000,7131,174478000000,0.850,23
6684,2021-05-28 10:41:00.0000000,136.81000,136.85001,136.78000,136.85001,4665,174427000000,0.850,23
6685,2021-05-28 10:42:00.0000000,136.78999,136.85001,136.78000,136.83000,6424,174401000000,0.850,23
6686,2021-05-28 10:43:00.0000000,136.81000,136.81000,136.77000,136.78999,6743,174427000000,0.850,23
6687,2021-05-28 10:44:00.0000000,136.84000,136.85001,136.78999,136.81500,6224,174465000000,0.850,23
6688,2021-05-28 10:45:00.0000000,136.80000,136.85500,136.78999,136.85500,6322,174414000000,0.850,23
6689,2021-05-28 10:46:00.0000000,136.67000,136.80000,136.66000,136.80000,7124,174248000000,0.850,23
6690,2021-05-28 10:47:00.0000000,136.66000,136.67999,136.66000,136.66000,5773,174235000000,0.850,23
6691,2021-05-28 10:48:00.0000000,136.61000,136.66000,136.60001,136.66000,17360,174172000000,0.850,23
6692,2021-05-28 10:49:00.0000000,136.61501,136.67999,136.60001,136.61000,11571,174178000000,0.850,23
6693,2021-05-28 10:50:00.0000000,136.66000,136.66000,136.61000,136.61000,6419,174235000000,0.850,23
6694,2021-05-28 10:51:00.0000000,136.56000,136.66000,136.56000,136.66000,4565,174108000000,0.850,23
6695,2021-05-28 10:52:00.0000000,136.59000,136.61000,136.58000,136.58000,8349,174146000000,0.850,23
6696,2021-05-28 10:53:00.0000000,136.55000,136.59000,136.53000,136.59000,16100,174095000000,0.850,23
6697,2021-05-28 10:54:00.0000000,136.58000,136.61000,136.55499,136.56000,5536,174133000000,0.850,23
6698,2021-05-28 10:55:00.0000000,136.61000,136.61000,136.56000,136.59000,7390,174172000000,0.850,23
6699,2021-05-28 10:56:00.0000000,136.64000,136.64000,136.59000,136.61000,10144,174210000000,0.850,23
6700,2021-05-28 10:57:00.0000000,136.50999,136.62000,136.50999,136.62000,5664,174044000000,0.850,23
6701,2021-05-28 10:58:00.0000000,136.41000,136.53000,136.41000,136.51500,12285,173917000000,0.850,23
6702,2021-05-28 10:59:00.0000000,136.45000,136.50000,136.42000,136.42000,8331,173968000000,0.850,23
6703,2021-05-28 11:00:00.0000000,136.46001,136.47510,136.44000,136.44000,7035,173981000000,0.850,23
6704,2021-05-28 11:01:00.0000000,136.53000,136.53000,136.45000,136.46001,7704,174070000000,0.850,23
6705,2021-05-28 11:02:00.0000000,136.52000,136.58000,136.52000,136.53000,3955,174057000000,0.850,23
6706,2021-05-28 11:03:00.0000000,136.45000,136.52000,136.44000,136.52000,10545,173968000000,0.850,23
6707,2021-05-28 11:04:00.0000000,136.40500,136.46001,136.38000,136.44000,7201,173910000000,0.850,23
6708,2021-05-28 11:05:00.0000000,136.42999,136.42999,136.32001,136.41000,16304,173942000000,0.850,23
6709,2021-05-28 11:06:00.0000000,136.41000,136.44000,136.39999,136.42500,5015,173917000000,0.850,23
6710,2021-05-28 11:07:00.0000000,136.33000,136.42000,136.33000,136.42000,8053,173815000000,0.850,23
6711,2021-05-28 11:08:00.0000000,136.39000,136.39000,136.33000,136.33501,8288,173891000000,0.850,23
6712,2021-05-28 11:09:00.0000000,136.37500,136.41499,136.37000,136.39999,3050,173872000000,0.850,23
6713,2021-05-28 11:10:00.0000000,136.36000,136.39000,136.35001,136.38000,10063,173853000000,0.850,23
6714,2021-05-28 11:11:00.0000000,136.36000,136.39999,136.35500,136.36000,5539,173853000000,0.850,23
6715,2021-05-28 11:12:00.0000000,136.34000,136.41000,136.34000,136.37000,5971,173827000000,0.850,23
6716,2021-05-28 11:13:00.0000000,136.34000,136.34000,136.28999,136.30000,4436,173827000000,0.850,23
6717,2021-05-28 11:14:00.0000000,136.28000,136.32001,136.25999,136.32001,9222,173751000000,0.850,23
6718,2021-05-28 11:15:00.0000000,136.39000,136.40500,136.28000,136.28000,8433,173891000000,0.850,23
6719,2021-05-28 11:16:00.0000000,136.38000,136.38000,136.34000,136.38000,3617,173879000000,0.850,23
6720,2021-05-28 11:17:00.0000000,136.36000,136.38000,136.36000,136.37000,2327,173853000000,0.850,23
6721,2021-05-28 11:18:00.0000000,136.37000,136.37000,136.34000,136.37000,4314,173866000000,0.850,23
6722,2021-05-28 11:19:00.0000000,136.45000,136.45000,136.37000,136.37000,5992,173968000000,0.850,23
6723,2021-05-28 11:20:00.0000000,136.41000,136.45000,136.40500,136.45000,4355,173917000000,0.850,23
6724,2021-05-28 11:21:00.0000000,136.42999,136.44501,136.39999,136.41000,7223,173942000000,0.850,23
6725,2021-05-28 11:22:00.0000000,136.47000,136.49001,136.44000,136.44000,5697,173993000000,0.850,23
6726,2021-05-28 11:23:00.0000000,136.46001,136.52000,136.46001,136.46001,8252,173981000000,0.850,23
6727,2021-05-28 11:24:00.0000000,136.50000,136.50999,136.45000,136.46001,6349,174031000000,0.850,23
6728,2021-05-28 11:25:00.0000000,136.49001,136.50999,136.47000,136.49500,6252,174019000000,0.850,23
6729,2021-05-28 11:26:00.0000000,136.44000,136.48000,136.44000,136.48000,7694,173955000000,0.850,23
6730,2021-05-28 11:27:00.0000000,136.42999,136.46001,136.38380,136.44000,7687,173942000000,0.850,23
6731,2021-05-28 11:28:00.0000000,136.44000,136.45000,136.42000,136.42000,5813,173955000000,0.850,23
6732,2021-05-28 11:29:00.0000000,136.48000,136.49001,136.44000,136.44000,3953,174006000000,0.850,23
6733,2021-05-28 11:30:00.0000000,136.50999,136.53000,136.46001,136.46001,7548,174044000000,0.850,23
6734,2021-05-28 11:31:00.0000000,136.55000,136.55000,136.49001,136.49001,6198,174095000000,0.850,23
6735,2021-05-28 11:32:00.0000000,136.60310,136.61000,136.55000,136.55000,10200,174163000000,0.850,23
6736,2021-05-28 11:33:00.0000000,136.65500,136.65500,136.61501,136.61501,8995,174229000000,0.850,23
6737,2021-05-28 11:34:00.0000000,136.63499,136.64999,136.62350,136.63499,4403,174204000000,0.850,23
6738,2021-05-28 11:35:00.0000000,136.66000,136.66600,136.59000,136.63000,4636,174235000000,0.850,23
6739,2021-05-28 11:36:00.0000000,136.64999,136.70000,136.64999,136.67500,8269,174223000000,0.850,23
6740,2021-05-28 11:37:00.0000000,136.71001,136.72000,136.67000,136.67000,3900,174299000000,0.850,23
6741,2021-05-28 11:38:00.0000000,136.72000,136.73000,136.70000,136.71460,6651,174312000000,0.850,23
6742,2021-05-28 11:39:00.0000000,136.74500,136.75999,136.72000,136.72000,5745,174344000000,0.850,23
6743,2021-05-28 11:40:00.0000000,136.77000,136.78000,136.74001,136.75500,4799,174376000000,0.850,23
6744,2021-05-28 11:41:00.0000000,136.74001,136.78500,136.74001,136.77000,3505,174337000000,0.850,23
6745,2021-05-28 11:42:00.0000000,136.74001,136.75999,136.73000,136.75211,6855,174337000000,0.850,23
6746,2021-05-28 11:43:00.0000000,136.74500,136.75000,136.73500,136.74001,4875,174344000000,0.850,23
6747,2021-05-28 11:44:00.0000000,136.78999,136.80000,136.75000,136.75000,6744,174401000000,0.850,23
6748,2021-05-28 11:45:00.0000000,136.79500,136.79601,136.78000,136.78999,10833,174408000000,0.850,23
6749,2021-05-28 11:46:00.0000000,136.77000,136.84000,136.75999,136.79500,10055,174376000000,0.850,23
6750,2021-05-28 11:47:00.0000000,136.79201,136.79201,136.77000,136.77000,4147,174404000000,0.850,23
6751,2021-05-28 11:48:00.0000000,136.75000,136.78999,136.73500,136.78999,6690,174350000000,0.850,23
6752,2021-05-28 11:49:00.0000000,136.78000,136.78000,136.73000,136.74001,4031,174388000000,0.850,23
6753,2021-05-28 11:50:00.0000000,136.74001,136.77000,136.74001,136.77000,3897,174337000000,0.850,23
6754,2021-05-28 11:51:00.0000000,136.75000,136.78999,136.74001,136.77000,5039,174350000000,0.850,23
6755,2021-05-28 11:52:00.0000000,136.78999,136.80000,136.75999,136.75999,2959,174401000000,0.850,23
6756,2021-05-28 11:53:00.0000000,136.81990,136.82001,136.78999,136.80000,6100,174439000000,0.850,23
6757,2021-05-28 11:54:00.0000000,136.78999,136.83000,136.75000,136.81000,20003,174401000000,0.850,23
6758,2021-05-28 11:55:00.0000000,136.86000,136.87000,136.80000,136.80000,7918,174490000000,0.850,23
6759,2021-05-28 11:56:00.0000000,136.92999,136.95000,136.85001,136.86200,20980,174580000000,0.850,23
6760,2021-05-28 11:57:00.0000000,136.95000,136.95000,136.89000,136.92000,4957,174605000000,0.850,23
6761,2021-05-28 11:58:00.0000000,137.00999,137.02000,136.96001,136.96001,13289,174682000000,0.850,23
6762,2021-05-28 11:59:00.0000000,137.00999,137.03999,137.00000,137.02000,14334,174682000000,0.850,23
6763,2021-05-28 12:00:00.0000000,136.92999,136.99001,136.88000,136.98000,9294,174580000000,0.850,23
6764,2021-05-28 12:01:00.0000000,136.95000,136.96001,136.92999,136.92999,4099,174605000000,0.850,23
6765,2021-05-28 12:02:00.0000000,137.02499,137.02499,136.97000,136.97000,3687,174701000000,0.850,23
6766,2021-05-28 12:03:00.0000000,137.02000,137.05000,137.00000,137.00999,7062,174694000000,0.850,23
6767,2021-05-28 12:04:00.0000000,137.07500,137.08000,137.03500,137.03999,7228,174765000000,0.850,23
6768,2021-05-28 12:05:00.0000000,137.00500,137.11000,137.00500,137.11000,5634,174675000000,0.850,23
6769,2021-05-28 12:06:00.0000000,137.01500,137.03000,137.00000,137.00000,5351,174688000000,0.850,23
6770,2021-05-28 12:07:00.0000000,137.09000,137.09000,137.02000,137.02000,4447,174784000000,0.850,23
6771,2021-05-28 12:08:00.0000000,137.05499,137.12000,137.05000,137.09000,14650,174739000000,0.850,23
6772,2021-05-28 12:09:00.0000000,137.11000,137.12869,137.05000,137.06000,14819,174809000000,0.850,23
6773,2021-05-28 12:10:00.0000000,137.11000,137.12000,137.09000,137.12000,10167,174809000000,0.850,23
6774,2021-05-28 12:11:00.0000000,137.16000,137.17999,137.11000,137.12000,16789,174873000000,0.850,23
6775,2021-05-28 12:12:00.0000000,137.19000,137.25000,137.13499,137.16499,28023,174911000000,0.850,23
6776,2021-05-28 12:13:00.0000000,137.19000,137.23000,137.19000,137.21001,9116,174911000000,0.850,23
6777,2021-05-28 12:14:00.0000000,137.28000,137.28000,137.19991,137.19991,5876,175026000000,0.850,23
6778,2021-05-28 12:15:00.0000000,137.28000,137.35500,137.27000,137.28999,33232,175026000000,0.850,23
6779,2021-05-28 12:16:00.0000000,137.25000,137.31000,137.25000,137.28999,7270,174988000000,0.850,23
6780,2021-05-28 12:17:00.0000000,137.23000,137.25500,137.22000,137.23000,6242,174962000000,0.850,23
6781,2021-05-28 12:18:00.0000000,137.22000,137.28999,137.22000,137.22301,8918,174949000000,0.850,23
6782,2021-05-28 12:19:00.0000000,137.28000,137.32001,137.21001,137.21001,13131,175026000000,0.850,23
6783,2021-05-28 12:20:00.0000000,137.28000,137.31500,137.28000,137.30000,4541,175026000000,0.850,23
6784,2021-05-28 12:21:00.0000000,137.25500,137.28000,137.20000,137.28000,8778,174994000000,0.850,23
6785,2021-05-28 12:22:00.0000000,137.25999,137.25999,137.24001,137.25500,5654,175000000000,0.850,23
6786,2021-05-28 12:23:00.0000000,137.27000,137.28000,137.25000,137.25999,2441,175013000000,0.850,23
6787,2021-05-28 12:24:00.0000000,137.25999,137.28999,137.25000,137.27000,5362,175000000000,0.850,23
6788,2021-05-28 12:25:00.0000000,137.25999,137.27000,137.25000,137.25000,5511,175000000000,0.850,23
6789,2021-05-28 12:26:00.0000000,137.25000,137.31000,137.25000,137.27000,6625,174988000000,0.850,23
6790,2021-05-28 12:27:00.0000000,137.25999,137.28999,137.25999,137.25999,4739,175000000000,0.850,23
6791,2021-05-28 12:28:00.0000000,137.21500,137.27000,137.21500,137.25999,4022,174943000000,0.850,23
6792,2021-05-28 12:29:00.0000000,137.22000,137.25999,137.22000,137.23000,9320,174949000000,0.850,23
6793,2021-05-28 12:30:00.0000000,137.23000,137.25500,137.21001,137.23000,5663,174962000000,0.850,23
6794,2021-05-28 12:31:00.0000000,137.23500,137.24001,137.22009,137.24001,2595,174969000000,0.850,23
6795,2021-05-28 12:32:00.0000000,137.20000,137.24001,137.20000,137.24001,4533,174924000000,0.850,23
6796,2021-05-28 12:33:00.0000000,137.14999,137.20900,137.14500,137.20900,4071,174860000000,0.850,23
6797,2021-05-28 12:34:00.0000000,137.14000,137.17000,137.12000,137.14000,5075,174847000000,0.850,23
6798,2021-05-28 12:35:00.0000000,137.16499,137.16499,137.14000,137.14000,1761,174879000000,0.850,23
6799,2021-05-28 12:36:00.0000000,137.14000,137.17999,137.14000,137.16000,5483,174847000000,0.850,23
6800,2021-05-28 12:37:00.0000000,137.13000,137.13000,137.11000,137.12000,2804,174835000000,0.850,23
6801,2021-05-28 12:38:00.0000000,137.10001,137.12000,137.08000,137.12000,4757,174796000000,0.850,23
6802,2021-05-28 12:39:00.0000000,137.13000,137.13000,137.11000,137.11000,2838,174835000000,0.850,23
6803,2021-05-28 12:40:00.0000000,137.17000,137.17000,137.14000,137.14000,3029,174886000000,0.850,23
6804,2021-05-28 12:41:00.0000000,137.19000,137.24001,137.17000,137.17000,13764,174911000000,0.850,23
6805,2021-05-28 12:42:00.0000000,137.16000,137.20000,137.16000,137.17000,4727,174873000000,0.850,23
6806,2021-05-28 12:43:00.0000000,137.25000,137.25000,137.17000,137.17000,7192,174988000000,0.850,23
6807,2021-05-28 12:44:00.0000000,137.22701,137.24001,137.21001,137.24001,6018,174958000000,0.850,23
6808,2021-05-28 12:45:00.0000000,137.25000,137.25999,137.23000,137.23000,3859,174988000000,0.850,23
6809,2021-05-28 12:46:00.0000000,137.25999,137.28000,137.23000,137.25560,5217,175000000000,0.850,23
6810,2021-05-28 12:47:00.0000000,137.22000,137.26500,137.22000,137.24001,4951,174949000000,0.850,23
6811,2021-05-28 12:48:00.0000000,137.10001,137.19501,137.10001,137.19501,9336,174796000000,0.850,23
6812,2021-05-28 12:49:00.0000000,137.14999,137.14999,137.11000,137.11000,3627,174860000000,0.850,23
6813,2021-05-28 12:50:00.0000000,137.14000,137.15500,137.10001,137.15500,3023,174847000000,0.850,23
6814,2021-05-28 12:51:00.0000000,137.12000,137.17000,137.12000,137.13000,8510,174822000000,0.850,23
6815,2021-05-28 12:52:00.0000000,137.14500,137.14500,137.12000,137.12000,3383,174854000000,0.850,23
6816,2021-05-28 12:53:00.0000000,137.16000,137.17999,137.14999,137.14999,2348,174873000000,0.850,23
6817,2021-05-28 12:54:00.0000000,137.14101,137.16000,137.13000,137.14999,6597,174849000000,0.850,23
6818,2021-05-28 12:55:00.0000000,137.14000,137.14999,137.12500,137.14500,3827,174847000000,0.850,23
6819,2021-05-28 12:56:00.0000000,137.10001,137.14000,137.10001,137.14000,2299,174796000000,0.850,23
6820,2021-05-28 12:57:00.0000000,137.10001,137.11000,137.07001,137.11000,3584,174796000000,0.850,23
6821,2021-05-28 12:58:00.0000000,137.12000,137.13000,137.10500,137.10500,4417,174822000000,0.850,23
6822,2021-05-28 12:59:00.0000000,137.12000,137.14000,137.12000,137.13000,2034,174822000000,0.850,23
6823,2021-05-28 13:00:00.0000000,137.17999,137.18500,137.13000,137.13000,3608,174898000000,0.850,23
6824,2021-05-28 13:01:00.0000000,137.16000,137.17999,137.14500,137.17999,4537,174873000000,0.850,23
6825,2021-05-28 13:02:00.0000000,137.13499,137.14999,137.13000,137.14999,1663,174841000000,0.850,23
6826,2021-05-28 13:03:00.0000000,137.14000,137.15500,137.13170,137.13170,2606,174847000000,0.850,23
6827,2021-05-28 13:04:00.0000000,137.15500,137.17500,137.15500,137.15500,2540,174867000000,0.850,23
6828,2021-05-28 13:05:00.0000000,137.12500,137.16000,137.12000,137.16000,4118,174828000000,0.850,23
6829,2021-05-28 13:06:00.0000000,137.10001,137.13000,137.08501,137.12500,8467,174796000000,0.850,23
6830,2021-05-28 13:07:00.0000000,137.11501,137.11501,137.08501,137.10001,2862,174816000000,0.850,23
6831,2021-05-28 13:08:00.0000000,137.14999,137.14999,137.08501,137.11000,4536,174860000000,0.850,23
6832,2021-05-28 13:09:00.0000000,137.14500,137.14999,137.14320,137.14320,4872,174854000000,0.850,23
6833,2021-05-28 13:10:00.0000000,137.17999,137.20000,137.14000,137.14000,9721,174898000000,0.850,23
6834,2021-05-28 13:11:00.0000000,137.20000,137.20000,137.19000,137.19000,4095,174924000000,0.850,23
6835,2021-05-28 13:12:00.0000000,137.17000,137.21001,137.17000,137.21001,5601,174886000000,0.850,23
6836,2021-05-28 13:13:00.0000000,137.16000,137.19000,137.16000,137.17000,3824,174873000000,0.850,23
6837,2021-05-28 13:14:00.0000000,137.17000,137.17000,137.14999,137.17000,2440,174886000000,0.850,23
6838,2021-05-28 13:15:00.0000000,137.14780,137.17000,137.14000,137.16499,4695,174857000000,0.850,23
6839,2021-05-28 13:16:00.0000000,137.05000,137.12500,137.05000,137.12500,10936,174733000000,0.850,23
6840,2021-05-28 13:17:00.0000000,137.03500,137.06000,137.03000,137.04500,8634,174714000000,0.850,23
6841,2021-05-28 13:18:00.0000000,137.05000,137.06000,137.03999,137.05000,2390,174733000000,0.850,23
6842,2021-05-28 13:19:00.0000000,137.03999,137.03999,137.00000,137.03999,4230,174720000000,0.850,23
6843,2021-05-28 13:20:00.0000000,137.00000,137.03999,137.00000,137.03999,6676,174669000000,0.850,23
6844,2021-05-28 13:21:00.0000000,136.95000,136.99001,136.95000,136.99001,2069,174605000000,0.850,23
6845,2021-05-28 13:22:00.0000000,136.92000,136.94000,136.90500,136.94000,7366,174567000000,0.850,23
6846,2021-05-28 13:23:00.0000000,136.92590,136.92999,136.89999,136.92000,2898,174575000000,0.850,23
6847,2021-05-28 13:24:00.0000000,136.96001,136.96500,136.92500,136.92500,4264,174618000000,0.850,23
6848,2021-05-28 13:25:00.0000000,136.99001,137.03000,136.94000,136.94501,43831,174656000000,0.850,23
6849,2021-05-28 13:26:00.0000000,137.02000,137.02000,136.99001,136.99001,3594,174694000000,0.850,23
6850,2021-05-28 13:27:00.0000000,137.00500,137.02609,137.00391,137.02609,5466,174675000000,0.850,23
6851,2021-05-28 13:28:00.0000000,137.04500,137.07001,137.02000,137.02000,7949,174726000000,0.850,23
6852,2021-05-28 13:29:00.0000000,137.02000,137.07001,137.00999,137.03999,8275,174694000000,0.850,23
6853,2021-05-28 13:30:00.0000000,137.05000,137.05000,137.02000,137.03999,6586,174733000000,0.850,23
6854,2021-05-28 13:31:00.0000000,137.07001,137.07001,137.06000,137.06000,3739,174758000000,0.850,23
6855,2021-05-28 13:32:00.0000000,137.06149,137.08000,137.06000,137.07001,4741,174747000000,0.850,23
6856,2021-05-28 13:33:00.0000000,137.06500,137.07001,137.05000,137.06000,4046,174752000000,0.850,23
6857,2021-05-28 13:34:00.0000000,137.11000,137.13000,137.06000,137.06000,9022,174809000000,0.850,23
6858,2021-05-28 13:35:00.0000000,137.11000,137.13000,137.11000,137.11000,3848,174809000000,0.850,23
6859,2021-05-28 13:36:00.0000000,137.06000,137.10001,137.06000,137.10001,9316,174745000000,0.850,23
6860,2021-05-28 13:37:00.0000000,137.06000,137.08000,137.06000,137.07001,2158,174745000000,0.850,23
6861,2021-05-28 13:38:00.0000000,137.02000,137.06000,137.01500,137.06000,5141,174694000000,0.850,23
6862,2021-05-28 13:39:00.0000000,136.98000,137.03000,136.98000,137.02000,3529,174643000000,0.850,23
6863,2021-05-28 13:40:00.0000000,136.97000,136.98000,136.97000,136.98000,3366,174631000000,0.850,23
6864,2021-05-28 13:41:00.0000000,136.98000,137.00000,136.96001,136.96001,3290,174643000000,0.850,23
6865,2021-05-28 13:42:00.0000000,137.00000,137.00999,136.99001,136.99001,2384,174669000000,0.850,23
6866,2021-05-28 13:43:00.0000000,137.03450,137.03450,137.00819,137.00999,4105,174713000000,0.850,23
6867,2021-05-28 13:44:00.0000000,137.03999,137.10001,137.03999,137.03999,10396,174720000000,0.850,23
6868,2021-05-28 13:45:00.0000000,136.99500,137.03000,136.98000,137.03000,6765,174663000000,0.850,23
6869,2021-05-28 13:46:00.0000000,137.00999,137.00999,136.97501,136.98500,6725,174682000000,0.850,23
6870,2021-05-28 13:47:00.0000000,136.99001,137.00000,136.99001,137.00000,1889,174656000000,0.850,23
6871,2021-05-28 13:48:00.0000000,136.98000,137.01500,136.97501,137.00000,7003,174643000000,0.850,23
6872,2021-05-28 13:49:00.0000000,137.03000,137.03000,137.00000,137.00000,2574,174707000000,0.850,23
6873,2021-05-28 13:50:00.0000000,137.05000,137.05000,137.02000,137.03000,5781,174733000000,0.850,23
6874,2021-05-28 13:51:00.0000000,137.02499,137.04010,137.00999,137.03999,5082,174701000000,0.850,23
6875,2021-05-28 13:52:00.0000000,137.00999,137.05000,137.00999,137.02499,4381,174682000000,0.850,23
6876,2021-05-28 13:53:00.0000000,137.02000,137.02000,137.00999,137.00999,597,174694000000,0.850,23
6877,2021-05-28 13:54:00.0000000,137.06000,137.06000,136.99001,137.02000,7506,174745000000,0.850,23
6878,2021-05-28 13:55:00.0000000,137.05000,137.06070,137.03500,137.06000,6737,174733000000,0.850,23
6879,2021-05-28 13:56:00.0000000,137.04210,137.06000,137.04210,137.06000,1824,174723000000,0.850,23
6880,2021-05-28 13:57:00.0000000,137.03999,137.05000,137.03000,137.03500,5458,174720000000,0.850,23
6881,2021-05-28 13:58:00.0000000,137.02000,137.03999,137.00999,137.03999,3223,174694000000,0.850,23
6882,2021-05-28 13:59:00.0000000,137.02000,137.02000,137.00999,137.02000,3237,174694000000,0.850,23
6883,2021-05-28 14:00:00.0000000,137.03999,137.07201,137.03000,137.03000,8039,174720000000,0.850,23
6884,2021-05-28 14:01:00.0000000,137.06000,137.06000,137.03999,137.03999,2424,174745000000,0.850,23
6885,2021-05-28 14:02:00.0000000,137.05000,137.06000,137.03000,137.06000,3853,174733000000,0.850,23
6886,2021-05-28 14:03:00.0000000,137.07001,137.09000,137.05000,137.05000,4365,174758000000,0.850,23
6887,2021-05-28 14:04:00.0000000,137.13000,137.13000,137.09500,137.09500,2853,174835000000,0.850,23
6888,2021-05-28 14:05:00.0000000,137.13000,137.14000,137.12000,137.12000,8720,174835000000,0.850,23
6889,2021-05-28 14:06:00.0000000,137.14500,137.14999,137.11501,137.12500,3995,174854000000,0.850,23
6890,2021-05-28 14:07:00.0000000,137.17999,137.17999,137.13499,137.14500,3931,174898000000,0.850,23
6891,2021-05-28 14:08:00.0000000,137.19501,137.20000,137.16000,137.17500,8145,174918000000,0.850,23
6892,2021-05-28 14:09:00.0000000,137.19000,137.20000,137.17500,137.20000,5889,174911000000,0.850,23
6893,2021-05-28 14:10:00.0000000,137.20340,137.21001,137.18500,137.19000,3828,174928000000,0.850,23
6894,2021-05-28 14:11:00.0000000,137.16499,137.20000,137.15500,137.20000,5044,174879000000,0.850,23
6895,2021-05-28 14:12:00.0000000,137.19000,137.20000,137.16499,137.17500,6358,174911000000,0.850,23
6896,2021-05-28 14:13:00.0000000,137.20000,137.20000,137.14000,137.20000,5237,174924000000,0.850,23
6897,2021-05-28 14:14:00.0000000,137.17999,137.20000,137.17000,137.20000,4835,174898000000,0.850,23
6898,2021-05-28 14:15:00.0000000,137.20000,137.20000,137.17999,137.19000,2493,174924000000,0.850,23
6899,2021-05-28 14:16:00.0000000,137.17999,137.21500,137.17999,137.21001,5545,174898000000,0.850,23
6900,2021-05-28 14:17:00.0000000,137.15500,137.17000,137.15500,137.17000,4504,174867000000,0.850,23
6901,2021-05-28 14:18:00.0000000,137.18500,137.18500,137.16000,137.16000,2049,174905000000,0.850,23
6902,2021-05-28 14:19:00.0000000,137.17500,137.18500,137.17000,137.17999,2804,174892000000,0.850,23
6903,2021-05-28 14:20:00.0000000,137.14999,137.17000,137.13000,137.17000,7416,174860000000,0.850,23
6904,2021-05-28 14:21:00.0000000,137.14000,137.15199,137.13000,137.14000,4064,174847000000,0.850,23
6905,2021-05-28 14:22:00.0000000,137.14000,137.14999,137.13499,137.14999,2487,174847000000,0.850,23
6906,2021-05-28 14:23:00.0000000,137.09500,137.14000,137.09500,137.13770,6047,174790000000,0.850,23
6907,2021-05-28 14:24:00.0000000,137.12500,137.13000,137.10001,137.10001,5337,174828000000,0.850,23
6908,2021-05-28 14:25:00.0000000,137.16499,137.16499,137.13000,137.13000,4587,174879000000,0.850,23
6909,2021-05-28 14:26:00.0000000,137.16000,137.16499,137.13499,137.16000,4731,174873000000,0.850,23
6910,2021-05-28 14:27:00.0000000,137.16499,137.17000,137.16000,137.16000,1561,174879000000,0.850,23
6911,2021-05-28 14:28:00.0000000,137.16000,137.19000,137.14999,137.16080,7718,174873000000,0.850,23
6912,2021-05-28 14:29:00.0000000,137.19501,137.19501,137.17999,137.17999,3600,174918000000,0.850,23
6913,2021-05-28 14:30:00.0000000,137.25999,137.27499,137.17999,137.19450,11262,175000000000,0.850,23
6914,2021-05-28 14:31:00.0000000,137.16000,137.28000,137.16000,137.28000,13832,174873000000,0.850,23
6915,2021-05-28 14:32:00.0000000,137.20000,137.21001,137.14000,137.14999,7400,174924000000,0.850,23
6916,2021-05-28 14:33:00.0000000,137.23000,137.23000,137.19000,137.20500,7418,174962000000,0.850,23
6917,2021-05-28 14:34:00.0000000,137.20500,137.22501,137.20000,137.22501,3139,174930000000,0.850,23
6918,2021-05-28 14:35:00.0000000,137.17999,137.19501,137.17000,137.19501,2197,174898000000,0.850,23
6919,2021-05-28 14:36:00.0000000,137.17999,137.21001,137.17999,137.18500,4130,174898000000,0.850,23
6920,2021-05-28 14:37:00.0000000,137.20000,137.20000,137.17000,137.17000,3113,174924000000,0.850,23
6921,2021-05-28 14:38:00.0000000,137.19000,137.20000,137.17999,137.20000,2460,174911000000,0.850,23
6922,2021-05-28 14:39:00.0000000,137.16499,137.20000,137.16000,137.19000,4986,174879000000,0.850,23
6923,2021-05-28 14:40:00.0000000,137.12000,137.16000,137.12000,137.16000,6366,174822000000,0.850,23
6924,2021-05-28 14:41:00.0000000,137.14000,137.14999,137.12500,137.12630,6638,174847000000,0.850,23
6925,2021-05-28 14:42:00.0000000,137.13000,137.14000,137.12500,137.14000,1589,174835000000,0.850,23
6926,2021-05-28 14:43:00.0000000,137.12500,137.14999,137.12000,137.13000,5726,174828000000,0.850,23
6927,2021-05-28 14:44:00.0000000,137.14000,137.14999,137.12000,137.14000,6258,174847000000,0.850,23
6928,2021-05-28 14:45:00.0000000,137.14000,137.17000,137.12000,137.13000,6726,174847000000,0.850,23
6929,2021-05-28 14:46:00.0000000,137.12000,137.14000,137.11380,137.14000,4791,174822000000,0.850,23
6930,2021-05-28 14:47:00.0000000,137.13000,137.13000,137.11501,137.12000,3882,174835000000,0.850,23
6931,2021-05-28 14:48:00.0000000,137.14000,137.14999,137.11501,137.12000,6731,174847000000,0.850,23
6932,2021-05-28 14:49:00.0000000,137.16000,137.16499,137.14000,137.14000,2542,174873000000,0.850,23
6933,2021-05-28 14:50:00.0000000,137.16000,137.17999,137.11000,137.16000,10833,174873000000,0.850,23
6934,2021-05-28 14:51:00.0000000,137.16000,137.21001,137.16000,137.16000,8009,174873000000,0.850,23
6935,2021-05-28 14:52:00.0000000,137.12000,137.17000,137.12000,137.14999,7404,174822000000,0.850,23
6936,2021-05-28 14:53:00.0000000,137.12000,137.13000,137.09000,137.10001,9014,174822000000,0.850,23
6937,2021-05-28 14:54:00.0000000,137.14999,137.14999,137.11000,137.11000,6384,174860000000,0.850,23
6938,2021-05-28 14:55:00.0000000,137.19000,137.20180,137.17999,137.17999,7889,174911000000,0.850,23
6939,2021-05-28 14:56:00.0000000,137.24001,137.24001,137.17999,137.17999,3848,174975000000,0.850,23
6940,2021-05-28 14:57:00.0000000,137.20500,137.24001,137.19000,137.23500,6052,174930000000,0.850,23
6941,2021-05-28 14:58:00.0000000,137.20000,137.21001,137.20000,137.21001,4090,174924000000,0.850,23
6942,2021-05-28 14:59:00.0000000,137.22501,137.22501,137.21001,137.21001,3547,174956000000,0.850,23
6943,2021-05-28 15:00:00.0000000,137.19501,137.22000,137.17000,137.22000,6665,174918000000,0.850,23
6944,2021-05-28 09:30:00.0000000,135.31750,135.38000,135.14999,135.14999,312389,331284000000,0.430,24
6945,2021-05-28 09:31:00.0000000,135.61000,135.62000,135.23000,135.31000,103095,332000000000,0.430,24
6946,2021-05-28 09:32:00.0000000,135.42000,135.61000,135.34000,135.60001,73576,331535000000,0.430,24
6947,2021-05-28 09:33:00.0000000,135.17000,135.48970,135.17000,135.41000,54851,330923000000,0.430,24
6948,2021-05-28 09:34:00.0000000,134.91000,135.17999,134.87500,135.16000,116008,330287000000,0.430,24
6949,2021-05-28 09:35:00.0000000,134.85001,134.98000,134.75999,134.92000,67222,330140000000,0.430,24
6950,2021-05-28 09:36:00.0000000,134.81000,134.89999,134.70000,134.85001,66357,330042000000,0.430,24
6951,2021-05-28 09:37:00.0000000,134.74001,134.89000,134.64000,134.82001,68754,329870000000,0.430,24
6952,2021-05-28 09:38:00.0000000,135.00000,135.00000,134.70000,134.73000,42403,330507000000,0.430,24
6953,2021-05-28 09:39:00.0000000,135.07001,135.14000,134.99500,135.14000,47441,330678000000,0.430,24
6954,2021-05-28 09:40:00.0000000,135.16000,135.16000,135.00999,135.06000,40388,330899000000,0.430,24
6955,2021-05-28 09:41:00.0000000,135.17999,135.31000,135.14000,135.14999,39790,330948000000,0.430,24
6956,2021-05-28 09:42:00.0000000,135.44000,135.44000,135.17999,135.17999,39036,331584000000,0.430,24
6957,2021-05-28 09:43:00.0000000,135.53000,135.53000,135.34000,135.44000,64980,331805000000,0.430,24
6958,2021-05-28 09:44:00.0000000,135.66000,135.67999,135.52499,135.53000,62346,332123000000,0.430,24
6959,2021-05-28 09:45:00.0000000,135.89999,135.89999,135.64999,135.67999,94596,332710000000,0.430,24
6960,2021-05-28 09:46:00.0000000,135.92500,135.92500,135.82001,135.91000,33591,332772000000,0.430,24
6961,2021-05-28 09:47:00.0000000,136.05000,136.08501,135.92999,135.92999,61365,333078000000,0.430,24
6962,2021-05-28 09:48:00.0000000,135.87500,136.10001,135.87000,136.06000,153765,332649000000,0.430,24
6963,2021-05-28 09:49:00.0000000,136.02000,136.13000,135.88000,135.88000,58987,333004000000,0.430,24
6964,2021-05-28 09:50:00.0000000,135.81000,136.03999,135.77000,136.03000,39456,332490000000,0.430,24
6965,2021-05-28 09:51:00.0000000,135.94980,135.99500,135.80000,135.82001,35344,332832000000,0.430,24
6966,2021-05-28 09:52:00.0000000,135.76500,135.94501,135.75999,135.94501,23250,332380000000,0.430,24
6967,2021-05-28 09:53:00.0000000,135.81000,135.82001,135.70000,135.77000,20047,332490000000,0.430,24
6968,2021-05-28 09:54:00.0000000,135.78999,135.94000,135.78999,135.81500,18102,332441000000,0.430,24
6969,2021-05-28 09:55:00.0000000,135.75000,135.84000,135.75000,135.78999,19425,332343000000,0.430,24
6970,2021-05-28 09:56:00.0000000,135.73000,135.84000,135.73000,135.77000,13575,332294000000,0.430,24
6971,2021-05-28 09:57:00.0000000,135.64000,135.71500,135.62000,135.71130,30474,332074000000,0.430,24
6972,2021-05-28 09:58:00.0000000,135.50999,135.64000,135.50000,135.63000,27359,331756000000,0.430,24
6973,2021-05-28 09:59:00.0000000,135.39000,135.50999,135.39000,135.50999,34920,331462000000,0.430,24
6974,2021-05-28 10:00:00.0000000,135.42000,135.50000,135.37000,135.38000,39744,331535000000,0.430,24
6975,2021-05-28 10:01:00.0000000,135.47501,135.53999,135.41000,135.42000,22619,331670000000,0.430,24
6976,2021-05-28 10:02:00.0000000,135.43500,135.53999,135.41000,135.48000,18249,331572000000,0.430,24
6977,2021-05-28 10:03:00.0000000,135.34000,135.44000,135.33000,135.44000,20365,331339000000,0.430,24
6978,2021-05-28 10:04:00.0000000,135.36501,135.39000,135.27000,135.32001,25230,331401000000,0.430,24
6979,2021-05-28 10:05:00.0000000,135.62000,135.62000,135.35001,135.36000,40997,332025000000,0.430,24
6980,2021-05-28 10:06:00.0000000,135.60001,135.67999,135.53999,135.63000,27986,331976000000,0.430,24
6981,2021-05-28 10:07:00.0000000,135.83000,135.83000,135.60001,135.60001,19959,332539000000,0.430,24
6982,2021-05-28 10:08:00.0000000,135.81000,135.85001,135.72000,135.83000,26100,332490000000,0.430,24
6983,2021-05-28 10:09:00.0000000,135.71001,135.78999,135.70000,135.78999,8180,332245000000,0.430,24
6984,2021-05-28 10:10:00.0000000,135.78000,135.82001,135.67999,135.70360,17714,332417000000,0.430,24
6985,2021-05-28 10:11:00.0000000,135.62000,135.80000,135.62000,135.78999,18414,332025000000,0.430,24
6986,2021-05-28 10:12:00.0000000,135.75000,135.75000,135.61000,135.62000,11164,332343000000,0.430,24
6987,2021-05-28 10:13:00.0000000,135.70000,135.74001,135.67999,135.74001,9741,332221000000,0.430,24
6988,2021-05-28 10:14:00.0000000,135.85001,135.86000,135.71001,135.71001,21586,332588000000,0.430,24
6989,2021-05-28 10:15:00.0000000,135.85001,135.86000,135.78999,135.86000,11524,332588000000,0.430,24
6990,2021-05-28 10:16:00.0000000,135.80000,135.85500,135.78000,135.85001,10241,332466000000,0.430,24
6991,2021-05-28 10:17:00.0000000,135.83000,135.83000,135.75000,135.80000,10369,332539000000,0.430,24
6992,2021-05-28 10:18:00.0000000,135.92999,135.92999,135.78000,135.82001,11839,332784000000,0.430,24
6993,2021-05-28 10:19:00.0000000,136.00999,136.02000,135.91000,135.92000,17372,332980000000,0.430,24
6994,2021-05-28 10:20:00.0000000,135.92999,136.00999,135.91000,136.00999,17251,332784000000,0.430,24
6995,2021-05-28 10:21:00.0000000,135.92000,135.95000,135.91000,135.92999,10925,332759000000,0.430,24
6996,2021-05-28 10:22:00.0000000,135.96001,136.00999,135.89000,135.95000,11881,332857000000,0.430,24
6997,2021-05-28 10:23:00.0000000,136.03500,136.03999,135.96001,135.97000,9632,333041000000,0.430,24
6998,2021-05-28 10:24:00.0000000,135.96001,136.05000,135.92999,136.03290,23846,332857000000,0.430,24
6999,2021-05-28 10:25:00.0000000,135.94000,135.99001,135.91000,135.96001,16329,332808000000,0.430,24
7000,2021-05-28 10:26:00.0000000,136.03000,136.06000,135.92999,135.94701,20940,333029000000,0.430,24
7001,2021-05-28 10:27:00.0000000,135.94000,136.05499,135.92000,136.03000,12664,332808000000,0.430,24
7002,2021-05-28 10:28:00.0000000,135.98000,136.00999,135.94800,135.94800,14818,332906000000,0.430,24
7003,2021-05-28 10:29:00.0000000,136.00999,136.05000,135.98000,135.98801,18008,332980000000,0.430,24
7004,2021-05-28 10:30:00.0000000,135.94000,136.00500,135.89000,136.00500,32269,332808000000,0.430,24
7005,2021-05-28 10:31:00.0000000,135.83000,135.95000,135.83000,135.92999,12574,332539000000,0.430,24
7006,2021-05-28 10:32:00.0000000,135.80000,135.85001,135.78999,135.83000,13534,332466000000,0.430,24
7007,2021-05-28 10:33:00.0000000,135.75000,135.81000,135.74001,135.80000,15278,332343000000,0.430,24
7008,2021-05-28 10:34:00.0000000,135.71001,135.77000,135.71001,135.77000,13758,332245000000,0.430,24
7009,2021-05-28 10:35:00.0000000,135.73500,135.78000,135.71001,135.71001,12395,332306000000,0.430,24
7010,2021-05-28 10:36:00.0000000,135.80000,135.82001,135.72501,135.73500,11389,332466000000,0.430,24
7011,2021-05-28 10:37:00.0000000,135.81000,135.81000,135.77000,135.80000,7696,332490000000,0.430,24
7012,2021-05-28 10:38:00.0000000,135.83501,135.83501,135.77499,135.82001,12909,332551000000,0.430,24
7013,2021-05-28 10:39:00.0000000,135.78000,135.84000,135.77499,135.84000,9197,332417000000,0.430,24
7014,2021-05-28 10:40:00.0000000,135.77000,135.81000,135.75999,135.77499,11619,332392000000,0.430,24
7015,2021-05-28 10:41:00.0000000,135.77000,135.77499,135.73000,135.75000,5654,332392000000,0.430,24
7016,2021-05-28 10:42:00.0000000,135.77000,135.81000,135.75999,135.77000,10304,332392000000,0.430,24
7017,2021-05-28 10:43:00.0000000,135.77000,135.78999,135.72000,135.75999,14138,332392000000,0.430,24
7018,2021-05-28 10:44:00.0000000,135.77451,135.78000,135.74001,135.78000,6448,332403000000,0.430,24
7019,2021-05-28 10:45:00.0000000,135.71001,135.78000,135.70000,135.78000,9061,332245000000,0.430,24
7020,2021-05-28 10:46:00.0000000,135.78500,135.78500,135.71030,135.71030,18653,332429000000,0.430,24
7021,2021-05-28 10:47:00.0000000,135.77499,135.83000,135.77000,135.78500,12109,332404000000,0.430,24
7022,2021-05-28 10:48:00.0000000,135.78000,135.78999,135.74500,135.77499,16944,332417000000,0.430,24
7023,2021-05-28 10:49:00.0000000,135.83501,135.85001,135.78000,135.78000,11129,332551000000,0.430,24
7024,2021-05-28 10:50:00.0000000,135.84000,135.85001,135.82500,135.83501,9408,332563000000,0.430,24
7025,2021-05-28 10:51:00.0000000,135.78500,135.85001,135.77000,135.84000,8714,332429000000,0.430,24
7026,2021-05-28 10:52:00.0000000,135.74001,135.78999,135.72501,135.78000,13553,332319000000,0.430,24
7027,2021-05-28 10:53:00.0000000,135.71500,135.75000,135.67300,135.74500,12779,332257000000,0.430,24
7028,2021-05-28 10:54:00.0000000,135.69000,135.71500,135.68500,135.71001,12623,332196000000,0.430,24
7029,2021-05-28 10:55:00.0000000,135.61501,135.67999,135.58000,135.67999,14167,332013000000,0.430,24
7030,2021-05-28 10:56:00.0000000,135.59000,135.64999,135.58501,135.62000,14657,331951000000,0.430,24
7031,2021-05-28 10:57:00.0000000,135.56000,135.59000,135.56000,135.58000,7755,331878000000,0.430,24
7032,2021-05-28 10:58:00.0000000,135.67000,135.71001,135.55499,135.55499,13520,332147000000,0.430,24
7033,2021-05-28 10:59:00.0000000,135.66000,135.71001,135.64000,135.66000,11728,332123000000,0.430,24
7034,2021-05-28 11:00:00.0000000,135.58000,135.63989,135.55000,135.63989,15033,331927000000,0.430,24
7035,2021-05-28 11:01:00.0000000,135.56000,135.58000,135.50999,135.58000,16380,331878000000,0.430,24
7036,2021-05-28 11:02:00.0000000,135.49001,135.56000,135.49001,135.55499,14919,331707000000,0.430,24
7037,2021-05-28 11:03:00.0000000,135.51500,135.53000,135.49500,135.49500,13750,331768000000,0.430,24
7038,2021-05-28 11:04:00.0000000,135.48000,135.53000,135.48000,135.51500,7059,331682000000,0.430,24
7039,2021-05-28 11:05:00.0000000,135.53999,135.56000,135.49001,135.49001,14069,331829000000,0.430,24
7040,2021-05-28 11:06:00.0000000,135.50000,135.54500,135.50000,135.53500,24021,331731000000,0.430,24
7041,2021-05-28 11:07:00.0000000,135.45500,135.50999,135.42999,135.50999,16765,331621000000,0.430,24
7042,2021-05-28 11:08:00.0000000,135.45000,135.49001,135.43500,135.46001,8337,331609000000,0.430,24
7043,2021-05-28 11:09:00.0000000,135.42500,135.46001,135.42000,135.46001,6068,331547000000,0.430,24
7044,2021-05-28 11:10:00.0000000,135.41000,135.45000,135.40500,135.42500,16947,331511000000,0.430,24
7045,2021-05-28 11:11:00.0000000,135.35500,135.40500,135.34120,135.40500,29552,331376000000,0.430,24
7046,2021-05-28 11:12:00.0000000,135.27499,135.36000,135.26500,135.35500,34112,331180000000,0.430,24
7047,2021-05-28 11:13:00.0000000,135.42999,135.44501,135.27000,135.27000,23800,331560000000,0.430,24
7048,2021-05-28 11:14:00.0000000,135.39999,135.43500,135.39000,135.43500,11773,331486000000,0.430,24
7049,2021-05-28 11:15:00.0000000,135.45000,135.45000,135.39999,135.39999,13306,331609000000,0.430,24
7050,2021-05-28 11:16:00.0000000,135.46500,135.46500,135.44000,135.45000,8393,331645000000,0.430,24
7051,2021-05-28 11:17:00.0000000,135.41000,135.44000,135.41000,135.44000,9082,331511000000,0.430,24
7052,2021-05-28 11:18:00.0000000,135.33000,135.41000,135.33000,135.41000,17550,331315000000,0.430,24
7053,2021-05-28 11:19:00.0000000,135.32500,135.34000,135.31500,135.33501,13345,331303000000,0.430,24
7054,2021-05-28 11:20:00.0000000,135.36000,135.36000,135.30000,135.33000,10649,331388000000,0.430,24
7055,2021-05-28 11:21:00.0000000,135.34000,135.38000,135.33501,135.37000,10126,331339000000,0.430,24
7056,2021-05-28 11:22:00.0000000,135.31000,135.34000,135.31000,135.34000,7304,331266000000,0.430,24
7057,2021-05-28 11:23:00.0000000,135.34000,135.35001,135.31000,135.31000,11419,331339000000,0.430,24
7058,2021-05-28 11:24:00.0000000,135.38000,135.39000,135.33000,135.33501,16551,331437000000,0.430,24
7059,2021-05-28 11:25:00.0000000,135.40990,135.41000,135.36000,135.37650,13800,331511000000,0.430,24
7060,2021-05-28 11:26:00.0000000,135.34500,135.39999,135.33051,135.39999,18607,331352000000,0.430,24
7061,2021-05-28 11:27:00.0000000,135.39000,135.42000,135.33000,135.33990,12508,331462000000,0.430,24
7062,2021-05-28 11:28:00.0000000,135.40500,135.45500,135.39999,135.39999,17655,331499000000,0.430,24
7063,2021-05-28 11:29:00.0000000,135.45000,135.45000,135.38000,135.40500,13434,331609000000,0.430,24
7064,2021-05-28 11:30:00.0000000,135.46001,135.47000,135.42000,135.44000,29184,331633000000,0.430,24
7065,2021-05-28 11:31:00.0000000,135.46001,135.48000,135.43500,135.46001,12951,331633000000,0.430,24
7066,2021-05-28 11:32:00.0000000,135.48500,135.52000,135.45000,135.45500,14729,331694000000,0.430,24
7067,2021-05-28 11:33:00.0000000,135.53000,135.53000,135.47000,135.48000,9755,331805000000,0.430,24
7068,2021-05-28 11:34:00.0000000,135.52000,135.53999,135.50000,135.52000,13669,331780000000,0.430,24
7069,2021-05-28 11:35:00.0000000,135.45000,135.52000,135.45000,135.52000,19405,331609000000,0.430,24
7070,2021-05-28 11:36:00.0000000,135.44000,135.48000,135.42000,135.46001,22137,331584000000,0.430,24
7071,2021-05-28 11:37:00.0000000,135.43080,135.48500,135.42999,135.44000,10612,331562000000,0.430,24
7072,2021-05-28 11:38:00.0000000,135.48000,135.50700,135.43500,135.43500,11554,331682000000,0.430,24
7073,2021-05-28 11:39:00.0000000,135.52000,135.54500,135.47000,135.48000,19357,331780000000,0.430,24
7074,2021-05-28 11:40:00.0000000,135.52499,135.54880,135.51500,135.52000,15110,331792000000,0.430,24
7075,2021-05-28 11:41:00.0000000,135.49001,135.53999,135.49001,135.52000,19559,331707000000,0.430,24
7076,2021-05-28 11:42:00.0000000,135.50999,135.53000,135.49001,135.49001,9872,331756000000,0.430,24
7077,2021-05-28 11:43:00.0000000,135.47000,135.52000,135.47000,135.50500,13453,331658000000,0.430,24
7078,2021-05-28 11:44:00.0000000,135.48500,135.48500,135.45000,135.46001,8479,331694000000,0.430,24
7079,2021-05-28 11:45:00.0000000,135.42000,135.49001,135.42000,135.49001,11096,331535000000,0.430,24
7080,2021-05-28 11:46:00.0000000,135.32500,135.41000,135.32500,135.41000,31148,331303000000,0.430,24
7081,2021-05-28 11:47:00.0000000,135.28999,135.36000,135.28500,135.33000,23165,331217000000,0.430,24
7082,2021-05-28 11:48:00.0000000,135.21001,135.30000,135.21001,135.28999,14588,331021000000,0.430,24
7083,2021-05-28 11:49:00.0000000,135.24500,135.25999,135.19501,135.20000,22194,331107000000,0.430,24
7084,2021-05-28 11:50:00.0000000,135.28999,135.31000,135.22000,135.24001,12919,331217000000,0.430,24
7085,2021-05-28 11:51:00.0000000,135.27499,135.28999,135.27000,135.28999,6838,331180000000,0.430,24
7086,2021-05-28 11:52:00.0000000,135.25999,135.28999,135.25999,135.28000,10278,331144000000,0.430,24
7087,2021-05-28 11:53:00.0000000,135.32001,135.33000,135.25000,135.25000,7514,331290000000,0.430,24
7088,2021-05-28 11:54:00.0000000,135.29500,135.31000,135.29500,135.31000,5115,331229000000,0.430,24
7089,2021-05-28 11:55:00.0000000,135.30000,135.33000,135.29500,135.29500,9642,331241000000,0.430,24
7090,2021-05-28 11:56:00.0000000,135.39000,135.39000,135.25999,135.27000,8405,331462000000,0.430,24
7091,2021-05-28 11:57:00.0000000,135.39999,135.42999,135.39000,135.39999,12334,331486000000,0.430,24
7092,2021-05-28 11:58:00.0000000,135.42999,135.42999,135.39000,135.39999,6219,331560000000,0.430,24
7093,2021-05-28 11:59:00.0000000,135.39000,135.42000,135.37000,135.42000,10534,331462000000,0.430,24
7094,2021-05-28 12:00:00.0000000,135.37500,135.39000,135.37500,135.39000,5837,331425000000,0.430,24
7095,2021-05-28 12:01:00.0000000,135.32001,135.39000,135.32001,135.38000,9897,331290000000,0.430,24
7096,2021-05-28 12:02:00.0000000,135.31870,135.32001,135.30000,135.31000,8386,331287000000,0.430,24
7097,2021-05-28 12:03:00.0000000,135.31500,135.32001,135.30499,135.32001,10217,331278000000,0.430,24
7098,2021-05-28 12:04:00.0000000,135.36000,135.36000,135.32001,135.32001,9485,331388000000,0.430,24
7099,2021-05-28 12:05:00.0000000,135.39000,135.39000,135.35500,135.37000,10477,331462000000,0.430,24
7100,2021-05-28 12:06:00.0000000,135.38000,135.39999,135.36000,135.39999,12443,331437000000,0.430,24
7101,2021-05-28 12:07:00.0000000,135.41499,135.42000,135.37000,135.37000,10670,331523000000,0.430,24
7102,2021-05-28 12:08:00.0000000,135.42000,135.42000,135.39000,135.41499,10485,331535000000,0.430,24
7103,2021-05-28 12:09:00.0000000,135.38000,135.45000,135.37000,135.42999,7893,331437000000,0.430,24
7104,2021-05-28 12:10:00.0000000,135.35001,135.37500,135.35001,135.37500,8660,331364000000,0.430,24
7105,2021-05-28 12:11:00.0000000,135.32001,135.35500,135.32001,135.35001,5654,331290000000,0.430,24
7106,2021-05-28 12:12:00.0000000,135.27000,135.31000,135.25999,135.31000,14422,331168000000,0.430,24
7107,2021-05-28 12:13:00.0000000,135.30499,135.30499,135.25999,135.27000,9410,331254000000,0.430,24
7108,2021-05-28 12:14:00.0000000,135.34000,135.34000,135.30499,135.31000,4604,331339000000,0.430,24
7109,2021-05-28 12:15:00.0000000,135.31000,135.33000,135.29010,135.33000,11461,331266000000,0.430,24
7110,2021-05-28 12:16:00.0000000,135.28000,135.31000,135.28000,135.31000,8440,331192000000,0.430,24
7111,2021-05-28 12:17:00.0000000,135.26500,135.28999,135.26500,135.26500,8391,331156000000,0.430,24
7112,2021-05-28 12:18:00.0000000,135.24001,135.27000,135.24001,135.25999,12515,331095000000,0.430,24
7113,2021-05-28 12:19:00.0000000,135.25000,135.25000,135.21001,135.23500,11598,331119000000,0.430,24
7114,2021-05-28 12:20:00.0000000,135.23000,135.25000,135.23000,135.24500,6464,331070000000,0.430,24
7115,2021-05-28 12:21:00.0000000,135.23500,135.25000,135.22501,135.23000,10246,331082000000,0.430,24
7116,2021-05-28 12:22:00.0000000,135.28999,135.30000,135.23500,135.24001,11211,331217000000,0.430,24
7117,2021-05-28 12:23:00.0000000,135.28999,135.32001,135.28500,135.29500,13878,331217000000,0.430,24
7118,2021-05-28 12:24:00.0000000,135.33000,135.33000,135.30000,135.30000,7508,331315000000,0.430,24
7119,2021-05-28 12:25:00.0000000,135.30000,135.32001,135.30000,135.32001,9648,331241000000,0.430,24
7120,2021-05-28 12:26:00.0000000,135.38000,135.38000,135.31000,135.31000,7832,331437000000,0.430,24
7121,2021-05-28 12:27:00.0000000,135.33000,135.39000,135.33000,135.38499,16430,331315000000,0.430,24
7122,2021-05-28 12:28:00.0000000,135.36000,135.39000,135.33681,135.33681,9291,331388000000,0.430,24
7123,2021-05-28 12:29:00.0000000,135.37000,135.39999,135.36000,135.36000,10864,331413000000,0.430,24
7124,2021-05-28 12:30:00.0000000,135.34000,135.36000,135.33000,135.36000,10086,331339000000,0.430,24
7125,2021-05-28 12:31:00.0000000,135.33501,135.37000,135.33000,135.35001,8181,331327000000,0.430,24
7126,2021-05-28 12:32:00.0000000,135.33000,135.35001,135.31000,135.34000,9613,331315000000,0.430,24
7127,2021-05-28 12:33:00.0000000,135.34000,135.34000,135.30000,135.32001,5248,331339000000,0.430,24
7128,2021-05-28 12:34:00.0000000,135.33000,135.35001,135.33000,135.34000,4033,331315000000,0.430,24
7129,2021-05-28 12:35:00.0000000,135.31000,135.33501,135.28999,135.33501,13983,331266000000,0.430,24
7130,2021-05-28 12:36:00.0000000,135.31000,135.32001,135.28999,135.30000,7838,331266000000,0.430,24
7131,2021-05-28 12:37:00.0000000,135.30000,135.31000,135.28000,135.31000,8913,331241000000,0.430,24
7132,2021-05-28 12:38:00.0000000,135.33501,135.34000,135.29770,135.29770,9581,331327000000,0.430,24
7133,2021-05-28 12:39:00.0000000,135.30000,135.34000,135.30000,135.33501,8859,331241000000,0.430,24
7134,2021-05-28 12:40:00.0000000,135.27499,135.33231,135.27499,135.30499,8859,331180000000,0.430,24
7135,2021-05-28 12:41:00.0000000,135.28349,135.28500,135.24001,135.28000,14947,331201000000,0.430,24
7136,2021-05-28 12:42:00.0000000,135.25500,135.28000,135.25000,135.28000,12813,331131000000,0.430,24
7137,2021-05-28 12:43:00.0000000,135.22000,135.25999,135.22000,135.25000,9803,331046000000,0.430,24
7138,2021-05-28 12:44:00.0000000,135.23000,135.24001,135.21001,135.22000,6329,331070000000,0.430,24
7139,2021-05-28 12:45:00.0000000,135.17000,135.22760,135.17000,135.22000,10490,330923000000,0.430,24
7140,2021-05-28 12:46:00.0000000,135.16499,135.17999,135.14500,135.17500,13221,330911000000,0.430,24
7141,2021-05-28 12:47:00.0000000,135.19000,135.22000,135.17000,135.17000,10360,330972000000,0.430,24
7142,2021-05-28 12:48:00.0000000,135.12000,135.19000,135.10001,135.19000,30286,330801000000,0.430,24
7143,2021-05-28 12:49:00.0000000,135.11501,135.14999,135.11000,135.12000,10216,330789000000,0.430,24
7144,2021-05-28 12:50:00.0000000,135.14500,135.14999,135.11000,135.12000,8929,330862000000,0.430,24
7145,2021-05-28 12:51:00.0000000,135.07001,135.14999,135.07001,135.14700,15577,330678000000,0.430,24
7146,2021-05-28 12:52:00.0000000,135.06000,135.08501,135.05150,135.07001,29085,330654000000,0.430,24
7147,2021-05-28 12:53:00.0000000,135.03999,135.05499,135.03500,135.05000,10795,330605000000,0.430,24
7148,2021-05-28 12:54:00.0000000,135.02000,135.03999,135.01500,135.03999,12075,330556000000,0.430,24
7149,2021-05-28 12:55:00.0000000,135.03000,135.05000,135.00999,135.01500,23899,330580000000,0.430,24
7150,2021-05-28 12:56:00.0000000,135.03000,135.03999,135.02000,135.02499,5673,330580000000,0.430,24
7151,2021-05-28 12:57:00.0000000,135.05000,135.05499,134.97000,135.03000,60728,330629000000,0.430,24
7152,2021-05-28 12:58:00.0000000,135.05240,135.08000,135.03000,135.03999,5906,330635000000,0.430,24
7153,2021-05-28 12:59:00.0000000,135.09801,135.09801,135.05499,135.06000,10050,330747000000,0.430,24
7154,2021-05-28 13:00:00.0000000,135.09000,135.13000,135.09000,135.10500,21594,330727000000,0.430,24
7155,2021-05-28 13:01:00.0000000,135.08501,135.10001,135.07001,135.09000,8106,330715000000,0.430,24
7156,2021-05-28 13:02:00.0000000,135.07001,135.10001,135.07001,135.08000,10994,330678000000,0.430,24
7157,2021-05-28 13:03:00.0000000,135.07001,135.09000,135.05499,135.07001,8314,330678000000,0.430,24
7158,2021-05-28 13:04:00.0000000,135.06000,135.07550,135.03999,135.07001,16181,330654000000,0.430,24
7159,2021-05-28 13:05:00.0000000,135.03999,135.05920,135.03500,135.05000,10365,330605000000,0.430,24
7160,2021-05-28 13:06:00.0000000,135.06419,135.06850,135.03999,135.03999,4751,330664000000,0.430,24
7161,2021-05-28 13:07:00.0000000,135.02000,135.06000,135.00999,135.06000,9512,330556000000,0.430,24
7162,2021-05-28 13:08:00.0000000,134.98000,135.03000,134.97000,135.03000,14605,330458000000,0.430,24
7163,2021-05-28 13:09:00.0000000,135.00999,135.02000,134.99001,134.99001,16050,330531000000,0.430,24
7164,2021-05-28 13:10:00.0000000,135.00999,135.01500,134.98000,135.00500,8106,330531000000,0.430,24
7165,2021-05-28 13:11:00.0000000,135.00999,135.01500,134.99500,134.99500,8740,330531000000,0.430,24
7166,2021-05-28 13:12:00.0000000,135.09000,135.09000,135.00999,135.00999,14629,330727000000,0.430,24
7167,2021-05-28 13:13:00.0000000,135.03999,135.11000,135.03000,135.09000,23617,330605000000,0.430,24
7168,2021-05-28 13:14:00.0000000,135.05000,135.05000,135.00000,135.03000,7846,330629000000,0.430,24
7169,2021-05-28 13:15:00.0000000,135.02499,135.04500,135.00000,135.04500,9355,330568000000,0.430,24
7170,2021-05-28 13:16:00.0000000,134.99001,135.03000,134.95500,135.03000,25468,330483000000,0.430,24
7171,2021-05-28 13:17:00.0000000,134.96001,134.99001,134.95000,134.98000,15786,330409000000,0.430,24
7172,2021-05-28 13:18:00.0000000,134.97000,134.97501,134.96001,134.96001,4926,330434000000,0.430,24
7173,2021-05-28 13:19:00.0000000,135.00000,135.00000,134.96500,134.97000,7539,330507000000,0.430,24
7174,2021-05-28 13:20:00.0000000,135.00000,135.00999,134.97501,135.00000,16548,330507000000,0.430,24
7175,2021-05-28 13:21:00.0000000,135.00500,135.00500,134.97000,134.99001,11854,330519000000,0.430,24
7176,2021-05-28 13:22:00.0000000,134.92999,134.98500,134.92500,134.98000,19535,330336000000,0.430,24
7177,2021-05-28 13:23:00.0000000,134.92999,134.94501,134.90880,134.92999,14106,330336000000,0.430,24
7178,2021-05-28 13:24:00.0000000,134.89000,134.93500,134.89000,134.93500,16033,330238000000,0.430,24
7179,2021-05-28 13:25:00.0000000,134.84000,134.89999,134.84000,134.89500,30823,330115000000,0.430,24
7180,2021-05-28 13:26:00.0000000,134.84000,134.85001,134.82001,134.84000,19493,330115000000,0.430,24
7181,2021-05-28 13:27:00.0000000,134.82140,134.84500,134.82010,134.84000,21826,330070000000,0.430,24
7182,2021-05-28 13:28:00.0000000,134.87000,134.88000,134.84000,134.84000,10108,330189000000,0.430,24
7183,2021-05-28 13:29:00.0000000,134.94000,134.94000,134.87500,134.88000,8261,330360000000,0.430,24
7184,2021-05-28 13:30:00.0000000,134.89500,134.92000,134.87000,134.92000,10245,330250000000,0.430,24
7185,2021-05-28 13:31:00.0000000,134.87000,134.89999,134.87000,134.89500,20400,330189000000,0.430,24
7186,2021-05-28 13:32:00.0000000,134.88000,134.88000,134.86000,134.87000,5222,330213000000,0.430,24
7187,2021-05-28 13:33:00.0000000,134.85001,134.87000,134.82001,134.87000,13217,330140000000,0.430,24
7188,2021-05-28 13:34:00.0000000,134.82500,134.85001,134.81000,134.85001,6612,330079000000,0.430,24
7189,2021-05-28 13:35:00.0000000,134.89500,134.89999,134.83000,134.83000,12211,330250000000,0.430,24
7190,2021-05-28 13:36:00.0000000,134.87000,134.91000,134.87000,134.89999,7782,330189000000,0.430,24
7191,2021-05-28 13:37:00.0000000,134.89500,134.89500,134.84399,134.88000,12856,330250000000,0.430,24
7192,2021-05-28 13:38:00.0000000,134.92000,134.92000,134.85860,134.88000,8771,330311000000,0.430,24
7193,2021-05-28 13:39:00.0000000,134.94000,134.95000,134.88850,134.92000,14525,330360000000,0.430,24
7194,2021-05-28 13:40:00.0000000,134.92000,134.94701,134.90500,134.92999,8353,330311000000,0.430,24
7195,2021-05-28 13:41:00.0000000,134.94000,134.94000,134.91000,134.91499,9863,330360000000,0.430,24
7196,2021-05-28 13:42:00.0000000,134.92999,134.94000,134.92999,134.94000,4269,330336000000,0.430,24
7197,2021-05-28 13:43:00.0000000,134.93500,134.94000,134.92000,134.92500,19567,330348000000,0.430,24
7198,2021-05-28 13:44:00.0000000,134.95000,134.95000,134.92500,134.92999,6473,330385000000,0.430,24
7199,2021-05-28 13:45:00.0000000,134.89000,134.94000,134.88000,134.94000,20685,330238000000,0.430,24
7200,2021-05-28 13:46:00.0000000,134.92999,134.92999,134.88000,134.88000,7062,330336000000,0.430,24
7201,2021-05-28 13:47:00.0000000,134.87000,134.92000,134.86000,134.92000,9209,330189000000,0.430,24
7202,2021-05-28 13:48:00.0000000,134.83501,134.87000,134.83000,134.86749,21162,330103000000,0.430,24
7203,2021-05-28 13:49:00.0000000,134.82001,134.86000,134.82001,134.83501,5774,330066000000,0.430,24
7204,2021-05-28 13:50:00.0000000,134.78000,134.82001,134.78000,134.81500,15167,329968000000,0.430,24
7205,2021-05-28 13:51:00.0000000,134.71001,134.78000,134.69501,134.78000,41675,329797000000,0.430,24
7206,2021-05-28 13:52:00.0000000,134.75999,134.78000,134.71001,134.71001,12098,329919000000,0.430,24
7207,2021-05-28 13:53:00.0000000,134.78000,134.79500,134.75999,134.76500,5532,329968000000,0.430,24
7208,2021-05-28 13:54:00.0000000,134.82001,134.82730,134.78090,134.78090,4417,330066000000,0.430,24
7209,2021-05-28 13:55:00.0000000,134.81500,134.83000,134.81500,134.81500,4135,330054000000,0.430,24
7210,2021-05-28 13:56:00.0000000,134.86000,134.87000,134.81500,134.82001,12272,330164000000,0.430,24
7211,2021-05-28 13:57:00.0000000,134.85001,134.86000,134.82500,134.85001,6941,330140000000,0.430,24
7212,2021-05-28 13:58:00.0000000,134.86000,134.87000,134.83009,134.84500,10796,330164000000,0.430,24
7213,2021-05-28 13:59:00.0000000,134.87000,134.87500,134.82001,134.85001,13996,330189000000,0.430,24
7214,2021-05-28 14:00:00.0000000,134.89999,134.89999,134.86790,134.88000,11374,330262000000,0.430,24
7215,2021-05-28 14:01:00.0000000,134.89000,134.89999,134.86000,134.88000,9878,330238000000,0.430,24
7216,2021-05-28 14:02:00.0000000,134.88499,134.89999,134.86490,134.88499,13515,330225000000,0.430,24
7217,2021-05-28 14:03:00.0000000,134.87000,134.88000,134.86501,134.88000,4327,330189000000,0.430,24
7218,2021-05-28 14:04:00.0000000,134.96001,134.96001,134.88000,134.88000,17785,330409000000,0.430,24
7219,2021-05-28 14:05:00.0000000,135.00000,135.00000,134.96001,134.96001,16784,330507000000,0.430,24
7220,2021-05-28 14:06:00.0000000,135.03000,135.03000,134.98300,134.99001,7348,330580000000,0.430,24
7221,2021-05-28 14:07:00.0000000,135.03000,135.07001,135.00500,135.02499,27469,330580000000,0.430,24
7222,2021-05-28 14:08:00.0000000,135.06000,135.06000,135.00999,135.03000,10459,330654000000,0.430,24
7223,2021-05-28 14:09:00.0000000,135.06500,135.11000,135.06000,135.07500,5860,330666000000,0.430,24
7224,2021-05-28 14:10:00.0000000,135.11740,135.11740,135.05000,135.06000,7235,330794000000,0.430,24
7225,2021-05-28 14:11:00.0000000,135.08000,135.12500,135.08000,135.11000,10593,330703000000,0.430,24
7226,2021-05-28 14:12:00.0000000,135.11000,135.11000,135.06500,135.07001,7021,330776000000,0.430,24
7227,2021-05-28 14:13:00.0000000,135.13690,135.15500,135.12000,135.13000,7390,330842000000,0.430,24
7228,2021-05-28 14:14:00.0000000,135.14000,135.14000,135.09000,135.12000,11304,330850000000,0.430,24
7229,2021-05-28 14:15:00.0000000,135.14000,135.14000,135.12000,135.13000,7161,330850000000,0.430,24
7230,2021-05-28 14:16:00.0000000,135.14000,135.14000,135.12000,135.14000,8805,330850000000,0.430,24
7231,2021-05-28 14:17:00.0000000,135.12000,135.16000,135.12000,135.14000,14597,330801000000,0.430,24
7232,2021-05-28 14:18:00.0000000,135.17000,135.17000,135.09000,135.11000,9850,330923000000,0.430,24
7233,2021-05-28 14:19:00.0000000,135.16499,135.17500,135.16000,135.16650,5801,330911000000,0.430,24
7234,2021-05-28 14:20:00.0000000,135.17000,135.17000,135.10001,135.17000,14212,330923000000,0.430,24
7235,2021-05-28 14:21:00.0000000,135.14000,135.17000,135.13000,135.17000,7984,330850000000,0.430,24
7236,2021-05-28 14:22:00.0000000,135.13000,135.16000,135.13000,135.14000,6619,330825000000,0.430,24
7237,2021-05-28 14:23:00.0000000,135.12000,135.17000,135.12000,135.13000,16703,330801000000,0.430,24
7238,2021-05-28 14:24:00.0000000,135.13000,135.14000,135.11000,135.12000,10430,330825000000,0.430,24
7239,2021-05-28 14:25:00.0000000,135.13000,135.14999,135.13000,135.14500,7409,330825000000,0.430,24
7240,2021-05-28 14:26:00.0000000,135.15500,135.16000,135.13000,135.13499,11225,330886000000,0.430,24
7241,2021-05-28 14:27:00.0000000,135.13950,135.17000,135.13950,135.14999,6169,330849000000,0.430,24
7242,2021-05-28 14:28:00.0000000,135.12000,135.13499,135.08000,135.13499,18562,330801000000,0.430,24
7243,2021-05-28 14:29:00.0000000,135.12630,135.13831,135.10001,135.12000,6110,330816000000,0.430,24
7244,2021-05-28 14:30:00.0000000,135.11000,135.13000,135.09000,135.12500,11947,330776000000,0.430,24
7245,2021-05-28 14:31:00.0000000,135.06500,135.10001,135.06500,135.10001,8680,330666000000,0.430,24
7246,2021-05-28 14:32:00.0000000,135.11501,135.14000,135.05000,135.06500,16053,330789000000,0.430,24
7247,2021-05-28 14:33:00.0000000,135.10001,135.11000,135.06500,135.11000,12321,330752000000,0.430,24
7248,2021-05-28 14:34:00.0000000,135.08501,135.10001,135.07001,135.10001,7748,330715000000,0.430,24
7249,2021-05-28 14:35:00.0000000,135.09000,135.09500,135.08000,135.08000,8019,330727000000,0.430,24
7250,2021-05-28 14:36:00.0000000,135.09000,135.12000,135.08000,135.08000,15896,330727000000,0.430,24
7251,2021-05-28 14:37:00.0000000,135.12000,135.14000,135.08501,135.09000,8401,330801000000,0.430,24
7252,2021-05-28 14:38:00.0000000,135.11000,135.11501,135.10001,135.11000,4569,330776000000,0.430,24
7253,2021-05-28 14:39:00.0000000,135.14500,135.14500,135.07001,135.11000,8477,330862000000,0.430,24
7254,2021-05-28 14:40:00.0000000,135.10001,135.14000,135.10001,135.14000,6622,330752000000,0.430,24
7255,2021-05-28 14:41:00.0000000,135.13000,135.13499,135.10001,135.10001,6622,330825000000,0.430,24
7256,2021-05-28 14:42:00.0000000,135.12000,135.13000,135.12000,135.13000,2220,330801000000,0.430,24
7257,2021-05-28 14:43:00.0000000,135.10001,135.14000,135.09000,135.12000,15045,330752000000,0.430,24
7258,2021-05-28 14:44:00.0000000,135.13499,135.14000,135.10500,135.10500,14625,330837000000,0.430,24
7259,2021-05-28 14:45:00.0000000,135.12000,135.13000,135.11501,135.13000,9584,330801000000,0.430,24
7260,2021-05-28 14:46:00.0000000,135.14000,135.14000,135.11000,135.11000,7678,330850000000,0.430,24
7261,2021-05-28 14:47:00.0000000,135.19000,135.19000,135.13370,135.13370,7627,330972000000,0.430,24
7262,2021-05-28 14:48:00.0000000,135.14999,135.17999,135.14500,135.17999,6640,330874000000,0.430,24
7263,2021-05-28 14:49:00.0000000,135.19000,135.21001,135.14999,135.14999,9211,330972000000,0.430,24
7264,2021-05-28 14:50:00.0000000,135.20000,135.21500,135.15500,135.20000,16551,330997000000,0.430,24
7265,2021-05-28 14:51:00.0000000,135.17999,135.22000,135.17999,135.19000,14198,330948000000,0.430,24
7266,2021-05-28 14:52:00.0000000,135.14000,135.17000,135.12000,135.17000,36167,330850000000,0.430,24
7267,2021-05-28 14:53:00.0000000,135.14000,135.16000,135.14000,135.14500,11598,330850000000,0.430,24
7268,2021-05-28 14:54:00.0000000,135.14999,135.14999,135.11000,135.13000,6016,330874000000,0.430,24
7269,2021-05-28 14:55:00.0000000,135.14500,135.17000,135.14000,135.14999,6578,330862000000,0.430,24
7270,2021-05-28 14:56:00.0000000,135.14500,135.17000,135.14000,135.14000,7201,330862000000,0.430,24
7271,2021-05-28 14:57:00.0000000,135.16000,135.17000,135.09000,135.14000,15845,330899000000,0.430,24
7272,2021-05-28 14:58:00.0000000,135.13000,135.17000,135.13000,135.17000,8369,330825000000,0.430,24
7273,2021-05-28 14:59:00.0000000,135.14999,135.16000,135.11501,135.14000,9502,330874000000,0.430,24
7274,2021-05-28 15:00:00.0000000,135.13499,135.14000,135.10500,135.14000,15500,330837000000,0.430,24
7275,2021-05-28 09:30:00.0000000,160.39999,160.39999,160.39999,160.39999,14400,40340598465,0.740,25
7276,2021-05-28 09:31:00.0000000,160.19501,160.19501,160.19501,160.19501,306,40289044342,0.740,25
7277,2021-05-28 09:33:00.0000000,160.08000,160.09500,159.67000,160.09500,3864,40260120461,0.740,25
7278,2021-05-28 09:34:00.0000000,160.19000,160.19000,160.04500,160.04500,1619,40287785614,0.740,25
7279,2021-05-28 09:36:00.0000000,160.11000,160.11000,160.11000,160.11000,606,40267665154,0.740,25
7280,2021-05-28 09:37:00.0000000,160.00999,160.07001,159.99001,160.07001,1487,40242513618,0.740,25
7281,2021-05-28 09:38:00.0000000,159.76500,159.94000,159.76500,159.94000,2094,40180897346,0.740,25
7282,2021-05-28 09:40:00.0000000,159.66000,159.75000,159.66000,159.75000,642,40154490921,0.740,25
7283,2021-05-28 09:41:00.0000000,159.61000,159.64999,159.57001,159.64999,2623,40141915154,0.740,25
7284,2021-05-28 09:42:00.0000000,159.49500,159.71820,159.49500,159.60001,1617,40112991272,0.740,25
7285,2021-05-28 09:43:00.0000000,159.58000,159.64000,159.58000,159.64000,519,40134370461,0.740,25
7286,2021-05-28 09:44:00.0000000,159.72501,159.73500,159.72501,159.73500,2404,40170839035,0.740,25
7287,2021-05-28 09:45:00.0000000,159.84000,159.95399,159.72501,159.72501,991,40199759079,0.740,25
7288,2021-05-28 09:46:00.0000000,159.84500,159.96001,159.84500,159.96001,1029,40201017807,0.740,25
7289,2021-05-28 09:47:00.0000000,159.81000,159.95000,159.81000,159.95000,1674,40192214386,0.740,25
7290,2021-05-28 09:49:00.0000000,159.57001,159.92999,159.57001,159.89999,1734,40131856842,0.740,25
7291,2021-05-28 09:50:00.0000000,159.64999,159.67000,159.58000,159.66000,2810,40151973465,0.740,25
7292,2021-05-28 09:51:00.0000000,159.42999,159.58000,159.42999,159.58000,2701,40096643158,0.740,25
7293,2021-05-28 09:52:00.0000000,159.59000,159.59000,159.42999,159.42999,2647,40136884079,0.740,25
7294,2021-05-28 09:53:00.0000000,159.64999,159.70000,159.59000,159.64000,2415,40151973465,0.740,25
7295,2021-05-28 09:54:00.0000000,159.60001,159.65620,159.60001,159.65620,335,40139401535,0.740,25
7296,2021-05-28 09:55:00.0000000,159.64999,159.72501,159.64999,159.70000,2847,40151973465,0.740,25
7297,2021-05-28 09:56:00.0000000,159.72000,159.72000,159.64000,159.64000,1572,40169580307,0.740,25
7298,2021-05-28 09:57:00.0000000,159.69000,159.72000,159.67999,159.67999,2671,40162035614,0.740,25
7299,2021-05-28 09:58:00.0000000,159.62000,159.69000,159.59000,159.66000,1948,40144428772,0.740,25
7300,2021-05-28 09:59:00.0000000,159.70500,159.70500,159.64000,159.69000,1571,40165807961,0.740,25
7301,2021-05-28 10:00:00.0000000,159.75999,159.85001,159.75000,159.77000,3569,40179638618,0.740,25
7302,2021-05-28 10:01:00.0000000,159.82500,159.87000,159.71001,159.72000,4192,40195986732,0.740,25
7303,2021-05-28 10:02:00.0000000,159.86000,159.92500,159.84500,159.84500,2341,40204790154,0.740,25
7304,2021-05-28 10:03:00.0000000,159.96001,159.96500,159.89500,159.92999,1372,40229941689,0.740,25
7305,2021-05-28 10:04:00.0000000,159.89000,159.96001,159.84000,159.96001,4659,40212334846,0.740,25
7306,2021-05-28 10:05:00.0000000,159.80000,159.89000,159.80000,159.89000,1112,40189700768,0.740,25
7307,2021-05-28 10:06:00.0000000,159.63000,159.72000,159.60600,159.72000,1224,40146946228,0.740,25
7308,2021-05-28 10:07:00.0000000,159.42999,159.67999,159.33501,159.63000,6064,40096643158,0.740,25
7309,2021-05-28 10:08:00.0000000,159.34000,159.36530,159.34000,159.34000,325,40074009079,0.740,25
7310,2021-05-28 10:09:00.0000000,159.50999,159.50999,159.34000,159.34000,2226,40116763618,0.740,25
7311,2021-05-28 10:10:00.0000000,159.53000,159.53000,159.46001,159.50999,1082,40121794693,0.740,25
7312,2021-05-28 10:11:00.0000000,159.46001,159.46001,159.39999,159.46001,1372,40104191689,0.740,25
7313,2021-05-28 10:12:00.0000000,159.31500,159.41000,159.31500,159.41000,3209,40067723114,0.740,25
7314,2021-05-28 10:13:00.0000000,159.39461,159.39461,159.24001,159.27000,833,40087743797,0.740,25
7315,2021-05-28 10:14:00.0000000,159.25500,159.37000,159.25500,159.37000,1998,40052633728,0.740,25
7316,2021-05-28 10:15:00.0000000,159.37500,159.37500,159.26500,159.26500,343,40082812500,0.740,25
7317,2021-05-28 10:17:00.0000000,159.39900,159.39900,159.33501,159.33501,1707,40088849022,0.740,25
7318,2021-05-28 10:18:00.0000000,159.30000,159.30000,159.23000,159.28000,5042,40063950768,0.740,25
7319,2021-05-28 10:19:00.0000000,159.12500,159.28000,159.12000,159.28000,3270,40019937500,0.740,25
7320,2021-05-28 10:20:00.0000000,159.03000,159.10500,159.02000,159.10001,1724,39996044693,0.740,25
7321,2021-05-28 10:21:00.0000000,158.96001,158.97000,158.96001,158.97000,289,39978441689,0.740,25
7322,2021-05-28 10:22:00.0000000,159.00500,159.03999,158.98000,159.03999,1172,39989758728,0.740,25
7323,2021-05-28 10:23:00.0000000,159.11000,159.11000,159.07001,159.07001,560,40016165154,0.740,25
7324,2021-05-28 10:24:00.0000000,159.00999,159.07001,159.00999,159.07001,384,39991013618,0.740,25
7325,2021-05-28 10:25:00.0000000,159.10091,159.17000,159.10091,159.17000,391,40013877953,0.740,25
7326,2021-05-28 10:26:00.0000000,159.27600,159.27600,159.02000,159.02000,1385,40057914246,0.740,25
7327,2021-05-28 10:27:00.0000000,159.24001,159.24001,159.24001,159.24001,356,40048861382,0.740,25
7328,2021-05-28 10:28:00.0000000,159.24500,159.24500,159.23000,159.23000,696,40050116272,0.740,25
7329,2021-05-28 10:29:00.0000000,159.30000,159.30000,159.23000,159.23000,419,40063950768,0.740,25
7330,2021-05-28 10:30:00.0000000,159.24001,159.34500,159.22000,159.34500,2189,40048861382,0.740,25
7331,2021-05-28 10:31:00.0000000,159.28000,159.30000,159.24001,159.30000,724,40058919693,0.740,25
7332,2021-05-28 10:32:00.0000000,159.42000,159.42000,159.34000,159.34000,763,40094129539,0.740,25
7333,2021-05-28 10:33:00.0000000,159.63000,159.67000,159.49500,159.50000,6434,40146946228,0.740,25
7334,2021-05-28 10:34:00.0000000,159.64999,159.67999,159.57500,159.64000,2249,40151973465,0.740,25
7335,2021-05-28 10:35:00.0000000,159.63000,159.67999,159.60001,159.64999,1375,40146946228,0.740,25
7336,2021-05-28 10:36:00.0000000,159.64000,159.64000,159.55000,159.55000,1010,40149459846,0.740,25
7337,2021-05-28 10:37:00.0000000,159.50000,159.58000,159.49001,159.53999,7099,40114250000,0.740,25
7338,2021-05-28 10:38:00.0000000,159.61000,159.61000,159.47000,159.50000,1692,40141915154,0.740,25
7339,2021-05-28 10:39:00.0000000,159.56000,159.61000,159.55000,159.56000,2356,40129339386,0.740,25
7340,2021-05-28 10:40:00.0000000,159.64999,159.64999,159.56000,159.60500,1754,40151973465,0.740,25
7341,2021-05-28 10:41:00.0000000,159.58501,159.62000,159.58501,159.62000,1599,40135629189,0.740,25
7342,2021-05-28 10:42:00.0000000,159.57500,159.57500,159.57500,159.57500,502,40133111732,0.740,25
7343,2021-05-28 10:43:00.0000000,159.63499,159.64000,159.62000,159.62000,1153,40148201118,0.740,25
7344,2021-05-28 10:46:00.0000000,159.58000,159.61000,159.53999,159.58000,2892,40134370461,0.740,25
7345,2021-05-28 10:47:00.0000000,159.63000,159.67999,159.47000,159.55000,11646,40146946228,0.740,25
7346,2021-05-28 10:48:00.0000000,159.57001,159.59000,159.57001,159.59000,1020,40131856842,0.740,25
7347,2021-05-28 10:49:00.0000000,159.38000,159.54500,159.38000,159.54500,755,40084071228,0.740,25
7348,2021-05-28 10:50:00.0000000,159.48500,159.50000,159.47501,159.48000,435,40110477654,0.740,25
7349,2021-05-28 10:51:00.0000000,159.45000,159.48000,159.45000,159.46001,884,40101674232,0.740,25
7350,2021-05-28 10:53:00.0000000,159.47000,159.48000,159.40500,159.43330,2626,40106705307,0.740,25
7351,2021-05-28 10:55:00.0000000,159.50000,159.50000,159.50000,159.50000,173,40114250000,0.740,25
7352,2021-05-28 10:56:00.0000000,159.44000,159.50000,159.44000,159.50000,1152,40099160614,0.740,25
7353,2021-05-28 10:57:00.0000000,159.52000,159.52000,159.48000,159.48000,713,40119281075,0.740,25
7354,2021-05-28 10:58:00.0000000,159.56000,159.60001,159.52000,159.52000,2231,40129339386,0.740,25
7355,2021-05-28 10:59:00.0000000,159.63000,159.67500,159.63000,159.64999,1344,40146946228,0.740,25
7356,2021-05-28 11:00:00.0000000,159.61000,159.66000,159.60001,159.66000,800,40141915154,0.740,25
7357,2021-05-28 11:01:00.0000000,159.60500,159.61200,159.56000,159.60500,2359,40140656425,0.740,25
7358,2021-05-28 11:02:00.0000000,159.64500,159.64500,159.61000,159.61000,1029,40150718575,0.740,25
7359,2021-05-28 11:03:00.0000000,159.56000,159.64999,159.56000,159.61501,861,40129339386,0.740,25
7360,2021-05-28 11:04:00.0000000,159.57500,159.57500,159.52000,159.52000,485,40133111732,0.740,25
7361,2021-05-28 11:05:00.0000000,159.63000,159.63000,159.62000,159.62000,391,40146946228,0.740,25
7362,2021-05-28 11:06:00.0000000,159.66000,159.67000,159.64000,159.64000,430,40154490921,0.740,25
7363,2021-05-28 11:07:00.0000000,159.64999,159.64999,159.64999,159.64999,129,40151973465,0.740,25
7364,2021-05-28 11:08:00.0000000,159.62000,159.64999,159.62000,159.63000,884,40144428772,0.740,25
7365,2021-05-28 11:09:00.0000000,159.57001,159.62000,159.57001,159.62000,715,40131856842,0.740,25
7366,2021-05-28 11:10:00.0000000,159.50000,159.50000,159.45500,159.45500,432,40114250000,0.740,25
7367,2021-05-28 11:11:00.0000000,159.48000,159.48000,159.48000,159.48000,426,40109218925,0.740,25
7368,2021-05-28 11:12:00.0000000,159.50000,159.50000,159.50000,159.50000,307,40114250000,0.740,25
7369,2021-05-28 11:13:00.0000000,159.59500,159.59500,159.59500,159.59500,159,40138142807,0.740,25
7370,2021-05-28 11:14:00.0000000,159.63499,159.63499,159.63499,159.63499,305,40148201118,0.740,25
7371,2021-05-28 11:15:00.0000000,159.64999,159.64999,159.61000,159.64500,848,40151973465,0.740,25
7372,2021-05-28 11:16:00.0000000,159.60001,159.67500,159.60001,159.67500,864,40139401535,0.740,25
7373,2021-05-28 11:17:00.0000000,159.66000,159.66000,159.66000,159.66000,714,40154490921,0.740,25
7374,2021-05-28 11:18:00.0000000,159.63000,159.74001,159.63000,159.74001,5296,40146946228,0.740,25
7375,2021-05-28 11:19:00.0000000,159.49001,159.64000,159.49001,159.63000,5345,40111736382,0.740,25
7376,2021-05-28 11:20:00.0000000,159.45500,159.52000,159.41000,159.46500,12562,40102932961,0.740,25
7377,2021-05-28 11:21:00.0000000,159.67999,159.71001,159.46001,159.48000,18744,40159518158,0.740,25
7378,2021-05-28 11:22:00.0000000,159.70000,159.75999,159.70000,159.72000,3744,40164549232,0.740,25
7379,2021-05-28 11:24:00.0000000,159.67999,159.70000,159.66000,159.70000,2163,40159518158,0.740,25
7380,2021-05-28 11:25:00.0000000,159.65199,159.73000,159.65199,159.73000,343,40152476189,0.740,25
7381,2021-05-28 11:26:00.0000000,159.71001,159.71001,159.71001,159.71001,242,40167066689,0.740,25
7382,2021-05-28 11:28:00.0000000,159.71001,159.72000,159.71001,159.72000,696,40167066689,0.740,25
7383,2021-05-28 11:29:00.0000000,159.78000,159.78000,159.74500,159.75301,3584,40184669693,0.740,25
7384,2021-05-28 11:30:00.0000000,159.86459,159.86459,159.77000,159.78999,957,40205945267,0.740,25
7385,2021-05-28 11:31:00.0000000,159.77000,159.86000,159.77000,159.84000,3426,40182156075,0.740,25
7386,2021-05-28 11:32:00.0000000,159.77000,159.77000,159.72501,159.72501,1087,40182156075,0.740,25
7387,2021-05-28 11:33:00.0000000,159.77000,159.78999,159.77000,159.78999,968,40182156075,0.740,25
7388,2021-05-28 11:34:00.0000000,159.76900,159.76900,159.76900,159.76900,362,40181902794,0.740,25
7389,2021-05-28 11:35:00.0000000,159.81000,159.81000,159.77000,159.77000,744,40192214386,0.740,25
7390,2021-05-28 11:36:00.0000000,159.87041,159.87041,159.83000,159.83000,828,40207407387,0.740,25
7391,2021-05-28 11:37:00.0000000,159.82001,159.87000,159.82001,159.87000,1190,40194731842,0.740,25
7392,2021-05-28 11:38:00.0000000,159.88499,159.88499,159.88499,159.88499,200,40211076118,0.740,25
7393,2021-05-28 11:39:00.0000000,159.92999,159.92999,159.85001,159.91000,2367,40222393158,0.740,25
7394,2021-05-28 11:40:00.0000000,159.96001,159.99001,159.94501,159.94501,556,40229941689,0.740,25
7395,2021-05-28 11:41:00.0000000,159.98000,160.00000,159.95000,159.99001,2469,40234968925,0.740,25
7396,2021-05-28 11:42:00.0000000,159.95500,159.97000,159.92999,159.94000,2586,40228682961,0.740,25
7397,2021-05-28 11:43:00.0000000,159.97000,160.00000,159.97000,160.00000,2782,40232455307,0.740,25
7398,2021-05-28 11:44:00.0000000,160.02499,160.06000,159.98000,160.00000,1345,40246285965,0.740,25
7399,2021-05-28 11:45:00.0000000,159.89999,160.00999,159.89999,160.00999,5018,40214848465,0.740,25
7400,2021-05-28 11:46:00.0000000,159.86000,159.89999,159.80000,159.87000,3254,40204790154,0.740,25
7401,2021-05-28 11:47:00.0000000,159.75999,159.86000,159.75999,159.86000,1889,40179638618,0.740,25
7402,2021-05-28 11:48:00.0000000,159.78999,159.78999,159.73000,159.75000,1027,40187183311,0.740,25
7403,2021-05-28 11:49:00.0000000,159.78999,159.85001,159.78999,159.85001,371,40187183311,0.740,25
7404,2021-05-28 11:50:00.0000000,159.53999,159.82001,159.53999,159.78999,20872,40124308311,0.740,25
7405,2021-05-28 11:51:00.0000000,159.59000,159.63000,159.59000,159.63000,1313,40136884079,0.740,25
7406,2021-05-28 11:52:00.0000000,159.53999,159.59000,159.53999,159.59000,1725,40124308311,0.740,25
7407,2021-05-28 11:53:00.0000000,159.59000,159.59000,159.56500,159.56500,888,40136884079,0.740,25
7408,2021-05-28 11:54:00.0000000,159.53999,159.57001,159.50000,159.53999,2362,40124308311,0.740,25
7409,2021-05-28 11:55:00.0000000,159.62500,159.67999,159.54750,159.54750,3019,40145687500,0.740,25
7410,2021-05-28 11:56:00.0000000,159.59000,159.59000,159.58501,159.58501,402,40136884079,0.740,25
7411,2021-05-28 11:57:00.0000000,159.61000,159.63000,159.60001,159.62000,3249,40141915154,0.740,25
7412,2021-05-28 11:58:00.0000000,159.59000,159.59500,159.59000,159.59500,701,40136884079,0.740,25
7413,2021-05-28 11:59:00.0000000,159.53999,159.57001,159.53999,159.57001,613,40124308311,0.740,25
7414,2021-05-28 12:00:00.0000000,159.52000,159.52000,159.52000,159.52000,478,40119281075,0.740,25
7415,2021-05-28 12:01:00.0000000,159.52000,159.52000,159.52000,159.52000,566,40119281075,0.740,25
7416,2021-05-28 12:02:00.0000000,159.53000,159.53000,159.51750,159.51750,238,40121794693,0.740,25
7417,2021-05-28 12:03:00.0000000,159.59000,159.59000,159.59000,159.59000,352,40136884079,0.740,25
7418,2021-05-28 12:04:00.0000000,159.58501,159.58501,159.58501,159.58501,181,40135629189,0.740,25
7419,2021-05-28 12:05:00.0000000,159.58000,159.65500,159.58000,159.61501,2910,40134370461,0.740,25
7420,2021-05-28 12:06:00.0000000,159.59801,159.59801,159.59000,159.59000,551,40138898811,0.740,25
7421,2021-05-28 12:07:00.0000000,159.60500,159.60500,159.59000,159.59000,803,40140656425,0.740,25
7422,2021-05-28 12:08:00.0000000,159.58000,159.60500,159.56000,159.60500,1574,40134370461,0.740,25
7423,2021-05-28 12:09:00.0000000,159.59000,159.60001,159.58501,159.59000,1362,40136884079,0.740,25
7424,2021-05-28 12:10:00.0000000,159.50000,159.59000,159.49001,159.59000,2344,40114250000,0.740,25
7425,2021-05-28 12:11:00.0000000,159.46001,159.48000,159.46001,159.48000,308,40104191689,0.740,25
7426,2021-05-28 12:12:00.0000000,159.40500,159.46001,159.40500,159.46001,1396,40090357193,0.740,25
7427,2021-05-28 12:13:00.0000000,159.42999,159.42999,159.41000,159.41000,1851,40096643158,0.740,25
7428,2021-05-28 12:14:00.0000000,159.44501,159.44501,159.44501,159.44501,135,40100419342,0.740,25
7429,2021-05-28 12:15:00.0000000,159.56000,159.56000,159.45000,159.45000,2356,40129339386,0.740,25
7430,2021-05-28 12:16:00.0000000,159.60001,159.60001,159.53000,159.53999,1865,40139401535,0.740,25
7431,2021-05-28 12:17:00.0000000,159.57001,159.61501,159.56000,159.57001,1743,40131856842,0.740,25
7432,2021-05-28 12:18:00.0000000,159.49001,159.57001,159.48000,159.57001,6287,40111736382,0.740,25
7433,2021-05-28 12:19:00.0000000,159.53500,159.53500,159.49001,159.49001,1640,40123053421,0.740,25
7434,2021-05-28 12:20:00.0000000,159.57500,159.59000,159.53999,159.53999,2449,40133111732,0.740,25
7435,2021-05-28 12:21:00.0000000,159.53999,159.58000,159.50740,159.58000,1739,40124308311,0.740,25
7436,2021-05-28 12:22:00.0000000,159.55000,159.58000,159.55000,159.58000,3209,40126825768,0.740,25
7437,2021-05-28 12:24:00.0000000,159.53011,159.56000,159.53011,159.56000,2002,40121821556,0.740,25
7438,2021-05-28 12:25:00.0000000,159.49001,159.53000,159.46001,159.53000,708,40111736382,0.740,25
7439,2021-05-28 12:26:00.0000000,159.46001,159.48520,159.41000,159.46100,2427,40104191689,0.740,25
7440,2021-05-28 12:27:00.0000000,159.39999,159.42999,159.39000,159.42999,698,40089098465,0.740,25
7441,2021-05-28 12:28:00.0000000,159.45000,159.45000,159.40500,159.40500,826,40101674232,0.740,25
7442,2021-05-28 12:29:00.0000000,159.51250,159.51250,159.42751,159.47000,2143,40117392982,0.740,25
7443,2021-05-28 12:30:00.0000000,159.44000,159.48000,159.44000,159.48000,1106,40099160614,0.740,25
7444,2021-05-28 12:31:00.0000000,159.46001,159.48000,159.46001,159.46001,1001,40104191689,0.740,25
7445,2021-05-28 12:32:00.0000000,159.46001,159.46001,159.46001,159.46001,225,40104191689,0.740,25
7446,2021-05-28 12:33:00.0000000,159.49001,159.49001,159.47000,159.47000,1306,40111736382,0.740,25
7447,2021-05-28 12:34:00.0000000,159.50000,159.50000,159.47000,159.47000,378,40114250000,0.740,25
7448,2021-05-28 12:35:00.0000000,159.50000,159.52000,159.50000,159.52000,288,40114250000,0.740,25
7449,2021-05-28 12:36:00.0000000,159.52000,159.52000,159.49001,159.50000,774,40119281075,0.740,25
7450,2021-05-28 12:37:00.0000000,159.47000,159.48000,159.47000,159.48000,519,40106705307,0.740,25
7451,2021-05-28 12:38:00.0000000,159.49001,159.50000,159.47000,159.47000,1075,40111736382,0.740,25
7452,2021-05-28 12:40:00.0000000,159.53020,159.53020,159.52000,159.52000,401,40121844582,0.740,25
7453,2021-05-28 12:41:00.0000000,159.59000,159.59000,159.53999,159.53999,1858,40136884079,0.740,25
7454,2021-05-28 12:42:00.0000000,159.66000,159.66000,159.66000,159.66000,101,40154490921,0.740,25
7455,2021-05-28 12:43:00.0000000,159.60001,159.67000,159.60001,159.64000,3822,40139401535,0.740,25
7456,2021-05-28 12:44:00.0000000,159.62000,159.62000,159.62000,159.62000,132,40144428772,0.740,25
7457,2021-05-28 12:45:00.0000000,159.60001,159.61501,159.59000,159.61501,1183,40139401535,0.740,25
7458,2021-05-28 12:46:00.0000000,159.61501,159.66000,159.60001,159.61000,2666,40143173882,0.740,25
7459,2021-05-28 12:47:00.0000000,159.56000,159.56000,159.55000,159.56000,1305,40129339386,0.740,25
7460,2021-05-28 12:48:00.0000000,159.49001,159.52000,159.47000,159.49001,2880,40111736382,0.740,25
7461,2021-05-28 12:49:00.0000000,159.52161,159.52161,159.52161,159.52161,712,40119684021,0.740,25
7462,2021-05-28 12:50:00.0000000,159.56000,159.58501,159.53999,159.55000,2980,40129339386,0.740,25
7463,2021-05-28 12:51:00.0000000,159.62500,159.62500,159.59000,159.59000,2105,40145687500,0.740,25
7464,2021-05-28 12:52:00.0000000,159.63000,159.63000,159.61440,159.61440,549,40146946228,0.740,25
7465,2021-05-28 12:53:00.0000000,159.63000,159.63000,159.61000,159.63000,1724,40146946228,0.740,25
7466,2021-05-28 12:54:00.0000000,159.64999,159.67000,159.62000,159.64000,1110,40151973465,0.740,25
7467,2021-05-28 12:55:00.0000000,159.63000,159.63000,159.63000,159.63000,319,40146946228,0.740,25
7468,2021-05-28 12:56:00.0000000,159.64999,159.64999,159.59000,159.60001,1173,40151973465,0.740,25
7469,2021-05-28 12:57:00.0000000,159.61000,159.64999,159.61000,159.61000,1182,40141915154,0.740,25
7470,2021-05-28 12:59:00.0000000,159.55000,159.59000,159.55000,159.59000,2140,40126825768,0.740,25
7471,2021-05-28 13:00:00.0000000,159.63000,159.63000,159.59000,159.59000,915,40146946228,0.740,25
7472,2021-05-28 13:02:00.0000000,159.69000,159.69000,159.64999,159.64999,1092,40162035614,0.740,25
7473,2021-05-28 13:03:00.0000000,159.66000,159.66000,159.66000,159.66000,177,40154490921,0.740,25
7474,2021-05-28 13:04:00.0000000,159.69000,159.74001,159.69000,159.70000,1157,40162035614,0.740,25
7475,2021-05-28 13:05:00.0000000,159.66000,159.68130,159.64999,159.68130,1417,40154490921,0.740,25
7476,2021-05-28 13:06:00.0000000,159.67000,159.67000,159.67000,159.67000,239,40157004539,0.740,25
7477,2021-05-28 13:07:00.0000000,159.67000,159.67000,159.67000,159.67000,152,40157004539,0.740,25
7478,2021-05-28 13:08:00.0000000,159.62000,159.66000,159.62000,159.64999,2180,40144428772,0.740,25
7479,2021-05-28 13:09:00.0000000,159.67999,159.69420,159.64999,159.64999,1970,40159518158,0.740,25
7480,2021-05-28 13:10:00.0000000,159.74001,159.74001,159.74001,159.74001,898,40174611382,0.740,25
7481,2021-05-28 13:11:00.0000000,159.73000,159.73000,159.73000,159.73000,300,40172093925,0.740,25
7482,2021-05-28 13:12:00.0000000,159.72000,159.75999,159.72000,159.74001,757,40169580307,0.740,25
7483,2021-05-28 13:13:00.0000000,159.75000,159.75000,159.70000,159.72000,615,40177125000,0.740,25
7484,2021-05-28 13:14:00.0000000,159.69000,159.73000,159.67000,159.70000,2710,40162035614,0.740,25
7485,2021-05-28 13:15:00.0000000,159.52000,159.67999,159.52000,159.66000,1162,40119281075,0.740,25
7486,2021-05-28 13:16:00.0000000,159.66000,159.66000,159.56000,159.56000,4129,40154490921,0.740,25
7487,2021-05-28 13:17:00.0000000,159.66000,159.66000,159.66000,159.66000,228,40154490921,0.740,25
7488,2021-05-28 13:18:00.0000000,159.66499,159.66499,159.64999,159.64999,387,40155745811,0.740,25
7489,2021-05-28 13:19:00.0000000,159.74500,159.74500,159.64999,159.70000,3190,40175866272,0.740,25
7490,2021-05-28 13:20:00.0000000,159.70000,159.77000,159.70000,159.70151,1429,40164549232,0.740,25
7491,2021-05-28 13:21:00.0000000,159.73000,159.75000,159.64999,159.64999,11459,40172093925,0.740,25
7492,2021-05-28 13:22:00.0000000,159.64000,159.72000,159.64000,159.72000,2994,40149459846,0.740,25
7493,2021-05-28 13:23:00.0000000,159.73500,159.73500,159.64000,159.64000,3047,40173352654,0.740,25
7494,2021-05-28 13:24:00.0000000,159.72000,159.72000,159.72000,159.72000,686,40169580307,0.740,25
7495,2021-05-28 13:25:00.0000000,159.82500,159.82500,159.82500,159.82500,172,40195986732,0.740,25
7496,2021-05-28 13:26:00.0000000,159.84000,159.84000,159.76300,159.78999,1979,40199759079,0.740,25
7497,2021-05-28 13:27:00.0000000,159.91000,159.91000,159.86000,159.86000,1566,40217365921,0.740,25
7498,2021-05-28 13:28:00.0000000,159.92999,159.92999,159.92999,159.92999,175,40222393158,0.740,25
7499,2021-05-28 13:29:00.0000000,160.00999,160.00999,159.89999,159.89999,3273,40242513618,0.740,25
7500,2021-05-28 13:30:00.0000000,159.89999,159.97501,159.89999,159.95000,3195,40214848465,0.740,25
7501,2021-05-28 13:31:00.0000000,159.89000,159.92500,159.83000,159.92500,3422,40212334846,0.740,25
7502,2021-05-28 13:32:00.0000000,159.91000,159.91000,159.88000,159.88000,493,40217365921,0.740,25
7503,2021-05-28 13:33:00.0000000,159.79500,159.85001,159.79500,159.85001,1365,40188442039,0.740,25
7504,2021-05-28 13:34:00.0000000,159.77000,159.78999,159.75900,159.75900,846,40182156075,0.740,25
7505,2021-05-28 13:35:00.0000000,159.82001,159.84000,159.80000,159.80000,1682,40194731842,0.740,25
7506,2021-05-28 13:36:00.0000000,159.75999,159.82001,159.75999,159.80000,911,40179638618,0.740,25
7507,2021-05-28 13:37:00.0000000,159.85001,159.85001,159.80000,159.80000,1513,40202276535,0.740,25
7508,2021-05-28 13:38:00.0000000,159.84000,159.84000,159.84000,159.84000,252,40199759079,0.740,25
7509,2021-05-28 13:39:00.0000000,159.95000,159.95000,159.82001,159.85500,2742,40227424232,0.740,25
7510,2021-05-28 13:40:00.0000000,159.92000,159.98500,159.92000,159.96001,1897,40219879539,0.740,25
7511,2021-05-28 13:41:00.0000000,159.97250,159.98000,159.89000,159.89999,2853,40233084671,0.740,25
7512,2021-05-28 13:42:00.0000000,159.99001,159.99001,159.96500,159.96500,827,40237486382,0.740,25
7513,2021-05-28 13:43:00.0000000,159.92999,159.96500,159.92999,159.94000,1922,40222393158,0.740,25
7514,2021-05-28 13:44:00.0000000,160.02000,160.02000,159.96001,159.96001,1692,40245031075,0.740,25
7515,2021-05-28 13:45:00.0000000,160.09000,160.09000,160.08000,160.08000,496,40262634079,0.740,25
7516,2021-05-28 13:46:00.0000000,160.15500,160.15500,160.14000,160.14000,481,40278982193,0.740,25
7517,2021-05-28 13:47:00.0000000,160.11000,160.17999,160.07001,160.17999,4799,40267665154,0.740,25
7518,2021-05-28 13:48:00.0000000,160.12500,160.12500,160.08501,160.11000,1515,40271437500,0.740,25
7519,2021-05-28 13:49:00.0000000,160.14000,160.14000,160.11929,160.14000,1017,40275209846,0.740,25
7520,2021-05-28 13:50:00.0000000,160.05499,160.10001,160.05000,160.10001,2966,40253830658,0.740,25
7521,2021-05-28 13:51:00.0000000,160.02000,160.02000,159.99500,160.02000,801,40245031075,0.740,25
7522,2021-05-28 13:52:00.0000000,160.00000,160.03999,160.00000,160.03000,1667,40240000000,0.740,25
7523,2021-05-28 13:53:00.0000000,160.04500,160.04500,160.04500,160.04500,296,40251317039,0.740,25
7524,2021-05-28 13:54:00.0000000,160.05000,160.05000,160.00999,160.03999,843,40252575768,0.740,25
7525,2021-05-28 13:55:00.0000000,160.07001,160.10001,160.05499,160.08000,2119,40257606842,0.740,25
7526,2021-05-28 13:56:00.0000000,160.05009,160.05009,160.05009,160.05009,334,40252598793,0.740,25
7527,2021-05-28 13:57:00.0000000,160.07001,160.08000,160.05000,160.05000,711,40257606842,0.740,25
7528,2021-05-28 13:58:00.0000000,160.03000,160.03000,160.03000,160.03000,457,40247544693,0.740,25
7529,2021-05-28 13:59:00.0000000,160.02000,160.03999,160.02000,160.03999,520,40245031075,0.740,25
7530,2021-05-28 14:00:00.0000000,160.00000,160.06000,160.00000,160.03000,8872,40240000000,0.740,25
7531,2021-05-28 14:01:00.0000000,159.84000,160.03999,159.84000,160.03999,2807,40199759079,0.740,25
7532,2021-05-28 14:02:00.0000000,159.91000,159.98500,159.84000,159.86000,3738,40217365921,0.740,25
7533,2021-05-28 14:03:00.0000000,159.89000,159.89500,159.89000,159.89000,1338,40212334846,0.740,25
7534,2021-05-28 14:04:00.0000000,159.89000,159.89000,159.89000,159.89000,103,40212334846,0.740,25
7535,2021-05-28 14:05:00.0000000,159.87500,159.91000,159.87500,159.91000,2668,40208562500,0.740,25
7536,2021-05-28 14:06:00.0000000,159.84000,159.85831,159.84000,159.85831,718,40199759079,0.740,25
7537,2021-05-28 14:07:00.0000000,159.80000,159.80000,159.80000,159.80000,434,40189700768,0.740,25
7538,2021-05-28 14:08:00.0000000,159.80000,159.82001,159.78999,159.82001,1192,40189700768,0.740,25
7539,2021-05-28 14:10:00.0000000,159.78500,159.78500,159.78000,159.78000,752,40185928421,0.740,25
7540,2021-05-28 14:11:00.0000000,159.73000,159.80000,159.73000,159.77000,1478,40172093925,0.740,25
7541,2021-05-28 14:12:00.0000000,159.73000,159.73000,159.69000,159.69000,1032,40172093925,0.740,25
7542,2021-05-28 14:14:00.0000000,159.72000,159.73000,159.72000,159.72000,1022,40169580307,0.740,25
7543,2021-05-28 14:15:00.0000000,159.73500,159.74001,159.72090,159.72090,2076,40173352654,0.740,25
7544,2021-05-28 14:16:00.0000000,159.75999,159.75999,159.75000,159.75000,661,40179638618,0.740,25
7545,2021-05-28 14:17:00.0000000,159.74001,159.75000,159.73000,159.73000,782,40174611382,0.740,25
7546,2021-05-28 14:18:00.0000000,159.77000,159.77000,159.75999,159.75999,1254,40182156075,0.740,25
7547,2021-05-28 14:19:00.0000000,159.78999,159.78999,159.77000,159.77000,1269,40187183311,0.740,25
7548,2021-05-28 14:20:00.0000000,159.80000,159.80000,159.78999,159.80000,1389,40189700768,0.740,25
7549,2021-05-28 14:21:00.0000000,159.82001,159.82001,159.78999,159.80000,2211,40194731842,0.740,25
7550,2021-05-28 14:22:00.0000000,159.88000,159.88000,159.80000,159.81000,2576,40209821228,0.740,25
7551,2021-05-28 14:23:00.0000000,159.89000,159.89000,159.88000,159.88000,1445,40212334846,0.740,25
7552,2021-05-28 14:24:00.0000000,159.89999,159.89999,159.89000,159.89999,617,40214848465,0.740,25
7553,2021-05-28 14:25:00.0000000,159.89000,159.89000,159.89000,159.89000,347,40212334846,0.740,25
7554,2021-05-28 14:26:00.0000000,159.86000,159.86000,159.85001,159.86000,766,40204790154,0.740,25
7555,2021-05-28 14:27:00.0000000,159.85001,159.87000,159.84000,159.87000,1369,40202276535,0.740,25
7556,2021-05-28 14:28:00.0000000,159.83000,159.83000,159.83000,159.83000,471,40197245461,0.740,25
7557,2021-05-28 14:29:00.0000000,159.79800,159.82001,159.79800,159.81000,453,40189198044,0.740,25
7558,2021-05-28 14:31:00.0000000,159.75000,159.78999,159.75000,159.78999,1191,40177125000,0.740,25
7559,2021-05-28 14:32:00.0000000,159.75000,159.75000,159.74001,159.74001,1008,40177125000,0.740,25
7560,2021-05-28 14:33:00.0000000,159.75500,159.78000,159.73000,159.75999,2352,40178383728,0.740,25
7561,2021-05-28 14:34:00.0000000,159.78999,159.78999,159.78000,159.78000,1637,40187183311,0.740,25
7562,2021-05-28 14:35:00.0000000,159.82001,159.82001,159.81000,159.81000,577,40194731842,0.740,25
7563,2021-05-28 14:36:00.0000000,159.82001,159.83000,159.81000,159.83000,1196,40194731842,0.740,25
7564,2021-05-28 14:37:00.0000000,159.89000,159.89500,159.85001,159.85001,1690,40212334846,0.740,25
7565,2021-05-28 14:38:00.0000000,159.86501,159.86501,159.86501,159.86501,258,40206048882,0.740,25
7566,2021-05-28 14:39:00.0000000,159.88000,159.88000,159.84000,159.85001,1921,40209821228,0.740,25
7567,2021-05-28 14:40:00.0000000,159.88000,159.88000,159.88000,159.88000,469,40209821228,0.740,25
7568,2021-05-28 14:41:00.0000000,159.89000,159.89000,159.89000,159.89000,233,40212334846,0.740,25
7569,2021-05-28 14:43:00.0000000,159.86000,159.88000,159.86000,159.88000,1144,40204790154,0.740,25
7570,2021-05-28 14:44:00.0000000,159.89999,159.89999,159.88000,159.88000,1236,40214848465,0.740,25
7571,2021-05-28 14:45:00.0000000,159.87000,159.89000,159.87000,159.89000,417,40207303772,0.740,25
7572,2021-05-28 14:47:00.0000000,159.87000,159.91000,159.84000,159.91000,2928,40207303772,0.740,25
7573,2021-05-28 14:49:00.0000000,159.92999,159.92999,159.92000,159.92000,1775,40222393158,0.740,25
7574,2021-05-28 14:50:00.0000000,159.99001,159.99001,159.96001,159.97000,1161,40237486382,0.740,25
7575,2021-05-28 14:51:00.0000000,159.92999,160.00500,159.92000,160.00000,1811,40222393158,0.740,25
7576,2021-05-28 14:52:00.0000000,159.95000,159.95000,159.95000,159.95000,419,40227424232,0.740,25
7577,2021-05-28 14:53:00.0000000,159.95000,159.99001,159.94000,159.94000,1245,40227424232,0.740,25
7578,2021-05-28 14:54:00.0000000,159.89000,159.89999,159.89000,159.89999,1257,40212334846,0.740,25
7579,2021-05-28 14:55:00.0000000,159.88000,159.88000,159.88000,159.88000,526,40209821228,0.740,25
7580,2021-05-28 14:56:00.0000000,159.92999,159.92999,159.91000,159.91000,1173,40222393158,0.740,25
7581,2021-05-28 14:57:00.0000000,159.90500,159.93600,159.90500,159.93600,579,40216107193,0.740,25
7582,2021-05-28 14:58:00.0000000,159.91000,159.94000,159.91000,159.94000,781,40217365921,0.740,25
7583,2021-05-28 14:59:00.0000000,159.89990,159.95000,159.88000,159.92999,713,40214825439,0.740,25
7584,2021-05-28 15:00:00.0000000,159.88000,159.88000,159.87000,159.87000,1078,40209821228,0.740,25
7585,2021-05-28 09:30:00.0000000,414.01001,415.00000,412.70001,412.70001,43318,390702000000,0.770,26
7586,2021-05-28 09:31:00.0000000,414.01999,414.51999,413.90601,413.98999,2774,390711000000,0.770,26
7587,2021-05-28 09:32:00.0000000,414.47000,414.64001,413.89999,414.14999,4812,391136000000,0.770,26
7588,2021-05-28 09:33:00.0000000,414.20999,414.48001,414.16000,414.31000,4259,390891000000,0.770,26
7589,2021-05-28 09:34:00.0000000,414.03000,414.56000,413.78000,414.56000,2185,390721000000,0.770,26
7590,2021-05-28 09:35:00.0000000,414.25900,414.69000,414.12500,414.69000,2770,390937000000,0.770,26
7591,2021-05-28 09:36:00.0000000,414.89001,414.89001,414.82999,414.82999,2756,391533000000,0.770,26
7592,2021-05-28 09:37:00.0000000,414.47000,414.85611,414.47000,414.85611,3907,391136000000,0.770,26
7593,2021-05-28 09:38:00.0000000,414.64999,414.64999,414.45999,414.45999,1639,391306000000,0.770,26
7594,2021-05-28 09:39:00.0000000,414.14999,414.76001,414.14999,414.76001,4179,390834000000,0.770,26
7595,2021-05-28 09:40:00.0000000,413.69000,414.28610,413.69000,414.20999,1143,390400000000,0.770,26
7596,2021-05-28 09:41:00.0000000,413.89999,413.97000,413.59500,413.73499,3007,390598000000,0.770,26
7597,2021-05-28 09:42:00.0000000,413.96500,414.04999,413.89001,413.91470,3437,390660000000,0.770,26
7598,2021-05-28 09:43:00.0000000,413.34500,413.86960,413.26999,413.81000,7333,390075000000,0.770,26
7599,2021-05-28 09:44:00.0000000,413.28000,413.35001,413.20999,413.35001,6127,390013000000,0.770,26
7600,2021-05-28 09:45:00.0000000,413.74500,413.74500,413.29001,413.29001,7940,390452000000,0.770,26
7601,2021-05-28 09:46:00.0000000,413.68500,413.85999,413.67999,413.69000,4058,390395000000,0.770,26
7602,2021-05-28 09:47:00.0000000,414.01501,414.01501,413.89999,413.89999,6167,390707000000,0.770,26
7603,2021-05-28 09:48:00.0000000,414.14001,414.22000,413.89999,413.89999,4234,390825000000,0.770,26
7604,2021-05-28 09:49:00.0000000,413.97000,414.42999,413.97000,414.22000,4326,390664000000,0.770,26
7605,2021-05-28 09:50:00.0000000,413.78500,413.88000,413.70999,413.88000,3814,390490000000,0.770,26
7606,2021-05-28 09:51:00.0000000,413.94000,414.00000,413.53500,413.53500,2591,390636000000,0.770,26
7607,2021-05-28 09:52:00.0000000,413.82001,414.07001,413.67499,413.98001,3229,390523000000,0.770,26
7608,2021-05-28 09:53:00.0000000,413.91000,414.10001,413.89001,413.89001,3981,390608000000,0.770,26
7609,2021-05-28 09:54:00.0000000,414.07501,414.09000,414.01001,414.01001,1778,390763000000,0.770,26
7610,2021-05-28 09:55:00.0000000,414.07001,414.13000,413.76999,414.00000,3861,390759000000,0.770,26
7611,2021-05-28 09:56:00.0000000,414.17001,414.26001,414.04001,414.04001,2374,390853000000,0.770,26
7612,2021-05-28 09:57:00.0000000,414.26981,414.31000,414.09000,414.16501,3574,390947000000,0.770,26
7613,2021-05-28 09:58:00.0000000,414.23001,414.32001,414.20001,414.29501,3563,390910000000,0.770,26
7614,2021-05-28 09:59:00.0000000,414.82999,414.82999,414.20010,414.42999,6136,391476000000,0.770,26
7615,2021-05-28 10:00:00.0000000,414.42001,414.76999,414.34500,414.62000,3203,391089000000,0.770,26
7616,2021-05-28 10:01:00.0000000,414.70999,414.70999,414.60001,414.60001,612,391363000000,0.770,26
7617,2021-05-28 10:02:00.0000000,414.51001,414.66000,414.35001,414.58499,3616,391174000000,0.770,26
7618,2021-05-28 10:03:00.0000000,414.23001,414.36160,414.23001,414.36160,3842,390910000000,0.770,26
7619,2021-05-28 10:04:00.0000000,414.10999,414.19000,414.01001,414.10001,3459,390796000000,0.770,26
7620,2021-05-28 10:05:00.0000000,414.16019,414.16019,413.97000,414.14999,3014,390844000000,0.770,26
7621,2021-05-28 10:06:00.0000000,413.78000,414.04999,413.78000,414.04999,7975,390485000000,0.770,26
7622,2021-05-28 10:07:00.0000000,413.66000,413.66000,413.51151,413.64999,3295,390372000000,0.770,26
7623,2021-05-28 10:08:00.0000000,413.95001,414.01001,413.67001,413.67001,2116,390645000000,0.770,26
7624,2021-05-28 10:09:00.0000000,414.10999,414.22000,413.95001,414.07001,5376,390796000000,0.770,26
7625,2021-05-28 10:10:00.0000000,414.20999,414.23001,414.10001,414.10999,2848,390891000000,0.770,26
7626,2021-05-28 10:11:00.0000000,414.51501,414.53000,414.32001,414.32001,6674,391179000000,0.770,26
7627,2021-05-28 10:12:00.0000000,414.35999,414.51001,414.26001,414.51001,6770,391032000000,0.770,26
7628,2021-05-28 10:13:00.0000000,414.51999,414.51999,414.34000,414.35001,1774,391183000000,0.770,26
7629,2021-05-28 10:14:00.0000000,414.69000,414.73001,414.62000,414.62000,2836,391344000000,0.770,26
7630,2021-05-28 10:15:00.0000000,414.82999,414.87000,414.75000,414.76999,3191,391476000000,0.770,26
7631,2021-05-28 10:16:00.0000000,414.79001,414.92001,414.79001,414.82999,3645,391438000000,0.770,26
7632,2021-05-28 10:17:00.0000000,414.76001,414.76001,414.66000,414.76001,1692,391410000000,0.770,26
7633,2021-05-28 10:18:00.0000000,414.51501,414.69000,414.51501,414.69000,4661,391179000000,0.770,26
7634,2021-05-28 10:19:00.0000000,414.79999,414.79999,414.47000,414.48001,3896,391448000000,0.770,26
7635,2021-05-28 10:20:00.0000000,414.60001,414.75000,414.60001,414.75000,2237,391259000000,0.770,26
7636,2021-05-28 10:21:00.0000000,414.79001,414.81000,414.63000,414.63000,2896,391438000000,0.770,26
7637,2021-05-28 10:22:00.0000000,414.70999,414.85501,414.70999,414.75000,4078,391363000000,0.770,26
7638,2021-05-28 10:23:00.0000000,414.70001,414.76999,414.62000,414.73999,6198,391353000000,0.770,26
7639,2021-05-28 10:24:00.0000000,414.73001,414.79999,414.72501,414.72501,2268,391382000000,0.770,26
7640,2021-05-28 10:25:00.0000000,414.79001,415.01001,414.73999,414.79999,5696,391438000000,0.770,26
7641,2021-05-28 10:26:00.0000000,414.91000,414.91000,414.66000,414.70999,3297,391551000000,0.770,26
7642,2021-05-28 10:27:00.0000000,414.81000,414.98999,414.81000,414.98999,3415,391457000000,0.770,26
7643,2021-05-28 10:28:00.0000000,415.04999,415.04999,414.77499,414.77499,2644,391684000000,0.770,26
7644,2021-05-28 10:29:00.0000000,415.29001,415.29001,414.89999,414.89999,3104,391910000000,0.770,26
7645,2021-05-28 10:30:00.0000000,415.34000,415.47000,415.18500,415.27991,4706,391957000000,0.770,26
7646,2021-05-28 10:31:00.0000000,415.22000,415.47000,415.20999,415.31500,4817,391844000000,0.770,26
7647,2021-05-28 10:32:00.0000000,415.13000,415.26001,415.10999,415.20999,1776,391759000000,0.770,26
7648,2021-05-28 10:33:00.0000000,415.23001,415.23001,415.04001,415.04999,1644,391853000000,0.770,26
7649,2021-05-28 10:34:00.0000000,414.96500,415.09000,414.91000,415.07001,2640,391603000000,0.770,26
7650,2021-05-28 10:35:00.0000000,414.89499,415.07001,414.82999,414.98999,6278,391537000000,0.770,26
7651,2021-05-28 10:36:00.0000000,414.79001,414.81000,414.70999,414.81000,1633,391438000000,0.770,26
7652,2021-05-28 10:37:00.0000000,414.37720,414.64001,414.28000,414.64001,3911,391049000000,0.770,26
7653,2021-05-28 10:38:00.0000000,414.36499,414.36499,414.32001,414.32001,788,391037000000,0.770,26
7654,2021-05-28 10:39:00.0000000,414.32501,414.32501,414.29001,414.29999,1535,390999000000,0.770,26
7655,2021-05-28 10:40:00.0000000,414.01001,414.26001,414.01001,414.26001,4988,390702000000,0.770,26
7656,2021-05-28 10:41:00.0000000,414.01999,414.06000,414.01999,414.03500,2366,390711000000,0.770,26
7657,2021-05-28 10:42:00.0000000,414.07999,414.20001,413.94000,414.03500,4847,390768000000,0.770,26
7658,2021-05-28 10:43:00.0000000,413.98001,414.07999,413.95001,414.00500,2554,390674000000,0.770,26
7659,2021-05-28 10:44:00.0000000,414.03000,414.10999,414.03000,414.10999,816,390721000000,0.770,26
7660,2021-05-28 10:45:00.0000000,413.89999,413.98001,413.89999,413.95999,4960,390598000000,0.770,26
7661,2021-05-28 10:46:00.0000000,414.06000,414.06000,413.82001,414.00500,5328,390749000000,0.770,26
7662,2021-05-28 10:47:00.0000000,414.10999,414.13000,413.95001,414.01999,4840,390796000000,0.770,26
7663,2021-05-28 10:48:00.0000000,414.16989,414.16989,414.03369,414.03369,3133,390853000000,0.770,26
7664,2021-05-28 10:49:00.0000000,414.25500,414.32001,414.12000,414.12500,4944,390933000000,0.770,26
7665,2021-05-28 10:50:00.0000000,414.27170,414.32001,414.26001,414.26001,1361,390949000000,0.770,26
7666,2021-05-28 10:51:00.0000000,414.31000,414.45999,414.31000,414.32001,3133,390985000000,0.770,26
7667,2021-05-28 10:52:00.0000000,414.37500,414.39999,414.35999,414.39001,3410,391047000000,0.770,26
7668,2021-05-28 10:53:00.0000000,414.16000,414.35001,414.07001,414.35001,4201,390844000000,0.770,26
7669,2021-05-28 10:54:00.0000000,414.20001,414.20001,414.01001,414.07999,1636,390881000000,0.770,26
7670,2021-05-28 10:55:00.0000000,413.97000,414.25241,413.97000,414.25241,1385,390664000000,0.770,26
7671,2021-05-28 10:56:00.0000000,413.98001,414.04999,413.89001,414.04999,3172,390674000000,0.770,26
7672,2021-05-28 10:57:00.0000000,414.07999,414.07999,414.06000,414.06000,1229,390768000000,0.770,26
7673,2021-05-28 10:58:00.0000000,414.09500,414.16000,414.07001,414.10999,3133,390782000000,0.770,26
7674,2021-05-28 10:59:00.0000000,414.00000,414.10001,413.98999,414.09500,3507,390693000000,0.770,26
7675,2021-05-28 11:00:00.0000000,413.64999,413.95001,413.59000,413.95001,5589,390362000000,0.770,26
7676,2021-05-28 11:01:00.0000000,413.56000,413.60001,413.35172,413.60001,5521,390277000000,0.770,26
7677,2021-05-28 11:02:00.0000000,413.50500,413.57001,413.47501,413.48999,3627,390226000000,0.770,26
7678,2021-05-28 11:03:00.0000000,413.73999,413.73999,413.45999,413.45999,4307,390447000000,0.770,26
7679,2021-05-28 11:04:00.0000000,413.76001,413.82999,413.67999,413.75000,1331,390466000000,0.770,26
7680,2021-05-28 11:05:00.0000000,413.81000,413.81000,413.81000,413.81000,1888,390513000000,0.770,26
7681,2021-05-28 11:06:00.0000000,413.79568,413.85019,413.70999,413.84000,6525,390500000000,0.770,26
7682,2021-05-28 11:07:00.0000000,413.77249,413.82001,413.75000,413.82001,2006,390478000000,0.770,26
7683,2021-05-28 11:08:00.0000000,413.53000,413.70001,413.50500,413.70001,2210,390249000000,0.770,26
7684,2021-05-28 11:09:00.0000000,413.44000,413.48499,413.29501,413.48499,3331,390164000000,0.770,26
7685,2021-05-28 11:10:00.0000000,413.62000,413.63000,413.49500,413.49500,1482,390334000000,0.770,26
7686,2021-05-28 11:11:00.0000000,413.66501,413.69000,413.66501,413.69000,1244,390376000000,0.770,26
7687,2021-05-28 11:12:00.0000000,413.42999,413.67001,413.42999,413.62000,2613,390155000000,0.770,26
7688,2021-05-28 11:13:00.0000000,413.57001,413.57001,413.44000,413.44000,3941,390287000000,0.770,26
7689,2021-05-28 11:14:00.0000000,413.53000,413.67999,413.53000,413.62000,2187,390249000000,0.770,26
7690,2021-05-28 11:15:00.0000000,413.35999,413.54001,413.35999,413.51999,1971,390089000000,0.770,26
7691,2021-05-28 11:17:00.0000000,413.54999,413.61499,413.53000,413.56000,2615,390268000000,0.770,26
7692,2021-05-28 11:18:00.0000000,413.53000,413.60001,413.53000,413.54001,1133,390249000000,0.770,26
7693,2021-05-28 11:19:00.0000000,413.45999,413.53000,413.45889,413.45889,1602,390183000000,0.770,26
7694,2021-05-28 11:20:00.0000000,413.64999,413.64999,413.54999,413.54999,396,390362000000,0.770,26
7695,2021-05-28 11:21:00.0000000,413.54001,413.62500,413.51001,413.62500,2757,390259000000,0.770,26
7696,2021-05-28 11:22:00.0000000,413.57501,413.59119,413.47000,413.47000,2659,390292000000,0.770,26
7697,2021-05-28 11:23:00.0000000,413.53000,413.62000,413.53000,413.62000,1106,390249000000,0.770,26
7698,2021-05-28 11:24:00.0000000,413.44000,413.45999,413.40500,413.42999,1277,390164000000,0.770,26
7699,2021-05-28 11:25:00.0000000,413.28070,413.51999,413.28070,413.51999,2856,390014000000,0.770,26
7700,2021-05-28 11:26:00.0000000,413.45499,413.47000,413.35999,413.35999,2674,390178000000,0.770,26
7701,2021-05-28 11:27:00.0000000,413.76001,413.76001,413.51001,413.51001,2116,390466000000,0.770,26
7702,2021-05-28 11:28:00.0000000,413.54999,413.73999,413.53500,413.73999,6899,390268000000,0.770,26
7703,2021-05-28 11:29:00.0000000,413.20999,413.48999,413.20999,413.48999,4334,389947000000,0.770,26
7704,2021-05-28 11:30:00.0000000,412.98001,413.26999,412.98001,413.26999,4126,389730000000,0.770,26
7705,2021-05-28 11:31:00.0000000,413.09000,413.13501,412.76001,412.92001,6409,389834000000,0.770,26
7706,2021-05-28 11:32:00.0000000,413.35501,413.35501,413.19000,413.19000,872,390084000000,0.770,26
7707,2021-05-28 11:33:00.0000000,413.37000,413.37000,413.23499,413.29501,3439,390098000000,0.770,26
7708,2021-05-28 11:34:00.0000000,413.14999,413.38000,413.10999,413.26001,46363,389890000000,0.770,26
7709,2021-05-28 11:35:00.0000000,413.35999,413.45001,413.14499,413.20999,5908,390089000000,0.770,26
7710,2021-05-28 11:36:00.0000000,413.31500,413.54001,413.31500,413.50500,9283,390046000000,0.770,26
7711,2021-05-28 11:37:00.0000000,413.34000,413.45001,413.34000,413.44000,2071,390070000000,0.770,26
7712,2021-05-28 11:38:00.0000000,413.44000,413.54001,413.38501,413.38501,7721,390164000000,0.770,26
7713,2021-05-28 11:39:00.0000000,413.35001,413.56000,413.35001,413.47000,4753,390079000000,0.770,26
7714,2021-05-28 11:40:00.0000000,413.57501,413.64001,413.38000,413.38000,3594,390292000000,0.770,26
7715,2021-05-28 11:41:00.0000000,413.42999,413.64001,413.34000,413.63000,7097,390155000000,0.770,26
7716,2021-05-28 11:42:00.0000000,413.54001,413.60999,413.44000,413.44000,3824,390259000000,0.770,26
7717,2021-05-28 11:43:00.0000000,413.44000,413.56989,413.37000,413.48499,3242,390164000000,0.770,26
7718,2021-05-28 11:44:00.0000000,413.42261,413.50000,413.39999,413.50000,3567,390148000000,0.770,26
7719,2021-05-28 11:45:00.0000000,413.31000,413.46500,413.29501,413.46500,2131,390041000000,0.770,26
7720,2021-05-28 11:46:00.0000000,413.04001,413.32001,413.04001,413.26001,8498,389787000000,0.770,26
7721,2021-05-28 11:47:00.0000000,413.01999,413.01999,412.85999,412.95999,3737,389768000000,0.770,26
7722,2021-05-28 11:48:00.0000000,413.01999,413.10001,412.85159,412.98999,2018,389768000000,0.770,26
7723,2021-05-28 11:49:00.0000000,413.06000,413.18579,413.01999,413.10001,1223,389806000000,0.770,26
7724,2021-05-28 11:50:00.0000000,413.14609,413.14609,413.04999,413.08499,2846,389887000000,0.770,26
7725,2021-05-28 11:51:00.0000000,413.29001,413.29001,413.04001,413.06000,5446,390023000000,0.770,26
7726,2021-05-28 11:52:00.0000000,413.26001,413.31000,413.20001,413.23999,2327,389994000000,0.770,26
7727,2021-05-28 11:53:00.0000000,413.23001,413.36499,413.23001,413.23001,4083,389966000000,0.770,26
7728,2021-05-28 11:54:00.0000000,413.20999,413.32001,413.20999,413.32001,4263,389947000000,0.770,26
7729,2021-05-28 11:55:00.0000000,412.98001,413.16000,412.96500,413.16000,3441,389730000000,0.770,26
7730,2021-05-28 11:56:00.0000000,413.31000,413.32999,413.05499,413.05499,2533,390041000000,0.770,26
7731,2021-05-28 11:57:00.0000000,413.25000,413.32001,413.23001,413.29001,3787,389985000000,0.770,26
7732,2021-05-28 11:58:00.0000000,413.25000,413.30499,413.16000,413.30499,2614,389985000000,0.770,26
7733,2021-05-28 11:59:00.0000000,412.95999,413.16000,412.95999,413.16000,2213,389711000000,0.770,26
7734,2021-05-28 12:00:00.0000000,412.85999,412.98001,412.84000,412.90390,3665,389617000000,0.770,26
7735,2021-05-28 12:01:00.0000000,412.94000,412.94000,412.94000,412.94000,630,389692000000,0.770,26
7736,2021-05-28 12:02:00.0000000,413.08331,413.08331,412.85999,412.85999,2081,389828000000,0.770,26
7737,2021-05-28 12:03:00.0000000,413.12500,413.14999,413.01001,413.01999,3485,389867000000,0.770,26
7738,2021-05-28 12:04:00.0000000,413.07999,413.12000,413.01001,413.04999,3987,389824000000,0.770,26
7739,2021-05-28 12:05:00.0000000,413.23001,413.23001,413.20999,413.20999,707,389966000000,0.770,26
7740,2021-05-28 12:06:00.0000000,413.25000,413.25000,413.20001,413.20001,1265,389985000000,0.770,26
7741,2021-05-28 12:07:00.0000000,413.35001,413.38000,413.21500,413.31000,2444,390079000000,0.770,26
7742,2021-05-28 12:08:00.0000000,413.45499,413.45499,413.28000,413.37000,2387,390178000000,0.770,26
7743,2021-05-28 12:09:00.0000000,413.19000,413.48999,413.19000,413.48999,4560,389928000000,0.770,26
7744,2021-05-28 12:10:00.0000000,413.22000,413.22000,413.22000,413.22000,430,389957000000,0.770,26
7745,2021-05-28 12:11:00.0000000,413.28000,413.37000,413.28000,413.31000,1590,390013000000,0.770,26
7746,2021-05-28 12:12:00.0000000,413.17001,413.35999,413.17001,413.31000,2601,389909000000,0.770,26
7747,2021-05-28 12:13:00.0000000,413.31000,413.31000,413.19000,413.22000,1924,390041000000,0.770,26
7748,2021-05-28 12:14:00.0000000,413.39001,413.50400,413.37000,413.50400,3590,390117000000,0.770,26
7749,2021-05-28 12:15:00.0000000,413.41739,413.51199,413.37000,413.38000,2275,390143000000,0.770,26
7750,2021-05-28 12:16:00.0000000,413.29999,413.48499,413.26999,413.42499,2498,390032000000,0.770,26
7751,2021-05-28 12:17:00.0000000,413.35001,413.35001,413.29999,413.32700,3754,390079000000,0.770,26
7752,2021-05-28 12:18:00.0000000,413.38501,413.49701,413.32001,413.49701,1906,390112000000,0.770,26
7753,2021-05-28 12:19:00.0000000,413.23001,413.52200,413.23001,413.31000,3239,389966000000,0.770,26
7754,2021-05-28 12:20:00.0000000,413.25000,413.44000,413.25000,413.29999,2618,389985000000,0.770,26
7755,2021-05-28 12:21:00.0000000,413.34000,413.37000,413.23001,413.29999,3420,390070000000,0.770,26
7756,2021-05-28 12:22:00.0000000,413.26001,413.34000,413.26001,413.34000,205,389994000000,0.770,26
7757,2021-05-28 12:23:00.0000000,413.26999,413.26999,413.23999,413.26001,1442,390004000000,0.770,26
7758,2021-05-28 12:24:00.0000000,413.32999,413.35001,413.22000,413.33499,4697,390060000000,0.770,26
7759,2021-05-28 12:25:00.0000000,413.21939,413.28500,413.16000,413.28500,2163,389956000000,0.770,26
7760,2021-05-28 12:26:00.0000000,413.17999,413.17999,413.17999,413.17999,748,389919000000,0.770,26
7761,2021-05-28 12:27:00.0000000,413.20999,413.34000,413.17001,413.32001,2647,389947000000,0.770,26
7762,2021-05-28 12:28:00.0000000,412.95999,413.25000,412.95999,413.14731,3177,389711000000,0.770,26
7763,2021-05-28 12:29:00.0000000,412.91000,413.04001,412.91000,412.99820,3509,389664000000,0.770,26
7764,2021-05-28 12:30:00.0000000,412.81000,412.89001,412.79999,412.89001,4409,389570000000,0.770,26
7765,2021-05-28 12:31:00.0000000,412.75000,412.81000,412.60999,412.81000,1757,389513000000,0.770,26
7766,2021-05-28 12:32:00.0000000,412.53000,412.64001,412.47000,412.60999,2506,389305000000,0.770,26
7767,2021-05-28 12:33:00.0000000,412.35001,412.48999,412.35001,412.44000,5888,389136000000,0.770,26
7768,2021-05-28 12:34:00.0000000,412.42001,412.48999,412.26999,412.34000,9198,389202000000,0.770,26
7769,2021-05-28 12:35:00.0000000,412.22000,412.42999,412.22000,412.42001,8048,389013000000,0.770,26
7770,2021-05-28 12:36:00.0000000,412.19000,412.34000,412.07001,412.27499,6068,388985000000,0.770,26
7771,2021-05-28 12:37:00.0000000,412.60001,412.60001,412.07001,412.14001,9002,389371000000,0.770,26
7772,2021-05-28 12:38:00.0000000,412.72000,412.72000,412.72000,412.72000,362,389485000000,0.770,26
7773,2021-05-28 12:39:00.0000000,412.85001,412.94000,412.73999,412.73999,3592,389607000000,0.770,26
7774,2021-05-28 12:40:00.0000000,412.85999,412.91000,412.85999,412.91000,1643,389617000000,0.770,26
7775,2021-05-28 12:41:00.0000000,412.79001,412.79999,412.73499,412.78000,3458,389551000000,0.770,26
7776,2021-05-28 12:42:00.0000000,412.67001,412.85001,412.64999,412.79001,5463,389438000000,0.770,26
7777,2021-05-28 12:43:00.0000000,412.73999,412.76001,412.73999,412.75000,664,389504000000,0.770,26
7778,2021-05-28 12:44:00.0000000,412.64001,412.79001,412.64001,412.73999,4384,389409000000,0.770,26
7779,2021-05-28 12:45:00.0000000,412.55499,412.72000,412.55499,412.66000,2735,389329000000,0.770,26
7780,2021-05-28 12:46:00.0000000,412.43060,412.52499,412.39999,412.52499,1403,389212000000,0.770,26
7781,2021-05-28 12:47:00.0000000,412.48999,412.60999,412.48999,412.60001,1636,389268000000,0.770,26
7782,2021-05-28 12:48:00.0000000,412.42001,412.44501,412.20999,412.31000,3260,389202000000,0.770,26
7783,2021-05-28 12:49:00.0000000,412.39999,412.39999,412.38000,412.38000,1364,389183000000,0.770,26
7784,2021-05-28 12:50:00.0000000,412.52499,412.60999,412.42999,412.42999,1371,389301000000,0.770,26
7785,2021-05-28 12:51:00.0000000,412.50000,412.52499,412.35999,412.51501,4844,389277000000,0.770,26
7786,2021-05-28 12:52:00.0000000,412.45001,412.53000,412.39999,412.39999,2101,389230000000,0.770,26
7787,2021-05-28 12:53:00.0000000,412.45001,412.53000,412.45001,412.53000,583,389230000000,0.770,26
7788,2021-05-28 12:54:00.0000000,412.29999,412.45999,412.29999,412.39499,5619,389088000000,0.770,26
7789,2021-05-28 12:55:00.0000000,412.01999,412.39999,412.01999,412.39999,2256,388824000000,0.770,26
7790,2021-05-28 12:56:00.0000000,411.79999,412.20999,411.79001,412.20999,6321,388616000000,0.770,26
7791,2021-05-28 12:57:00.0000000,411.91000,411.91000,411.79999,411.85001,3148,388720000000,0.770,26
7792,2021-05-28 12:58:00.0000000,411.88000,412.00000,411.79001,411.98999,8553,388692000000,0.770,26
7793,2021-05-28 12:59:00.0000000,412.20001,412.20001,411.82001,411.85501,3862,388994000000,0.770,26
7794,2021-05-28 13:00:00.0000000,412.28000,412.34000,412.20499,412.22000,2783,389069000000,0.770,26
7795,2021-05-28 13:01:00.0000000,412.20999,412.28000,412.10001,412.28000,4333,389003000000,0.770,26
7796,2021-05-28 13:02:00.0000000,412.23001,412.28461,412.20999,412.20999,1752,389022000000,0.770,26
7797,2021-05-28 13:03:00.0000000,412.23001,412.29001,412.23001,412.29001,2050,389022000000,0.770,26
7798,2021-05-28 13:04:00.0000000,412.16000,412.16000,412.14999,412.14999,1753,388956000000,0.770,26
7799,2021-05-28 13:05:00.0000000,412.16501,412.23999,412.04001,412.23999,3257,388961000000,0.770,26
7800,2021-05-28 13:06:00.0000000,412.16501,412.20999,412.16501,412.20999,708,388961000000,0.770,26
7801,2021-05-28 13:07:00.0000000,412.07001,412.10001,411.89999,412.10001,6032,388871000000,0.770,26
7802,2021-05-28 13:08:00.0000000,412.04501,412.07001,412.01001,412.03000,1015,388848000000,0.770,26
7803,2021-05-28 13:09:00.0000000,412.16000,412.16000,412.03000,412.07999,7185,388956000000,0.770,26
7804,2021-05-28 13:10:00.0000000,412.14999,412.17999,412.10501,412.17999,767,388947000000,0.770,26
7805,2021-05-28 13:11:00.0000000,412.13000,412.20499,412.13000,412.20499,2854,388928000000,0.770,26
7806,2021-05-28 13:12:00.0000000,412.11499,412.11499,412.07001,412.07001,1970,388914000000,0.770,26
7807,2021-05-28 13:13:00.0000000,412.17001,412.17001,412.11499,412.11499,455,388966000000,0.770,26
7808,2021-05-28 13:14:00.0000000,411.90500,412.04999,411.88000,412.04999,4445,388716000000,0.770,26
7809,2021-05-28 13:15:00.0000000,411.79001,411.88000,411.72000,411.88000,2687,388607000000,0.770,26
7810,2021-05-28 13:16:00.0000000,411.42001,411.82999,411.34500,411.78500,7515,388258000000,0.770,26
7811,2021-05-28 13:17:00.0000000,411.48999,411.60001,411.35999,411.40500,5942,388324000000,0.770,26
7812,2021-05-28 13:18:00.0000000,411.59000,411.60999,411.48001,411.48001,3806,388418000000,0.770,26
7813,2021-05-28 13:19:00.0000000,411.64999,411.66000,411.57999,411.57999,1339,388475000000,0.770,26
7814,2021-05-28 13:20:00.0000000,411.72000,411.76999,411.64999,411.72000,3131,388541000000,0.770,26
7815,2021-05-28 13:21:00.0000000,411.79001,412.01999,411.72000,411.72711,1694,388607000000,0.770,26
7816,2021-05-28 13:22:00.0000000,411.73499,411.85999,411.73001,411.82001,4072,388555000000,0.770,26
7817,2021-05-28 13:23:00.0000000,411.76999,411.80820,411.63000,411.80820,4818,388588000000,0.770,26
7818,2021-05-28 13:24:00.0000000,411.92499,412.01999,411.81000,411.81000,3832,388734000000,0.770,26
7819,2021-05-28 13:25:00.0000000,411.92001,412.06091,411.85501,411.85501,1906,388730000000,0.770,26
7820,2021-05-28 13:26:00.0000000,412.00330,412.05490,411.98911,412.00500,3985,388808000000,0.770,26
7821,2021-05-28 13:27:00.0000000,411.85999,411.91000,411.79999,411.91000,2869,388673000000,0.770,26
7822,2021-05-28 13:28:00.0000000,411.79001,411.94000,411.76999,411.94000,1455,388607000000,0.770,26
7823,2021-05-28 13:29:00.0000000,411.76999,411.92001,411.76999,411.92001,3234,388588000000,0.770,26
7824,2021-05-28 13:30:00.0000000,411.82001,411.88000,411.70999,411.82999,2102,388635000000,0.770,26
7825,2021-05-28 13:31:00.0000000,411.98999,411.98999,411.87000,411.89999,3031,388796000000,0.770,26
7826,2021-05-28 13:32:00.0000000,412.00000,412.00000,412.00000,412.00000,286,388805000000,0.770,26
7827,2021-05-28 13:33:00.0000000,412.04901,412.09000,411.96701,412.03619,2509,388851000000,0.770,26
7828,2021-05-28 13:34:00.0000000,411.97000,412.00821,411.92999,411.96121,3428,388777000000,0.770,26
7829,2021-05-28 13:35:00.0000000,412.14999,412.14999,411.98001,412.01999,2129,388947000000,0.770,26
7830,2021-05-28 13:36:00.0000000,411.88000,412.12000,411.84500,412.09000,4902,388692000000,0.770,26
7831,2021-05-28 13:37:00.0000000,411.94000,411.94000,411.88000,411.92999,2535,388749000000,0.770,26
7832,2021-05-28 13:38:00.0000000,411.89389,411.91000,411.81000,411.91000,1908,388705000000,0.770,26
7833,2021-05-28 13:39:00.0000000,411.79001,411.88000,411.79001,411.79999,1495,388607000000,0.770,26
7834,2021-05-28 13:40:00.0000000,411.79001,411.92001,411.73999,411.91000,4626,388607000000,0.770,26
7835,2021-05-28 13:41:00.0000000,411.73499,411.80499,411.66000,411.67999,2006,388555000000,0.770,26
7836,2021-05-28 13:42:00.0000000,411.65500,411.76001,411.64511,411.75500,2116,388480000000,0.770,26
7837,2021-05-28 13:43:00.0000000,411.56000,411.81000,411.47000,411.65500,5992,388390000000,0.770,26
7838,2021-05-28 13:44:00.0000000,411.58499,411.64999,411.48999,411.48999,1579,388414000000,0.770,26
7839,2021-05-28 13:45:00.0000000,411.28500,411.53000,411.25000,411.53000,7095,388130000000,0.770,26
7840,2021-05-28 13:46:00.0000000,411.46890,411.46890,411.19000,411.34000,3746,388304000000,0.770,26
7841,2021-05-28 13:47:00.0000000,411.53000,411.64999,411.35999,411.35999,5375,388362000000,0.770,26
7842,2021-05-28 13:48:00.0000000,411.32001,411.53000,411.32001,411.48999,3105,388164000000,0.770,26
7843,2021-05-28 13:49:00.0000000,411.31000,411.35001,411.23499,411.26001,3853,388154000000,0.770,26
7844,2021-05-28 13:50:00.0000000,411.09000,411.20999,411.06000,411.16000,3474,387946000000,0.770,26
7845,2021-05-28 13:51:00.0000000,411.17999,411.17999,411.09000,411.09000,1700,388031000000,0.770,26
7846,2021-05-28 13:52:00.0000000,411.28000,411.31000,411.20999,411.23001,2107,388126000000,0.770,26
7847,2021-05-28 13:53:00.0000000,411.20999,411.35001,411.19000,411.25000,3574,388060000000,0.770,26
7848,2021-05-28 13:54:00.0000000,411.24500,411.31000,411.20999,411.31000,4999,388093000000,0.770,26
7849,2021-05-28 13:55:00.0000000,411.26999,411.29999,411.17999,411.17999,2595,388116000000,0.770,26
7850,2021-05-28 13:56:00.0000000,411.18579,411.29999,411.13000,411.29001,5406,388037000000,0.770,26
7851,2021-05-28 13:57:00.0000000,411.26999,411.26999,411.10001,411.10001,2991,388116000000,0.770,26
7852,2021-05-28 13:58:00.0000000,411.04001,411.31000,411.01999,411.20001,11068,387899000000,0.770,26
7853,2021-05-28 13:59:00.0000000,411.09500,411.17001,411.09500,411.10501,2202,387951000000,0.770,26
7854,2021-05-28 14:00:00.0000000,410.89001,411.16000,410.85001,411.14001,9182,387758000000,0.770,26
7855,2021-05-28 14:01:00.0000000,411.01001,411.01001,410.89001,410.89001,4433,387871000000,0.770,26
7856,2021-05-28 14:02:00.0000000,410.85999,410.89999,410.84000,410.89001,4142,387729000000,0.770,26
7857,2021-05-28 14:03:00.0000000,410.78000,410.85001,410.74121,410.81000,2512,387654000000,0.770,26
7858,2021-05-28 14:04:00.0000000,410.69501,410.73999,410.64001,410.73999,2014,387574000000,0.770,26
7859,2021-05-28 14:05:00.0000000,410.52499,410.73999,410.44000,410.72000,6587,387413000000,0.770,26
7860,2021-05-28 14:06:00.0000000,410.45001,410.57999,410.42999,410.42999,5045,387342000000,0.770,26
7861,2021-05-28 14:07:00.0000000,410.57001,410.57999,410.42001,410.45001,5587,387456000000,0.770,26
7862,2021-05-28 14:08:00.0000000,410.73999,410.73999,410.57001,410.59000,2869,387616000000,0.770,26
7863,2021-05-28 14:09:00.0000000,410.56000,410.70999,410.56000,410.70999,2589,387446000000,0.770,26
7864,2021-05-28 14:10:00.0000000,410.61499,410.67001,410.57999,410.67001,4797,387498000000,0.770,26
7865,2021-05-28 14:11:00.0000000,410.44501,410.61499,410.44501,410.61499,5655,387338000000,0.770,26
7866,2021-05-28 14:12:00.0000000,410.45001,410.45001,410.29999,410.39001,10378,387342000000,0.770,26
7867,2021-05-28 14:13:00.0000000,410.35001,410.56830,410.35001,410.45001,10560,387248000000,0.770,26
7868,2021-05-28 14:14:00.0000000,410.31000,410.54001,410.28000,410.35999,25879,387210000000,0.770,26
7869,2021-05-28 14:15:00.0000000,410.26999,410.38000,410.23999,410.26999,9230,387173000000,0.770,26
7870,2021-05-28 14:16:00.0000000,410.17001,410.32001,410.10999,410.32001,17594,387078000000,0.770,26
7871,2021-05-28 14:17:00.0000000,410.08499,410.17001,410.06750,410.17001,8767,386998000000,0.770,26
7872,2021-05-28 14:18:00.0000000,410.19501,410.29999,410.01999,410.09000,26806,387102000000,0.770,26
7873,2021-05-28 14:19:00.0000000,410.50000,410.50000,410.16000,410.22501,10456,387390000000,0.770,26
7874,2021-05-28 14:20:00.0000000,410.51999,410.54001,410.34000,410.50000,5362,387409000000,0.770,26
7875,2021-05-28 14:21:00.0000000,410.33499,410.50500,410.29001,410.50500,10865,387234000000,0.770,26
7876,2021-05-28 14:22:00.0000000,410.39999,410.39999,410.32001,410.35501,2692,387295000000,0.770,26
7877,2021-05-28 14:23:00.0000000,410.32999,410.48999,410.31000,410.39499,5270,387229000000,0.770,26
7878,2021-05-28 14:24:00.0000000,410.29001,410.39001,410.27499,410.31500,13076,387192000000,0.770,26
7879,2021-05-28 14:25:00.0000000,410.70999,410.70999,410.14001,410.29999,24790,387588000000,0.770,26
7880,2021-05-28 14:26:00.0000000,410.81000,410.81000,410.57999,410.62500,3138,387682000000,0.770,26
7881,2021-05-28 14:27:00.0000000,410.69000,410.82001,410.69000,410.82001,2250,387569000000,0.770,26
7882,2021-05-28 14:28:00.0000000,410.71600,410.72000,410.64999,410.64999,772,387594000000,0.770,26
7883,2021-05-28 14:29:00.0000000,410.72501,410.72501,410.72501,410.72501,1229,387602000000,0.770,26
7884,2021-05-28 14:30:00.0000000,410.89999,411.00900,410.72000,410.77499,5080,387767000000,0.770,26
7885,2021-05-28 14:31:00.0000000,410.87500,410.89999,410.87000,410.89999,851,387744000000,0.770,26
7886,2021-05-28 14:32:00.0000000,410.96991,410.96991,410.88501,410.89999,905,387833000000,0.770,26
7887,2021-05-28 14:33:00.0000000,410.95999,411.10779,410.95999,411.10779,2782,387824000000,0.770,26
7888,2021-05-28 14:34:00.0000000,411.01999,411.13000,410.98999,411.04999,3166,387880000000,0.770,26
7889,2021-05-28 14:35:00.0000000,410.94000,411.01999,410.94000,411.01999,1682,387805000000,0.770,26
7890,2021-05-28 14:36:00.0000000,410.94000,411.00000,410.89001,410.92499,2307,387805000000,0.770,26
7891,2021-05-28 14:37:00.0000000,410.94000,410.94000,410.89001,410.89001,639,387805000000,0.770,26
7892,2021-05-28 14:38:00.0000000,410.84000,411.06000,410.84000,410.98001,6729,387711000000,0.770,26
7893,2021-05-28 14:39:00.0000000,410.54001,410.97000,410.54001,410.89001,19735,387427000000,0.770,26
7894,2021-05-28 14:40:00.0000000,411.00000,411.07001,410.70999,410.72000,7893,387862000000,0.770,26
7895,2021-05-28 14:41:00.0000000,410.95999,411.04001,410.91000,411.00000,4873,387824000000,0.770,26
7896,2021-05-28 14:42:00.0000000,411.04001,411.04001,410.95001,410.99500,6700,387899000000,0.770,26
7897,2021-05-28 14:43:00.0000000,410.95001,411.01999,410.92001,411.01001,2016,387814000000,0.770,26
7898,2021-05-28 14:44:00.0000000,410.95001,411.00000,410.94000,410.95001,3244,387814000000,0.770,26
7899,2021-05-28 14:45:00.0000000,410.98001,411.00000,410.95001,410.95999,4133,387843000000,0.770,26
7900,2021-05-28 14:46:00.0000000,410.95499,411.00000,410.95499,410.96661,1801,387819000000,0.770,26
7901,2021-05-28 14:47:00.0000000,411.10999,411.23999,410.98941,410.98941,5714,387965000000,0.770,26
7902,2021-05-28 14:48:00.0000000,411.37939,411.38000,411.01001,411.12000,11690,388220000000,0.770,26
7903,2021-05-28 14:49:00.0000000,411.47000,411.47000,411.46500,411.46500,692,388305000000,0.770,26
7904,2021-05-28 14:50:00.0000000,411.27499,411.45001,411.25000,411.45001,7030,388121000000,0.770,26
7905,2021-05-28 14:51:00.0000000,411.23999,411.37000,411.17999,411.29001,3168,388088000000,0.770,26
7906,2021-05-28 14:52:00.0000000,411.17999,411.22000,411.12000,411.13000,2517,388031000000,0.770,26
7907,2021-05-28 14:53:00.0000000,411.22000,411.32001,411.22000,411.23001,1958,388069000000,0.770,26
7908,2021-05-28 14:54:00.0000000,411.20999,411.28000,411.20999,411.22000,4039,388060000000,0.770,26
7909,2021-05-28 14:55:00.0000000,411.09000,411.26999,411.04999,411.19000,6192,387946000000,0.770,26
7910,2021-05-28 14:56:00.0000000,411.18500,411.18500,411.12000,411.17001,1478,388036000000,0.770,26
7911,2021-05-28 14:57:00.0000000,411.00000,411.12000,410.94000,411.12000,6554,387862000000,0.770,26
7912,2021-05-28 14:58:00.0000000,411.01999,411.10001,410.99500,410.99500,1945,387880000000,0.770,26
7913,2021-05-28 14:59:00.0000000,411.10001,411.10001,411.00500,411.03000,5030,387956000000,0.770,26
7914,2021-05-28 15:00:00.0000000,411.04001,411.10001,410.88000,411.10001,5980,387899000000,0.770,26
7915,2021-05-28 09:30:00.0000000,227.96001,228.09000,227.59000,227.59000,183038,385664000000,1.000,27
7916,2021-05-28 09:31:00.0000000,227.97000,228.03999,227.80600,227.92999,36140,385681000000,1.000,27
7917,2021-05-28 09:32:00.0000000,227.85001,228.08000,227.85001,227.99001,21842,385478000000,1.000,27
7918,2021-05-28 09:33:00.0000000,227.37000,228.22000,227.37000,227.89000,43177,384666000000,1.000,27
7919,2021-05-28 09:34:00.0000000,227.81000,227.94000,227.39999,227.44000,24566,385410000000,1.000,27
7920,2021-05-28 09:35:00.0000000,227.96500,227.96500,227.60001,227.78999,16734,385673000000,1.000,27
7921,2021-05-28 09:36:00.0000000,228.00999,228.03999,227.86000,227.94521,29400,385749000000,1.000,27
7922,2021-05-28 09:37:00.0000000,228.08000,228.17999,227.87500,228.09000,27465,385867000000,1.000,27
7923,2021-05-28 09:38:00.0000000,227.89999,228.10001,227.86000,228.06500,14057,385563000000,1.000,27
7924,2021-05-28 09:39:00.0000000,227.95000,227.95000,227.83000,227.89999,20977,385647000000,1.000,27
7925,2021-05-28 09:40:00.0000000,227.91460,228.03000,227.87000,227.99001,16828,385587000000,1.000,27
7926,2021-05-28 09:41:00.0000000,228.03500,228.06000,227.94000,227.94000,20727,385791000000,1.000,27
7927,2021-05-28 09:42:00.0000000,228.00000,228.09000,227.97000,228.02000,18861,385732000000,1.000,27
7928,2021-05-28 09:43:00.0000000,227.98000,228.05000,227.92000,228.00999,13022,385698000000,1.000,27
7929,2021-05-28 09:44:00.0000000,227.94991,228.00000,227.90500,227.99001,7185,385647000000,1.000,27
7930,2021-05-28 09:45:00.0000000,227.95000,228.06000,227.89999,227.93500,17309,385647000000,1.000,27
7931,2021-05-28 09:46:00.0000000,228.07001,228.07001,227.89999,227.96001,8074,385850000000,1.000,27
7932,2021-05-28 09:47:00.0000000,228.35001,228.53000,228.09000,228.09000,38232,386324000000,1.000,27
7933,2021-05-28 09:48:00.0000000,228.23000,228.46001,228.21001,228.33000,13166,386121000000,1.000,27
7934,2021-05-28 09:49:00.0000000,227.94000,228.25000,227.94000,228.25000,11741,385630000000,1.000,27
7935,2021-05-28 09:50:00.0000000,227.75000,228.03999,227.73000,227.96001,17199,385309000000,1.000,27
7936,2021-05-28 09:51:00.0000000,227.79900,227.81000,227.63000,227.75000,8121,385392000000,1.000,27
7937,2021-05-28 09:52:00.0000000,227.88000,227.89000,227.73730,227.79500,11372,385529000000,1.000,27
7938,2021-05-28 09:53:00.0000000,227.84500,227.94501,227.81000,227.89999,12243,385470000000,1.000,27
7939,2021-05-28 09:54:00.0000000,227.59000,227.84000,227.59000,227.84000,14668,385038000000,1.000,27
7940,2021-05-28 09:55:00.0000000,227.71001,227.75999,227.56000,227.57001,18237,385241000000,1.000,27
7941,2021-05-28 09:56:00.0000000,227.63000,227.75000,227.62000,227.63000,7218,385106000000,1.000,27
7942,2021-05-28 09:57:00.0000000,227.61501,227.69501,227.60001,227.67000,11617,385080000000,1.000,27
7943,2021-05-28 09:58:00.0000000,227.52000,227.70000,227.49001,227.65030,11783,384920000000,1.000,27
7944,2021-05-28 09:59:00.0000000,227.49091,227.59000,227.47000,227.52499,11252,384870000000,1.000,27
7945,2021-05-28 10:00:00.0000000,227.50000,227.59000,227.42999,227.53000,20772,384886000000,1.000,27
7946,2021-05-28 10:01:00.0000000,227.59500,227.74001,227.50999,227.50999,12152,385047000000,1.000,27
7947,2021-05-28 10:02:00.0000000,227.55830,227.60001,227.49001,227.58000,25401,384985000000,1.000,27
7948,2021-05-28 10:03:00.0000000,227.42999,227.58501,227.42999,227.55991,12073,384767000000,1.000,27
7949,2021-05-28 10:04:00.0000000,227.31500,227.41000,227.28999,227.41000,15306,384573000000,1.000,27
7950,2021-05-28 10:05:00.0000000,227.42999,227.44000,227.28000,227.33000,11649,384767000000,1.000,27
7951,2021-05-28 10:06:00.0000000,227.50000,227.53999,227.42999,227.46001,11018,384886000000,1.000,27
7952,2021-05-28 10:07:00.0000000,227.52000,227.53999,227.47000,227.49001,8306,384920000000,1.000,27
7953,2021-05-28 10:08:00.0000000,227.55000,227.57001,227.53000,227.55000,10656,384970000000,1.000,27
7954,2021-05-28 10:09:00.0000000,227.53999,227.70000,227.53999,227.56000,12707,384954000000,1.000,27
7955,2021-05-28 10:10:00.0000000,227.61000,227.61000,227.52000,227.53999,9137,385072000000,1.000,27
7956,2021-05-28 10:11:00.0000000,227.59000,227.64999,227.56000,227.60001,11830,385038000000,1.000,27
7957,2021-05-28 10:12:00.0000000,227.32001,227.57001,227.30000,227.57001,12989,384581000000,1.000,27
7958,2021-05-28 10:13:00.0000000,227.32001,227.35001,227.28999,227.30000,10803,384581000000,1.000,27
7959,2021-05-28 10:14:00.0000000,227.38000,227.39000,227.31000,227.34000,6744,384683000000,1.000,27
7960,2021-05-28 10:15:00.0000000,227.34500,227.36501,227.27000,227.36501,7310,384624000000,1.000,27
7961,2021-05-28 10:16:00.0000000,227.35500,227.36960,227.31000,227.33000,6279,384641000000,1.000,27
7962,2021-05-28 10:17:00.0000000,227.39000,227.42000,227.31000,227.34000,7840,384700000000,1.000,27
7963,2021-05-28 10:18:00.0000000,227.42000,227.42000,227.37000,227.37500,7095,384751000000,1.000,27
7964,2021-05-28 10:19:00.0000000,227.33501,227.43500,227.31000,227.42999,34176,384607000000,1.000,27
7965,2021-05-28 10:20:00.0000000,227.34000,227.37000,227.25999,227.34000,15341,384615000000,1.000,27
7966,2021-05-28 10:21:00.0000000,227.30000,227.33000,227.25999,227.32001,5857,384548000000,1.000,27
7967,2021-05-28 10:22:00.0000000,227.35500,227.36000,227.32001,227.32001,7653,384641000000,1.000,27
7968,2021-05-28 10:23:00.0000000,227.28000,227.37000,227.25999,227.37000,13242,384514000000,1.000,27
7969,2021-05-28 10:24:00.0000000,227.24001,227.30499,227.21001,227.30499,9735,384446000000,1.000,27
7970,2021-05-28 10:25:00.0000000,227.20000,227.25999,227.17999,227.23000,11291,384378000000,1.000,27
7971,2021-05-28 10:26:00.0000000,227.28999,227.29630,227.17000,227.20000,10366,384531000000,1.000,27
7972,2021-05-28 10:27:00.0000000,227.21001,227.28000,227.20000,227.28000,7448,384395000000,1.000,27
7973,2021-05-28 10:28:00.0000000,227.17999,227.21950,227.16000,227.21001,6160,384344000000,1.000,27
7974,2021-05-28 10:29:00.0000000,227.21001,227.21001,227.16000,227.17000,7140,384395000000,1.000,27
7975,2021-05-28 10:30:00.0000000,227.42999,227.42999,227.23000,227.23000,15028,384767000000,1.000,27
7976,2021-05-28 10:31:00.0000000,227.36000,227.46001,227.36000,227.42999,15254,384649000000,1.000,27
7977,2021-05-28 10:32:00.0000000,227.25000,227.36000,227.25000,227.36000,15157,384463000000,1.000,27
7978,2021-05-28 10:33:00.0000000,227.25000,227.28999,227.14800,227.25000,11006,384463000000,1.000,27
7979,2021-05-28 10:34:00.0000000,227.31000,227.35001,227.25000,227.25000,8089,384564000000,1.000,27
7980,2021-05-28 10:35:00.0000000,227.24899,227.33000,227.24001,227.32001,10511,384461000000,1.000,27
7981,2021-05-28 10:36:00.0000000,227.17610,227.23000,227.17000,227.23000,10240,384338000000,1.000,27
7982,2021-05-28 10:37:00.0000000,227.28000,227.28000,227.16000,227.17999,6314,384514000000,1.000,27
7983,2021-05-28 10:38:00.0000000,227.25999,227.32001,227.17999,227.30000,8316,384480000000,1.000,27
7984,2021-05-28 10:39:00.0000000,227.25000,227.28999,227.23000,227.27000,5657,384463000000,1.000,27
7985,2021-05-28 10:40:00.0000000,227.30000,227.30000,227.24001,227.25999,7042,384548000000,1.000,27
7986,2021-05-28 10:41:00.0000000,227.30000,227.32001,227.27000,227.31000,5774,384548000000,1.000,27
7987,2021-05-28 10:42:00.0000000,227.37000,227.41000,227.31000,227.31000,10193,384666000000,1.000,27
7988,2021-05-28 10:43:00.0000000,227.54190,227.54190,227.36000,227.37000,8569,384957000000,1.000,27
7989,2021-05-28 10:44:00.0000000,227.64999,227.64999,227.56000,227.58000,6181,385140000000,1.000,27
7990,2021-05-28 10:45:00.0000000,227.64000,227.64999,227.62000,227.63000,7814,385123000000,1.000,27
7991,2021-05-28 10:46:00.0000000,227.66000,227.70000,227.63000,227.64999,13717,385157000000,1.000,27
7992,2021-05-28 10:47:00.0000000,227.60001,227.70000,227.60001,227.66000,16698,385055000000,1.000,27
7993,2021-05-28 10:48:00.0000000,227.58000,227.61710,227.50999,227.61000,12902,385021000000,1.000,27
7994,2021-05-28 10:49:00.0000000,227.52000,227.56000,227.52000,227.55000,8544,384920000000,1.000,27
7995,2021-05-28 10:50:00.0000000,227.50500,227.53999,227.48230,227.52000,10292,384894000000,1.000,27
7996,2021-05-28 10:51:00.0000000,227.48500,227.53999,227.48500,227.50999,8759,384860000000,1.000,27
7997,2021-05-28 10:52:00.0000000,227.50510,227.52000,227.46001,227.48500,6619,384894000000,1.000,27
7998,2021-05-28 10:53:00.0000000,227.60500,227.60500,227.50000,227.50000,11463,385063000000,1.000,27
7999,2021-05-28 10:54:00.0000000,227.55000,227.60001,227.53999,227.60001,9852,384970000000,1.000,27
8000,2021-05-28 10:55:00.0000000,227.33000,227.55000,227.33000,227.55000,14093,384598000000,1.000,27
8001,2021-05-28 10:56:00.0000000,227.53500,227.53999,227.34000,227.34000,9390,384945000000,1.000,27
8002,2021-05-28 10:57:00.0000000,227.45500,227.55499,227.45500,227.55000,10071,384810000000,1.000,27
8003,2021-05-28 10:58:00.0000000,227.38000,227.46001,227.37000,227.46001,7035,384683000000,1.000,27
8004,2021-05-28 10:59:00.0000000,227.55000,227.56010,227.38000,227.38000,10460,384970000000,1.000,27
8005,2021-05-28 11:00:00.0000000,227.67000,227.67000,227.52000,227.57001,12086,385173000000,1.000,27
8006,2021-05-28 11:01:00.0000000,227.55209,227.67000,227.53999,227.67000,11783,384974000000,1.000,27
8007,2021-05-28 11:02:00.0000000,227.49001,227.59000,227.46001,227.55000,8381,384869000000,1.000,27
8008,2021-05-28 11:03:00.0000000,227.41000,227.53000,227.39999,227.50999,12689,384734000000,1.000,27
8009,2021-05-28 11:04:00.0000000,227.43500,227.46001,227.38000,227.39999,6790,384776000000,1.000,27
8010,2021-05-28 11:05:00.0000000,227.50000,227.52000,227.42999,227.46001,7301,384886000000,1.000,27
8011,2021-05-28 11:06:00.0000000,227.37000,227.49500,227.34000,227.49500,10206,384666000000,1.000,27
8012,2021-05-28 11:07:00.0000000,227.42999,227.42999,227.37000,227.38499,3924,384767000000,1.000,27
8013,2021-05-28 11:08:00.0000000,227.36000,227.42000,227.36000,227.42000,6009,384649000000,1.000,27
8014,2021-05-28 11:09:00.0000000,227.46310,227.46310,227.37000,227.37000,6665,384823000000,1.000,27
8015,2021-05-28 11:10:00.0000000,227.39000,227.46001,227.38000,227.46001,15911,384700000000,1.000,27
8016,2021-05-28 11:11:00.0000000,227.47000,227.49001,227.39000,227.39000,11377,384835000000,1.000,27
8017,2021-05-28 11:12:00.0000000,227.44000,227.49001,227.42999,227.48000,8468,384784000000,1.000,27
8018,2021-05-28 11:13:00.0000000,227.56500,227.56500,227.42999,227.44000,7206,384996000000,1.000,27
8019,2021-05-28 11:14:00.0000000,227.53999,227.57001,227.51970,227.57001,7994,384954000000,1.000,27
8020,2021-05-28 11:15:00.0000000,227.50000,227.55000,227.44000,227.55000,6581,384886000000,1.000,27
8021,2021-05-28 11:16:00.0000000,227.42000,227.48000,227.41000,227.48000,4980,384751000000,1.000,27
8022,2021-05-28 11:17:00.0000000,227.42000,227.46001,227.37000,227.41000,6832,384751000000,1.000,27
8023,2021-05-28 11:18:00.0000000,227.41000,227.45000,227.41000,227.42000,3370,384734000000,1.000,27
8024,2021-05-28 11:19:00.0000000,227.47000,227.48000,227.37000,227.41499,6948,384835000000,1.000,27
8025,2021-05-28 11:20:00.0000000,227.45000,227.52000,227.39000,227.50999,5763,384801000000,1.000,27
8026,2021-05-28 11:21:00.0000000,227.49001,227.50999,227.47000,227.48000,3096,384869000000,1.000,27
8027,2021-05-28 11:22:00.0000000,227.52000,227.53000,227.42999,227.45000,5151,384920000000,1.000,27
8028,2021-05-28 11:23:00.0000000,227.52000,227.53999,227.50000,227.53999,3945,384920000000,1.000,27
8029,2021-05-28 11:24:00.0000000,227.52000,227.53999,227.49001,227.52000,5290,384920000000,1.000,27
8030,2021-05-28 11:25:00.0000000,227.50999,227.61000,227.50999,227.50999,9259,384903000000,1.000,27
8031,2021-05-28 11:26:00.0000000,227.53220,227.57001,227.48000,227.53000,7203,384940000000,1.000,27
8032,2021-05-28 11:27:00.0000000,227.57590,227.57590,227.47501,227.52000,4866,385014000000,1.000,27
8033,2021-05-28 11:28:00.0000000,227.53999,227.63000,227.50999,227.56500,10680,384954000000,1.000,27
8034,2021-05-28 11:29:00.0000000,227.58000,227.60001,227.50999,227.55000,4543,385021000000,1.000,27
8035,2021-05-28 11:30:00.0000000,227.69000,227.72000,227.64000,227.64999,10317,385207000000,1.000,27
8036,2021-05-28 11:31:00.0000000,227.72000,227.75999,227.69000,227.71001,7158,385258000000,1.000,27
8037,2021-05-28 11:32:00.0000000,227.80000,227.81000,227.73000,227.73000,8008,385393000000,1.000,27
8038,2021-05-28 11:33:00.0000000,227.85500,227.89000,227.81000,227.81000,10546,385486000000,1.000,27
8039,2021-05-28 11:34:00.0000000,227.89999,227.91811,227.86000,227.86000,9212,385563000000,1.000,27
8040,2021-05-28 11:35:00.0000000,227.97000,227.97000,227.91811,227.92000,7474,385681000000,1.000,27
8041,2021-05-28 11:36:00.0000000,228.10001,228.12000,227.96001,227.98000,64929,385901000000,1.000,27
8042,2021-05-28 11:37:00.0000000,228.16000,228.17999,228.10001,228.10001,8477,386002000000,1.000,27
8043,2021-05-28 11:38:00.0000000,228.16000,228.25000,228.15500,228.16000,16940,386002000000,1.000,27
8044,2021-05-28 11:39:00.0000000,228.14000,228.20390,228.09360,228.14000,7407,385969000000,1.000,27
8045,2021-05-28 11:40:00.0000000,228.31500,228.32001,228.14999,228.16420,11535,386265000000,1.000,27
8046,2021-05-28 11:41:00.0000000,228.26500,228.32001,228.21001,228.32001,7673,386180000000,1.000,27
8047,2021-05-28 11:42:00.0000000,228.30000,228.34180,228.26500,228.26500,6355,386239000000,1.000,27
8048,2021-05-28 11:43:00.0000000,228.19000,228.28999,228.19000,228.28999,8683,386053000000,1.000,27
8049,2021-05-28 11:44:00.0000000,228.14000,228.20000,228.11011,228.20000,4187,385969000000,1.000,27
8050,2021-05-28 11:45:00.0000000,228.11000,228.20000,228.10500,228.17999,16561,385918000000,1.000,27
8051,2021-05-28 11:46:00.0000000,228.11000,228.16991,228.06000,228.10001,10659,385918000000,1.000,27
8052,2021-05-28 11:47:00.0000000,228.10001,228.13300,228.03999,228.13300,9355,385901000000,1.000,27
8053,2021-05-28 11:48:00.0000000,228.14000,228.14500,228.08000,228.11000,7514,385969000000,1.000,27
8054,2021-05-28 11:49:00.0000000,228.17000,228.17999,228.13000,228.14000,5775,386019000000,1.000,27
8055,2021-05-28 11:50:00.0000000,228.20000,228.22000,228.16000,228.19501,6965,386070000000,1.000,27
8056,2021-05-28 11:51:00.0000000,228.28000,228.30000,228.21001,228.22000,6888,386205000000,1.000,27
8057,2021-05-28 11:52:00.0000000,228.28999,228.35001,228.28500,228.28500,10036,386222000000,1.000,27
8058,2021-05-28 11:53:00.0000000,228.30000,228.33000,228.27000,228.27000,22483,386239000000,1.000,27
8059,2021-05-28 11:54:00.0000000,228.24001,228.30000,228.23000,228.28500,5404,386138000000,1.000,27
8060,2021-05-28 11:55:00.0000000,228.34000,228.34000,228.25999,228.25999,5746,386307000000,1.000,27
8061,2021-05-28 11:56:00.0000000,228.37000,228.39000,228.33000,228.33000,4785,386358000000,1.000,27
8062,2021-05-28 11:57:00.0000000,228.49001,228.50000,228.36000,228.39000,10692,386561000000,1.000,27
8063,2021-05-28 11:58:00.0000000,228.47600,228.53000,228.44000,228.50000,7575,386537000000,1.000,27
8064,2021-05-28 11:59:00.0000000,228.49500,228.56000,228.47000,228.50000,7452,386569000000,1.000,27
8065,2021-05-28 12:00:00.0000000,228.52000,228.53000,228.49500,228.50999,6518,386612000000,1.000,27
8066,2021-05-28 12:01:00.0000000,228.52000,228.58000,228.50999,228.53999,6888,386612000000,1.000,27
8067,2021-05-28 12:02:00.0000000,228.61000,228.64000,228.53999,228.53999,8147,386764000000,1.000,27
8068,2021-05-28 12:03:00.0000000,228.75000,228.80000,228.60001,228.60001,16533,387001000000,1.000,27
8069,2021-05-28 12:04:00.0000000,228.75999,228.86000,228.75999,228.77000,20108,387018000000,1.000,27
8070,2021-05-28 12:05:00.0000000,228.83000,228.83000,228.69000,228.75000,6280,387136000000,1.000,27
8071,2021-05-28 12:06:00.0000000,228.81000,228.85001,228.80000,228.83000,4176,387102000000,1.000,27
8072,2021-05-28 12:07:00.0000000,228.84500,228.85500,228.80000,228.80000,8032,387161000000,1.000,27
8073,2021-05-28 12:08:00.0000000,228.83000,228.85001,228.80000,228.85001,6215,387136000000,1.000,27
8074,2021-05-28 12:09:00.0000000,228.71600,228.85001,228.71600,228.84000,9250,386943000000,1.000,27
8075,2021-05-28 12:10:00.0000000,228.60001,228.72000,228.60001,228.71001,17829,386747000000,1.000,27
8076,2021-05-28 12:11:00.0000000,228.70000,228.73000,228.61000,228.62000,8500,386916000000,1.000,27
8077,2021-05-28 12:12:00.0000000,228.73000,228.73000,228.63000,228.67999,15518,386967000000,1.000,27
8078,2021-05-28 12:13:00.0000000,228.67999,228.71500,228.67000,228.69521,4614,386882000000,1.000,27
8079,2021-05-28 12:14:00.0000000,228.69000,228.74500,228.67000,228.71001,7435,386899000000,1.000,27
8080,2021-05-28 12:15:00.0000000,228.74001,228.76970,228.70000,228.72000,10012,386984000000,1.000,27
8081,2021-05-28 12:16:00.0000000,228.78999,228.80901,228.75999,228.75999,6248,387068000000,1.000,27
8082,2021-05-28 12:17:00.0000000,228.77000,228.81000,228.75999,228.78999,7899,387034000000,1.000,27
8083,2021-05-28 12:18:00.0000000,228.78000,228.78999,228.76500,228.76500,4049,387051000000,1.000,27
8084,2021-05-28 12:19:00.0000000,228.81000,228.88000,228.75000,228.77000,13673,387102000000,1.000,27
8085,2021-05-28 12:20:00.0000000,228.78999,228.78999,228.75999,228.78999,7646,387068000000,1.000,27
8086,2021-05-28 12:21:00.0000000,228.82001,228.82001,228.74001,228.77000,9086,387119000000,1.000,27
8087,2021-05-28 12:22:00.0000000,228.83000,228.86000,228.81000,228.81000,8200,387136000000,1.000,27
8088,2021-05-28 12:23:00.0000000,228.84801,228.88000,228.84500,228.85001,8185,387166000000,1.000,27
8089,2021-05-28 12:24:00.0000000,228.88000,228.88499,228.85001,228.85001,3875,387221000000,1.000,27
8090,2021-05-28 12:25:00.0000000,228.92999,228.92999,228.88910,228.89999,5908,387305000000,1.000,27
8091,2021-05-28 12:26:00.0000000,228.92999,228.92999,228.88000,228.92999,4713,387305000000,1.000,27
8092,2021-05-28 12:27:00.0000000,228.96001,228.96500,228.86000,228.96001,6173,387356000000,1.000,27
8093,2021-05-28 12:28:00.0000000,228.98000,229.00000,228.94080,228.95000,4998,387390000000,1.000,27
8094,2021-05-28 12:29:00.0000000,228.99001,229.02000,228.92999,228.97850,14504,387407000000,1.000,27
8095,2021-05-28 12:30:00.0000000,228.98500,229.08000,228.98500,229.00999,8314,387398000000,1.000,27
8096,2021-05-28 12:31:00.0000000,229.02350,229.03000,228.97000,228.99001,9518,387463000000,1.000,27
8097,2021-05-28 12:32:00.0000000,229.09000,229.12000,229.06000,229.06000,5873,387576000000,1.000,27
8098,2021-05-28 12:33:00.0000000,229.17999,229.17999,229.05499,229.06000,12053,387728000000,1.000,27
8099,2021-05-28 12:34:00.0000000,229.21001,229.22031,229.13000,229.17500,6767,387779000000,1.000,27
8100,2021-05-28 12:35:00.0000000,229.28000,229.33000,229.17999,229.21001,10053,387897000000,1.000,27
8101,2021-05-28 12:36:00.0000000,229.33000,229.36000,229.28000,229.28000,7483,387982000000,1.000,27
8102,2021-05-28 12:37:00.0000000,229.37399,229.41000,229.33000,229.33000,6047,388056000000,1.000,27
8103,2021-05-28 12:38:00.0000000,229.41161,229.42999,229.37000,229.38000,8677,388120000000,1.000,27
8104,2021-05-28 12:39:00.0000000,229.35660,229.41000,229.35001,229.41000,5697,388027000000,1.000,27
8105,2021-05-28 12:40:00.0000000,229.30000,229.38000,229.30000,229.36000,5435,387931000000,1.000,27
8106,2021-05-28 12:41:00.0000000,229.20000,229.30000,229.20000,229.29500,8649,387762000000,1.000,27
8107,2021-05-28 12:42:00.0000000,229.08000,229.20670,229.08000,229.20670,4196,387559000000,1.000,27
8108,2021-05-28 12:43:00.0000000,229.05000,229.07001,229.02000,229.07001,6647,387508000000,1.000,27
8109,2021-05-28 12:44:00.0000000,229.05499,229.07001,229.03000,229.05000,4517,387517000000,1.000,27
8110,2021-05-28 12:45:00.0000000,228.99500,229.08470,228.97000,229.08000,5258,387415000000,1.000,27
8111,2021-05-28 12:46:00.0000000,229.07001,229.07001,228.96001,228.98520,11195,387542000000,1.000,27
8112,2021-05-28 12:47:00.0000000,229.00000,229.08501,229.00000,229.05000,7310,387424000000,1.000,27
8113,2021-05-28 12:48:00.0000000,228.98000,229.05000,228.83000,229.03999,14678,387390000000,1.000,27
8114,2021-05-28 12:49:00.0000000,229.00500,229.03999,228.94000,228.98000,12714,387432000000,1.000,27
8115,2021-05-28 12:50:00.0000000,229.03999,229.04500,228.99001,229.03000,7725,387491000000,1.000,27
8116,2021-05-28 12:51:00.0000000,229.00000,229.03999,229.00000,229.03999,6697,387424000000,1.000,27
8117,2021-05-28 12:52:00.0000000,229.03000,229.05000,229.00000,229.00999,7420,387474000000,1.000,27
8118,2021-05-28 12:53:00.0000000,229.02000,229.03500,228.98000,229.00000,9248,387457000000,1.000,27
8119,2021-05-28 12:54:00.0000000,228.95000,229.02000,228.92999,229.02000,8391,387339000000,1.000,27
8120,2021-05-28 12:55:00.0000000,228.87000,228.97000,228.85001,228.96001,3876,387204000000,1.000,27
8121,2021-05-28 12:56:00.0000000,228.91000,228.91000,228.87500,228.87500,2047,387271000000,1.000,27
8122,2021-05-28 12:57:00.0000000,228.89999,228.89999,228.83000,228.89500,3702,387254000000,1.000,27
8123,2021-05-28 12:58:00.0000000,228.86000,228.89000,228.86000,228.89000,3247,387187000000,1.000,27
8124,2021-05-28 12:59:00.0000000,228.87000,228.91000,228.87000,228.88409,3186,387204000000,1.000,27
8125,2021-05-28 13:00:00.0000000,228.89000,228.91000,228.88000,228.88451,4542,387237000000,1.000,27
8126,2021-05-28 13:01:00.0000000,228.84000,228.88000,228.84000,228.88000,4174,387153000000,1.000,27
8127,2021-05-28 13:02:00.0000000,228.78461,228.86000,228.77760,228.84000,3983,387059000000,1.000,27
8128,2021-05-28 13:03:00.0000000,228.79160,228.80000,228.77000,228.78520,3298,387071000000,1.000,27
8129,2021-05-28 13:04:00.0000000,228.74500,228.77000,228.74001,228.77000,2862,386992000000,1.000,27
8130,2021-05-28 13:05:00.0000000,228.70000,228.75000,228.66499,228.75000,4578,386916000000,1.000,27
8131,2021-05-28 13:06:00.0000000,228.64999,228.69000,228.64000,228.69000,3056,386831000000,1.000,27
8132,2021-05-28 13:07:00.0000000,228.68010,228.68010,228.61000,228.64000,6250,386882000000,1.000,27
8133,2021-05-28 13:08:00.0000000,228.72501,228.72501,228.67000,228.68500,5765,386958000000,1.000,27
8134,2021-05-28 13:09:00.0000000,228.69150,228.74001,228.69150,228.74001,3494,386902000000,1.000,27
8135,2021-05-28 13:10:00.0000000,228.72000,228.72000,228.68500,228.71001,3433,386950000000,1.000,27
8136,2021-05-28 13:11:00.0000000,228.72639,228.72639,228.70000,228.70000,5916,386961000000,1.000,27
8137,2021-05-28 13:12:00.0000000,228.73000,228.75500,228.71001,228.74001,5165,386967000000,1.000,27
8138,2021-05-28 13:13:00.0000000,228.66000,228.73000,228.66000,228.73000,4955,386848000000,1.000,27
8139,2021-05-28 13:14:00.0000000,228.61000,228.67000,228.61000,228.67000,4808,386764000000,1.000,27
8140,2021-05-28 13:15:00.0000000,228.60001,228.64011,228.60001,228.63000,4435,386747000000,1.000,27
8141,2021-05-28 13:16:00.0000000,228.49001,228.58600,228.46001,228.58600,9220,386561000000,1.000,27
8142,2021-05-28 13:17:00.0000000,228.41000,228.47000,228.41000,228.47000,3106,386425000000,1.000,27
8143,2021-05-28 13:18:00.0000000,228.42000,228.42999,228.39000,228.42000,4724,386442000000,1.000,27
8144,2021-05-28 13:19:00.0000000,228.42999,228.45000,228.39999,228.42999,27486,386459000000,1.000,27
8145,2021-05-28 13:20:00.0000000,228.39000,228.45000,228.39000,228.42000,9071,386392000000,1.000,27
8146,2021-05-28 13:21:00.0000000,228.28999,228.39000,228.28999,228.39000,6052,386222000000,1.000,27
8147,2021-05-28 13:22:00.0000000,228.22000,228.31000,228.22000,228.28000,6276,386104000000,1.000,27
8148,2021-05-28 13:23:00.0000000,228.25999,228.28999,228.22000,228.23000,6599,386172000000,1.000,27
8149,2021-05-28 13:24:00.0000000,228.23500,228.28999,228.23000,228.28000,7069,386129000000,1.000,27
8150,2021-05-28 13:25:00.0000000,228.25999,228.30000,228.25000,228.25000,9283,386172000000,1.000,27
8151,2021-05-28 13:26:00.0000000,228.26401,228.28000,228.23911,228.24001,5270,386178000000,1.000,27
8152,2021-05-28 13:27:00.0000000,228.28000,228.28000,228.25430,228.26500,6314,386205000000,1.000,27
8153,2021-05-28 13:28:00.0000000,228.28999,228.29500,228.27000,228.28999,3129,386222000000,1.000,27
8154,2021-05-28 13:29:00.0000000,228.17000,228.28000,228.16000,228.28000,12782,386019000000,1.000,27
8155,2021-05-28 13:30:00.0000000,228.16000,228.17160,228.10851,228.16499,7915,386002000000,1.000,27
8156,2021-05-28 13:31:00.0000000,228.20000,228.20660,228.17000,228.17000,4218,386070000000,1.000,27
8157,2021-05-28 13:32:00.0000000,228.25000,228.25999,228.17999,228.21500,4456,386155000000,1.000,27
8158,2021-05-28 13:33:00.0000000,228.20500,228.24001,228.19000,228.24001,5676,386079000000,1.000,27
8159,2021-05-28 13:34:00.0000000,228.19000,228.21001,228.14999,228.19000,3869,386053000000,1.000,27
8160,2021-05-28 13:35:00.0000000,228.24001,228.24001,228.20500,228.20970,2848,386138000000,1.000,27
8161,2021-05-28 13:36:00.0000000,228.16000,228.23000,228.14999,228.23000,4351,386002000000,1.000,27
8162,2021-05-28 13:37:00.0000000,228.17000,228.17000,228.13000,228.14000,6668,386019000000,1.000,27
8163,2021-05-28 13:38:00.0000000,228.09000,228.14999,228.07500,228.14999,7113,385884000000,1.000,27
8164,2021-05-28 13:39:00.0000000,228.04010,228.11000,228.04010,228.07001,10923,385800000000,1.000,27
8165,2021-05-28 13:40:00.0000000,228.03000,228.07001,228.02000,228.05000,5935,385783000000,1.000,27
8166,2021-05-28 13:41:00.0000000,228.00999,228.07001,228.00999,228.02000,2831,385749000000,1.000,27
8167,2021-05-28 13:42:00.0000000,228.06500,228.06500,228.02499,228.04170,4311,385842000000,1.000,27
8168,2021-05-28 13:43:00.0000000,228.08389,228.08389,228.05000,228.07001,5105,385874000000,1.000,27
8169,2021-05-28 13:44:00.0000000,228.07610,228.10001,228.03999,228.07001,8940,385861000000,1.000,27
8170,2021-05-28 13:45:00.0000000,228.03999,228.08000,228.02000,228.07001,9964,385799000000,1.000,27
8171,2021-05-28 13:46:00.0000000,228.12000,228.12000,228.02000,228.03999,7906,385935000000,1.000,27
8172,2021-05-28 13:47:00.0000000,228.13000,228.14999,228.10001,228.14999,10825,385952000000,1.000,27
8173,2021-05-28 13:48:00.0000000,228.13000,228.13000,228.08000,228.11000,2981,385952000000,1.000,27
8174,2021-05-28 13:49:00.0000000,228.12000,228.17000,228.12000,228.14000,4164,385935000000,1.000,27
8175,2021-05-28 13:50:00.0000000,228.03999,228.10500,228.02420,228.10001,5107,385799000000,1.000,27
8176,2021-05-28 13:51:00.0000000,228.03999,228.07001,228.03999,228.05000,2830,385799000000,1.000,27
8177,2021-05-28 13:52:00.0000000,228.09500,228.09500,228.03500,228.03999,3873,385892000000,1.000,27
8178,2021-05-28 13:53:00.0000000,228.11000,228.12000,228.06000,228.08000,2947,385918000000,1.000,27
8179,2021-05-28 13:54:00.0000000,228.14999,228.15500,228.11000,228.12000,3895,385986000000,1.000,27
8180,2021-05-28 13:55:00.0000000,228.14000,228.14000,228.11501,228.13000,7183,385969000000,1.000,27
8181,2021-05-28 13:56:00.0000000,228.14000,228.14500,228.12000,228.13000,2679,385969000000,1.000,27
8182,2021-05-28 13:57:00.0000000,228.12500,228.14999,228.10001,228.13000,9627,385943000000,1.000,27
8183,2021-05-28 13:58:00.0000000,228.14000,228.14000,228.09000,228.11000,3457,385969000000,1.000,27
8184,2021-05-28 13:59:00.0000000,228.13000,228.14000,228.11000,228.11000,1561,385952000000,1.000,27
8185,2021-05-28 14:00:00.0000000,228.13000,228.16000,228.11501,228.14999,6658,385952000000,1.000,27
8186,2021-05-28 14:01:00.0000000,228.17000,228.17000,228.12000,228.14999,6823,386019000000,1.000,27
8187,2021-05-28 14:02:00.0000000,228.21500,228.25000,228.16000,228.16000,8590,386096000000,1.000,27
8188,2021-05-28 14:03:00.0000000,228.19000,228.27000,228.19000,228.22000,11807,386053000000,1.000,27
8189,2021-05-28 14:04:00.0000000,228.23000,228.23000,228.18500,228.19000,7915,386121000000,1.000,27
8190,2021-05-28 14:05:00.0000000,228.25700,228.27470,228.20000,228.22000,12691,386167000000,1.000,27
8191,2021-05-28 14:06:00.0000000,228.14000,228.25000,228.13000,228.25000,12954,385969000000,1.000,27
8192,2021-05-28 14:07:00.0000000,228.07001,228.14999,228.07001,228.14999,7677,385850000000,1.000,27
8193,2021-05-28 14:08:00.0000000,228.07001,228.09621,228.05000,228.09000,9920,385850000000,1.000,27
8194,2021-05-28 14:09:00.0000000,228.03000,228.06500,228.02499,228.06500,7147,385783000000,1.000,27
8195,2021-05-28 14:10:00.0000000,228.06000,228.08000,228.02000,228.03000,5455,385833000000,1.000,27
8196,2021-05-28 14:11:00.0000000,228.02000,228.07001,228.00000,228.05000,14128,385766000000,1.000,27
8197,2021-05-28 14:12:00.0000000,228.09770,228.11000,228.02000,228.02000,5048,385897000000,1.000,27
8198,2021-05-28 14:13:00.0000000,228.05000,228.11000,228.03999,228.08000,7909,385816000000,1.000,27
8199,2021-05-28 14:14:00.0000000,227.96001,228.08000,227.95500,228.06821,13287,385664000000,1.000,27
8200,2021-05-28 14:15:00.0000000,227.94000,227.97009,227.92999,227.96001,15736,385630000000,1.000,27
8201,2021-05-28 14:16:00.0000000,227.88000,227.96001,227.88000,227.94000,10304,385529000000,1.000,27
8202,2021-05-28 14:17:00.0000000,227.84000,227.88000,227.81000,227.88000,17296,385461000000,1.000,27
8203,2021-05-28 14:18:00.0000000,227.86000,227.87000,227.82001,227.86000,40322,385495000000,1.000,27
8204,2021-05-28 14:19:00.0000000,227.96001,227.96001,227.86000,227.86000,4775,385664000000,1.000,27
8205,2021-05-28 14:20:00.0000000,227.92000,227.96001,227.92000,227.96001,5340,385596000000,1.000,27
8206,2021-05-28 14:21:00.0000000,227.88499,227.92999,227.87000,227.92999,10353,385537000000,1.000,27
8207,2021-05-28 14:22:00.0000000,227.88000,227.93500,227.88000,227.89000,4667,385529000000,1.000,27
8208,2021-05-28 14:23:00.0000000,227.95000,227.97501,227.87000,227.87000,7050,385647000000,1.000,27
8209,2021-05-28 14:24:00.0000000,227.99001,228.02000,227.96001,227.96001,5120,385715000000,1.000,27
8210,2021-05-28 14:25:00.0000000,227.97000,228.05000,227.97000,228.00999,9691,385681000000,1.000,27
8211,2021-05-28 14:26:00.0000000,227.98000,228.00571,227.96001,227.98000,3957,385698000000,1.000,27
8212,2021-05-28 14:27:00.0000000,228.03000,228.03000,227.98000,227.98000,4666,385783000000,1.000,27
8213,2021-05-28 14:28:00.0000000,228.02000,228.03000,228.00999,228.03000,5185,385766000000,1.000,27
8214,2021-05-28 14:29:00.0000000,228.09000,228.13000,228.03000,228.03500,8121,385884000000,1.000,27
8215,2021-05-28 14:30:00.0000000,228.09000,228.11000,228.07001,228.09000,6240,385884000000,1.000,27
8216,2021-05-28 14:31:00.0000000,228.10001,228.13499,228.09000,228.10001,5427,385901000000,1.000,27
8217,2021-05-28 14:32:00.0000000,228.18550,228.19839,228.12000,228.12000,5329,386046000000,1.000,27
8218,2021-05-28 14:33:00.0000000,228.16000,228.17999,228.14000,228.17999,7751,386002000000,1.000,27
8219,2021-05-28 14:34:00.0000000,228.23000,228.24150,228.16000,228.16000,3701,386121000000,1.000,27
8220,2021-05-28 14:35:00.0000000,228.27000,228.27000,228.23000,228.24001,3496,386189000000,1.000,27
8221,2021-05-28 14:36:00.0000000,228.25670,228.28000,228.24001,228.28000,6816,386166000000,1.000,27
8222,2021-05-28 14:37:00.0000000,228.24001,228.27000,228.23000,228.25000,6586,386138000000,1.000,27
8223,2021-05-28 14:38:00.0000000,228.25999,228.30000,228.25999,228.25999,7210,386172000000,1.000,27
8224,2021-05-28 14:39:00.0000000,228.23000,228.25999,228.23000,228.25999,8623,386121000000,1.000,27
8225,2021-05-28 14:40:00.0000000,228.22501,228.24001,228.14000,228.23000,15201,386112000000,1.000,27
8226,2021-05-28 14:41:00.0000000,228.20000,228.25000,228.20000,228.23000,5974,386070000000,1.000,27
8227,2021-05-28 14:42:00.0000000,228.19000,228.22000,228.17000,228.20000,7462,386053000000,1.000,27
8228,2021-05-28 14:43:00.0000000,228.19000,228.21500,228.17000,228.20000,8196,386053000000,1.000,27
8229,2021-05-28 14:44:00.0000000,228.22000,228.22000,228.20000,228.20500,5244,386104000000,1.000,27
8230,2021-05-28 14:45:00.0000000,228.20000,228.23000,228.20000,228.23000,4866,386070000000,1.000,27
8231,2021-05-28 14:46:00.0000000,228.12000,228.19000,228.10350,228.19000,50621,385935000000,1.000,27
8232,2021-05-28 14:47:00.0000000,228.21400,228.21400,228.08000,228.12000,23351,386094000000,1.000,27
8233,2021-05-28 14:48:00.0000000,228.26849,228.27000,228.19000,228.21001,13816,386186000000,1.000,27
8234,2021-05-28 14:49:00.0000000,228.32001,228.38000,228.28000,228.28000,9259,386273000000,1.000,27
8235,2021-05-28 14:50:00.0000000,228.35001,228.37860,228.33000,228.34000,13631,386324000000,1.000,27
8236,2021-05-28 14:51:00.0000000,228.32001,228.38000,228.32001,228.35001,7400,386273000000,1.000,27
8237,2021-05-28 14:52:00.0000000,228.28999,228.34000,228.26311,228.33000,10356,386222000000,1.000,27
8238,2021-05-28 14:53:00.0000000,228.30000,228.32500,228.28500,228.30000,6803,386239000000,1.000,27
8239,2021-05-28 14:54:00.0000000,228.28999,228.31000,228.27000,228.30000,7436,386222000000,1.000,27
8240,2021-05-28 14:55:00.0000000,228.32001,228.34000,228.28999,228.28999,5106,386273000000,1.000,27
8241,2021-05-28 14:56:00.0000000,228.34000,228.35001,228.33000,228.34000,7242,386307000000,1.000,27
8242,2021-05-28 14:57:00.0000000,228.32001,228.34000,228.30000,228.34000,11616,386273000000,1.000,27
8243,2021-05-28 14:58:00.0000000,228.32001,228.35001,228.31000,228.33000,8199,386273000000,1.000,27
8244,2021-05-28 14:59:00.0000000,228.35500,228.36000,228.33000,228.33000,5389,386332000000,1.000,27
8245,2021-05-28 15:00:00.0000000,228.33000,228.35001,228.27490,228.35001,10061,386290000000,1.000,27
8246,2021-05-28 09:30:00.0000000,56.34000,56.36000,56.29000,56.35000,381011,233251000000,0.470,28
8247,2021-05-28 09:31:00.0000000,56.34000,56.35000,56.30000,56.34000,62490,233251000000,0.470,28
8248,2021-05-28 09:32:00.0000000,56.35000,56.40500,56.30500,56.33200,65221,233293000000,0.470,28
8249,2021-05-28 09:33:00.0000000,56.37000,56.39000,56.34000,56.36000,52305,233376000000,0.470,28
8250,2021-05-28 09:34:00.0000000,56.38480,56.39810,56.35000,56.37000,47248,233437000000,0.470,28
8251,2021-05-28 09:35:00.0000000,56.43500,56.43500,56.38000,56.38500,46636,233645000000,0.470,28
8252,2021-05-28 09:36:00.0000000,56.40000,56.43000,56.38000,56.43000,32217,233500000000,0.470,28
8253,2021-05-28 09:37:00.0000000,56.40500,56.42000,56.38000,56.40000,53161,233521000000,0.470,28
8254,2021-05-28 09:38:00.0000000,56.41500,56.43500,56.40000,56.40420,39719,233562000000,0.470,28
8255,2021-05-28 09:39:00.0000000,56.36000,56.40000,56.36000,56.38500,67801,233334000000,0.470,28
8256,2021-05-28 09:40:00.0000000,56.36000,56.38000,56.34010,56.37000,51525,233334000000,0.470,28
8257,2021-05-28 09:41:00.0000000,56.38000,56.38000,56.32000,56.36000,36019,233417000000,0.470,28
8258,2021-05-28 09:42:00.0000000,56.43000,56.43000,56.37000,56.37000,61515,233624000000,0.470,28
8259,2021-05-28 09:43:00.0000000,56.39270,56.43000,56.39000,56.42000,39312,233470000000,0.470,28
8260,2021-05-28 09:44:00.0000000,56.45500,56.46000,56.39000,56.39500,67377,233728000000,0.470,28
8261,2021-05-28 09:45:00.0000000,56.50000,56.51000,56.45000,56.45000,41423,233914000000,0.470,28
8262,2021-05-28 09:46:00.0000000,56.46500,56.53000,56.46500,56.50000,52616,233769000000,0.470,28
8263,2021-05-28 09:47:00.0000000,56.45000,56.49000,56.44500,56.47000,51661,233707000000,0.470,28
8264,2021-05-28 09:48:00.0000000,56.38690,56.44010,56.38000,56.44000,56464,233446000000,0.470,28
8265,2021-05-28 09:49:00.0000000,56.35000,56.38500,56.35000,56.38000,49127,233293000000,0.470,28
8266,2021-05-28 09:50:00.0000000,56.31500,56.35000,56.31500,56.34500,26467,233148000000,0.470,28
8267,2021-05-28 09:51:00.0000000,56.30160,56.33000,56.29500,56.31000,35134,233092000000,0.470,28
8268,2021-05-28 09:52:00.0000000,56.29500,56.32460,56.29500,56.30500,32227,233065000000,0.470,28
8269,2021-05-28 09:53:00.0000000,56.32000,56.33570,56.29000,56.29500,33620,233169000000,0.470,28
8270,2021-05-28 09:54:00.0000000,56.34000,56.36000,56.31500,56.32000,23747,233251000000,0.470,28
8271,2021-05-28 09:55:00.0000000,56.31000,56.34990,56.31000,56.33720,30167,233127000000,0.470,28
8272,2021-05-28 09:56:00.0000000,56.32000,56.33000,56.30000,56.31000,42774,233169000000,0.470,28
8273,2021-05-28 09:57:00.0000000,56.34500,56.34990,56.31000,56.32500,22100,233272000000,0.470,28
8274,2021-05-28 09:58:00.0000000,56.33200,56.34500,56.33000,56.34000,14379,233218000000,0.470,28
8275,2021-05-28 09:59:00.0000000,56.32000,56.34000,56.31000,56.33500,46033,233169000000,0.470,28
8276,2021-05-28 10:00:00.0000000,56.33990,56.35000,56.32000,56.32000,34806,233251000000,0.470,28
8277,2021-05-28 10:01:00.0000000,56.37000,56.38910,56.33000,56.33500,41824,233376000000,0.470,28
8278,2021-05-28 10:02:00.0000000,56.38910,56.39000,56.36000,56.37000,27948,233455000000,0.470,28
8279,2021-05-28 10:03:00.0000000,56.37000,56.39900,56.37000,56.39000,31080,233376000000,0.470,28
8280,2021-05-28 10:04:00.0000000,56.41490,56.41690,56.37000,56.38000,46988,233562000000,0.470,28
8281,2021-05-28 10:05:00.0000000,56.45000,56.45500,56.40000,56.41500,47695,233707000000,0.470,28
8282,2021-05-28 10:06:00.0000000,56.46000,56.48000,56.44000,56.44500,27067,233748000000,0.470,28
8283,2021-05-28 10:07:00.0000000,56.48570,56.49000,56.46340,56.46500,24190,233855000000,0.470,28
8284,2021-05-28 10:08:00.0000000,56.44500,56.48810,56.42500,56.48780,40170,233686000000,0.470,28
8285,2021-05-28 10:09:00.0000000,56.42000,56.45500,56.42000,56.44750,28136,233583000000,0.470,28
8286,2021-05-28 10:10:00.0000000,56.41000,56.43000,56.39500,56.43000,31199,233541000000,0.470,28
8287,2021-05-28 10:11:00.0000000,56.38000,56.41000,56.38000,56.41000,15022,233417000000,0.470,28
8288,2021-05-28 10:12:00.0000000,56.37580,56.39000,56.36500,56.38320,29942,233400000000,0.470,28
8289,2021-05-28 10:13:00.0000000,56.37990,56.39000,56.36460,56.37550,36255,233417000000,0.470,28
8290,2021-05-28 10:14:00.0000000,56.37640,56.38350,56.37000,56.38000,11792,233402000000,0.470,28
8291,2021-05-28 10:15:00.0000000,56.38500,56.39000,56.36000,56.38000,24877,233438000000,0.470,28
8292,2021-05-28 10:16:00.0000000,56.40000,56.40500,56.38500,56.38500,16674,233500000000,0.470,28
8293,2021-05-28 10:17:00.0000000,56.41000,56.41000,56.39000,56.39420,33110,233541000000,0.470,28
8294,2021-05-28 10:18:00.0000000,56.41000,56.42000,56.40000,56.41000,15580,233541000000,0.470,28
8295,2021-05-28 10:19:00.0000000,56.41000,56.43500,56.41000,56.41780,34345,233541000000,0.470,28
8296,2021-05-28 10:20:00.0000000,56.42100,56.43000,56.41000,56.41210,17291,233587000000,0.470,28
8297,2021-05-28 10:21:00.0000000,56.41000,56.42500,56.40000,56.42500,19904,233541000000,0.470,28
8298,2021-05-28 10:22:00.0000000,56.39000,56.41000,56.39000,56.41000,16671,233458000000,0.470,28
8299,2021-05-28 10:23:00.0000000,56.39500,56.40000,56.39000,56.39010,11410,233479000000,0.470,28
8300,2021-05-28 10:24:00.0000000,56.43000,56.43000,56.38000,56.39500,32522,233624000000,0.470,28
8301,2021-05-28 10:25:00.0000000,56.43000,56.44500,56.41000,56.42500,31989,233624000000,0.470,28
8302,2021-05-28 10:26:00.0000000,56.45500,56.47000,56.41900,56.42000,50209,233728000000,0.470,28
8303,2021-05-28 10:27:00.0000000,56.42010,56.45000,56.42000,56.45000,20449,233583000000,0.470,28
8304,2021-05-28 10:28:00.0000000,56.42000,56.43000,56.42000,56.42630,17629,233583000000,0.470,28
8305,2021-05-28 10:29:00.0000000,56.46000,56.46000,56.42450,56.42500,46086,233748000000,0.470,28
8306,2021-05-28 10:30:00.0000000,56.45500,56.46000,56.44000,56.45500,22926,233728000000,0.470,28
8307,2021-05-28 10:31:00.0000000,56.44500,56.46000,56.44000,56.46000,18963,233686000000,0.470,28
8308,2021-05-28 10:32:00.0000000,56.45000,56.45000,56.44000,56.45000,11457,233707000000,0.470,28
8309,2021-05-28 10:33:00.0000000,56.44500,56.45000,56.43010,56.44980,17087,233686000000,0.470,28
8310,2021-05-28 10:34:00.0000000,56.42500,56.45000,56.42000,56.44500,25465,233603000000,0.470,28
8311,2021-05-28 10:35:00.0000000,56.46000,56.46000,56.42500,56.42500,29899,233748000000,0.470,28
8312,2021-05-28 10:36:00.0000000,56.46990,56.47000,56.45000,56.45500,28894,233789000000,0.470,28
8313,2021-05-28 10:37:00.0000000,56.46900,56.47000,56.46000,56.46000,4990,233786000000,0.470,28
8314,2021-05-28 10:38:00.0000000,56.45500,56.47000,56.45000,56.46680,14512,233728000000,0.470,28
8315,2021-05-28 10:39:00.0000000,56.42500,56.46500,56.42500,56.45500,51009,233603000000,0.470,28
8316,2021-05-28 10:40:00.0000000,56.42500,56.44000,56.41000,56.42310,21976,233603000000,0.470,28
8317,2021-05-28 10:41:00.0000000,56.42000,56.42790,56.41000,56.42640,11509,233583000000,0.470,28
8318,2021-05-28 10:42:00.0000000,56.43000,56.44000,56.41500,56.42990,16966,233624000000,0.470,28
8319,2021-05-28 10:43:00.0000000,56.45100,56.46500,56.42000,56.42000,20983,233711000000,0.470,28
8320,2021-05-28 10:44:00.0000000,56.45020,56.47000,56.44000,56.45500,20321,233708000000,0.470,28
8321,2021-05-28 10:45:00.0000000,56.44240,56.45990,56.44000,56.45500,41721,233675000000,0.470,28
8322,2021-05-28 10:46:00.0000000,56.47000,56.47000,56.44000,56.44500,30555,233790000000,0.470,28
8323,2021-05-28 10:47:00.0000000,56.48000,56.50000,56.46000,56.47000,62625,233831000000,0.470,28
8324,2021-05-28 10:48:00.0000000,56.49000,56.49000,56.48000,56.48570,13739,233872000000,0.470,28
8325,2021-05-28 10:49:00.0000000,56.51000,56.51000,56.48000,56.49000,41256,233955000000,0.470,28
8326,2021-05-28 10:50:00.0000000,56.51000,56.52000,56.50000,56.51000,21458,233955000000,0.470,28
8327,2021-05-28 10:51:00.0000000,56.48500,56.51000,56.48000,56.50000,33305,233852000000,0.470,28
8328,2021-05-28 10:52:00.0000000,56.49500,56.50000,56.48000,56.48460,15130,233893000000,0.470,28
8329,2021-05-28 10:53:00.0000000,56.44860,56.50000,56.44000,56.49500,40835,233701000000,0.470,28
8330,2021-05-28 10:54:00.0000000,56.46500,56.46580,56.44910,56.44910,22937,233769000000,0.470,28
8331,2021-05-28 10:55:00.0000000,56.45500,56.46590,56.45000,56.46230,14217,233728000000,0.470,28
8332,2021-05-28 10:56:00.0000000,56.44500,56.46000,56.44000,56.45700,19348,233686000000,0.470,28
8333,2021-05-28 10:57:00.0000000,56.46000,56.46580,56.44000,56.45000,14772,233748000000,0.470,28
8334,2021-05-28 10:58:00.0000000,56.47000,56.49000,56.46000,56.46500,40446,233790000000,0.470,28
8335,2021-05-28 10:59:00.0000000,56.48000,56.48000,56.45500,56.46500,39605,233831000000,0.470,28
8336,2021-05-28 11:00:00.0000000,56.46500,56.47500,56.45500,56.47500,17012,233769000000,0.470,28
8337,2021-05-28 11:01:00.0000000,56.46500,56.47000,56.45000,56.46500,22055,233769000000,0.470,28
8338,2021-05-28 11:02:00.0000000,56.45000,56.47000,56.44000,56.46500,31681,233707000000,0.470,28
8339,2021-05-28 11:03:00.0000000,56.43500,56.45890,56.43000,56.44500,26426,233645000000,0.470,28
8340,2021-05-28 11:04:00.0000000,56.42000,56.43000,56.42000,56.43000,10707,233583000000,0.470,28
8341,2021-05-28 11:05:00.0000000,56.42700,56.43540,56.42000,56.42500,22518,233612000000,0.470,28
8342,2021-05-28 11:06:00.0000000,56.43000,56.44000,56.42500,56.43000,7795,233624000000,0.470,28
8343,2021-05-28 11:07:00.0000000,56.44000,56.44000,56.42000,56.43000,13512,233665000000,0.470,28
8344,2021-05-28 11:08:00.0000000,56.43500,56.44000,56.42000,56.43500,23881,233645000000,0.470,28
8345,2021-05-28 11:09:00.0000000,56.41500,56.43500,56.41500,56.43500,22892,233562000000,0.470,28
8346,2021-05-28 11:10:00.0000000,56.42000,56.42000,56.41000,56.42000,15130,233583000000,0.470,28
8347,2021-05-28 11:11:00.0000000,56.42380,56.43000,56.41400,56.41500,32365,233598000000,0.470,28
8348,2021-05-28 11:12:00.0000000,56.43500,56.43500,56.41000,56.42000,24256,233645000000,0.470,28
8349,2021-05-28 11:13:00.0000000,56.46000,56.46000,56.44000,56.44000,31969,233748000000,0.470,28
8350,2021-05-28 11:14:00.0000000,56.48000,56.48000,56.45400,56.45500,21855,233831000000,0.470,28
8351,2021-05-28 11:15:00.0000000,56.47000,56.48500,56.46000,56.48000,23109,233790000000,0.470,28
8352,2021-05-28 11:16:00.0000000,56.49000,56.49580,56.48000,56.48000,25106,233872000000,0.470,28
8353,2021-05-28 11:17:00.0000000,56.48990,56.50000,56.47000,56.48000,48614,233872000000,0.470,28
8354,2021-05-28 11:18:00.0000000,56.50000,56.51000,56.49000,56.49000,42682,233914000000,0.470,28
8355,2021-05-28 11:19:00.0000000,56.49500,56.51000,56.49000,56.50500,29658,233893000000,0.470,28
8356,2021-05-28 11:20:00.0000000,56.51000,56.51000,56.49000,56.50000,20276,233955000000,0.470,28
8357,2021-05-28 11:21:00.0000000,56.49800,56.51000,56.48000,56.51000,30185,233906000000,0.470,28
8358,2021-05-28 11:22:00.0000000,56.47000,56.49900,56.46990,56.49500,31111,233790000000,0.470,28
8359,2021-05-28 11:23:00.0000000,56.50000,56.50000,56.47000,56.47000,18471,233914000000,0.470,28
8360,2021-05-28 11:24:00.0000000,56.49420,56.50000,56.48000,56.49600,20127,233890000000,0.470,28
8361,2021-05-28 11:25:00.0000000,56.48500,56.50000,56.48440,56.49500,9786,233852000000,0.470,28
8362,2021-05-28 11:26:00.0000000,56.50360,56.50500,56.48500,56.49000,34404,233929000000,0.470,28
8363,2021-05-28 11:27:00.0000000,56.52500,56.53000,56.50500,56.50500,41622,234017000000,0.470,28
8364,2021-05-28 11:28:00.0000000,56.52000,56.54000,56.52000,56.52010,39425,233997000000,0.470,28
8365,2021-05-28 11:29:00.0000000,56.54500,56.54590,56.52000,56.52820,32088,234100000000,0.470,28
8366,2021-05-28 11:30:00.0000000,56.50000,56.54500,56.49000,56.54000,70177,233914000000,0.470,28
8367,2021-05-28 11:31:00.0000000,56.50820,56.51000,56.49500,56.49500,14415,233948000000,0.470,28
8368,2021-05-28 11:32:00.0000000,56.49500,56.51000,56.49000,56.51000,31670,233893000000,0.470,28
8369,2021-05-28 11:33:00.0000000,56.49500,56.50000,56.49000,56.49000,13233,233893000000,0.470,28
8370,2021-05-28 11:34:00.0000000,56.48500,56.49500,56.48000,56.49500,75968,233852000000,0.470,28
8371,2021-05-28 11:35:00.0000000,56.48500,56.48990,56.48000,56.48000,15547,233852000000,0.470,28
8372,2021-05-28 11:36:00.0000000,56.46000,56.49500,56.45000,56.48500,66147,233748000000,0.470,28
8373,2021-05-28 11:37:00.0000000,56.45460,56.46000,56.45000,56.45990,20484,233726000000,0.470,28
8374,2021-05-28 11:38:00.0000000,56.48000,56.48000,56.45500,56.45500,33771,233831000000,0.470,28
8375,2021-05-28 11:39:00.0000000,56.47500,56.49000,56.47290,56.47700,25447,233810000000,0.470,28
8376,2021-05-28 11:40:00.0000000,56.46500,56.48000,56.45000,56.47500,16702,233769000000,0.470,28
8377,2021-05-28 11:41:00.0000000,56.45360,56.46560,56.45000,56.46000,14496,233722000000,0.470,28
8378,2021-05-28 11:42:00.0000000,56.45000,56.46500,56.44000,56.45000,30722,233707000000,0.470,28
8379,2021-05-28 11:43:00.0000000,56.44500,56.45000,56.44000,56.44500,10254,233686000000,0.470,28
8380,2021-05-28 11:44:00.0000000,56.45500,56.45850,56.45000,56.45000,10480,233728000000,0.470,28
8381,2021-05-28 11:45:00.0000000,56.44000,56.45700,56.44000,56.45500,14195,233665000000,0.470,28
8382,2021-05-28 11:46:00.0000000,56.41000,56.44000,56.41000,56.43000,32122,233541000000,0.470,28
8383,2021-05-28 11:47:00.0000000,56.41000,56.42500,56.41000,56.42000,36514,233541000000,0.470,28
8384,2021-05-28 11:48:00.0000000,56.39000,56.42000,56.39000,56.41000,25134,233458000000,0.470,28
8385,2021-05-28 11:49:00.0000000,56.39000,56.40000,56.39000,56.39500,16031,233458000000,0.470,28
8386,2021-05-28 11:50:00.0000000,56.42000,56.42000,56.39500,56.39800,24106,233583000000,0.470,28
8387,2021-05-28 11:51:00.0000000,56.41500,56.42000,56.41000,56.42000,12541,233562000000,0.470,28
8388,2021-05-28 11:52:00.0000000,56.40540,56.42000,56.40500,56.41000,10938,233522000000,0.470,28
8389,2021-05-28 11:53:00.0000000,56.41990,56.41990,56.40010,56.41000,10776,233582000000,0.470,28
8390,2021-05-28 11:54:00.0000000,56.41550,56.42000,56.41000,56.41500,11182,233564000000,0.470,28
8391,2021-05-28 11:55:00.0000000,56.41500,56.42000,56.41000,56.41500,16226,233562000000,0.470,28
8392,2021-05-28 11:56:00.0000000,56.41000,56.41500,56.39000,56.41000,43380,233541000000,0.470,28
8393,2021-05-28 11:57:00.0000000,56.41500,56.42000,56.40100,56.41000,10087,233562000000,0.470,28
8394,2021-05-28 11:58:00.0000000,56.43000,56.43000,56.41680,56.41680,12219,233624000000,0.470,28
8395,2021-05-28 11:59:00.0000000,56.41550,56.43000,56.41000,56.42000,15145,233564000000,0.470,28
8396,2021-05-28 12:00:00.0000000,56.42000,56.42000,56.40000,56.41550,57741,233583000000,0.470,28
8397,2021-05-28 12:01:00.0000000,56.42000,56.42000,56.41000,56.42000,0,233583000000,0.470,28
8398,2021-05-28 12:02:00.0000000,56.41700,56.42000,56.41000,56.42000,6170,233570000000,0.470,28
8399,2021-05-28 12:03:00.0000000,56.44000,56.44000,56.41000,56.41500,12367,233665000000,0.470,28
8400,2021-05-28 12:04:00.0000000,56.44800,56.45000,56.44430,56.45000,5015,233699000000,0.470,28
8401,2021-05-28 12:05:00.0000000,56.42500,56.45000,56.42000,56.45000,29022,233603000000,0.470,28
8402,2021-05-28 12:06:00.0000000,56.44000,56.44000,56.42000,56.42810,16927,233665000000,0.470,28
8403,2021-05-28 12:07:00.0000000,56.43500,56.44000,56.43000,56.43750,14097,233645000000,0.470,28
8404,2021-05-28 12:08:00.0000000,56.44000,56.45000,56.43000,56.44000,11293,233665000000,0.470,28
8405,2021-05-28 12:09:00.0000000,56.43500,56.45000,56.43000,56.43500,19513,233645000000,0.470,28
8406,2021-05-28 12:10:00.0000000,56.44500,56.44500,56.43000,56.44000,12832,233686000000,0.470,28
8407,2021-05-28 12:11:00.0000000,56.45000,56.45900,56.44390,56.44500,19467,233707000000,0.470,28
8408,2021-05-28 12:12:00.0000000,56.44500,56.46000,56.44000,56.45000,29886,233686000000,0.470,28
8409,2021-05-28 12:13:00.0000000,56.44500,56.45000,56.44000,56.45000,8974,233686000000,0.470,28
8410,2021-05-28 12:14:00.0000000,56.47000,56.47000,56.44000,56.44500,16760,233790000000,0.470,28
8411,2021-05-28 12:15:00.0000000,56.46500,56.46900,56.45000,56.46900,9784,233769000000,0.470,28
8412,2021-05-28 12:16:00.0000000,56.46500,56.47000,56.46000,56.46500,9735,233769000000,0.470,28
8413,2021-05-28 12:17:00.0000000,56.47500,56.48000,56.46370,56.46500,21171,233810000000,0.470,28
8414,2021-05-28 12:18:00.0000000,56.48000,56.49000,56.47000,56.47000,60605,233831000000,0.470,28
8415,2021-05-28 12:19:00.0000000,56.48000,56.48500,56.47000,56.48500,18692,233831000000,0.470,28
8416,2021-05-28 12:20:00.0000000,56.47100,56.48000,56.46500,56.48000,32021,233794000000,0.470,28
8417,2021-05-28 12:21:00.0000000,56.49000,56.49000,56.48000,56.48000,12594,233872000000,0.470,28
8418,2021-05-28 12:22:00.0000000,56.51000,56.51000,56.49000,56.49500,35324,233955000000,0.470,28
8419,2021-05-28 12:23:00.0000000,56.51500,56.52000,56.50500,56.51000,43038,233976000000,0.470,28
8420,2021-05-28 12:24:00.0000000,56.54000,56.54500,56.52000,56.52000,50960,234079000000,0.470,28
8421,2021-05-28 12:25:00.0000000,56.52700,56.54000,56.52000,56.53500,27962,234026000000,0.470,28
8422,2021-05-28 12:26:00.0000000,56.52500,56.53000,56.52000,56.52500,6396,234017000000,0.470,28
8423,2021-05-28 12:27:00.0000000,56.49000,56.52500,56.49000,56.52500,34550,233872000000,0.470,28
8424,2021-05-28 12:28:00.0000000,56.50600,56.51500,56.49040,56.49040,23052,233939000000,0.470,28
8425,2021-05-28 12:29:00.0000000,56.50500,56.52000,56.50000,56.50440,10387,233935000000,0.470,28
8426,2021-05-28 12:30:00.0000000,56.49570,56.50500,56.49500,56.50500,14978,233896000000,0.470,28
8427,2021-05-28 12:31:00.0000000,56.48500,56.50000,56.48500,56.49640,15582,233852000000,0.470,28
8428,2021-05-28 12:32:00.0000000,56.48500,56.49000,56.48000,56.49000,10086,233852000000,0.470,28
8429,2021-05-28 12:33:00.0000000,56.48310,56.49700,56.47500,56.48000,26512,233844000000,0.470,28
8430,2021-05-28 12:34:00.0000000,56.48500,56.50000,56.48000,56.48500,13236,233852000000,0.470,28
8431,2021-05-28 12:35:00.0000000,56.47500,56.50000,56.47500,56.48500,20683,233810000000,0.470,28
8432,2021-05-28 12:36:00.0000000,56.47360,56.48000,56.47000,56.48000,10052,233805000000,0.470,28
8433,2021-05-28 12:37:00.0000000,56.49500,56.50000,56.46500,56.47000,42307,233893000000,0.470,28
8434,2021-05-28 12:38:00.0000000,56.48000,56.49500,56.47270,56.49500,13947,233831000000,0.470,28
8435,2021-05-28 12:39:00.0000000,56.49000,56.49990,56.47410,56.47410,12923,233872000000,0.470,28
8436,2021-05-28 12:40:00.0000000,56.49000,56.49990,56.48500,56.49990,11491,233872000000,0.470,28
8437,2021-05-28 12:41:00.0000000,56.49500,56.50000,56.48010,56.48500,31773,233893000000,0.470,28
8438,2021-05-28 12:42:00.0000000,56.49000,56.50000,56.48500,56.49570,9824,233872000000,0.470,28
8439,2021-05-28 12:43:00.0000000,56.49000,56.50000,56.48830,56.48830,16607,233872000000,0.470,28
8440,2021-05-28 12:44:00.0000000,56.48500,56.49000,56.48000,56.49000,9152,233852000000,0.470,28
8441,2021-05-28 12:45:00.0000000,56.45990,56.49000,56.45000,56.48600,58030,233748000000,0.470,28
8442,2021-05-28 12:46:00.0000000,56.46760,56.46760,56.44030,56.45000,21932,233780000000,0.470,28
8443,2021-05-28 12:47:00.0000000,56.45000,56.47000,56.45000,56.46000,11497,233707000000,0.470,28
8444,2021-05-28 12:48:00.0000000,56.41500,56.44500,56.40000,56.44500,41819,233562000000,0.470,28
8445,2021-05-28 12:49:00.0000000,56.42000,56.42800,56.41000,56.41000,8936,233583000000,0.470,28
8446,2021-05-28 12:50:00.0000000,56.44000,56.44000,56.42000,56.42340,6329,233665000000,0.470,28
8447,2021-05-28 12:51:00.0000000,56.41500,56.43500,56.41000,56.43500,12917,233562000000,0.470,28
8448,2021-05-28 12:52:00.0000000,56.41500,56.42990,56.41500,56.41630,21987,233562000000,0.470,28
8449,2021-05-28 12:53:00.0000000,56.41500,56.41990,56.41000,56.41600,11229,233562000000,0.470,28
8450,2021-05-28 12:54:00.0000000,56.40500,56.41000,56.40000,56.41000,18264,233521000000,0.470,28
8451,2021-05-28 12:55:00.0000000,56.40500,56.41000,56.40000,56.40500,21087,233521000000,0.470,28
8452,2021-05-28 12:56:00.0000000,56.40000,56.41000,56.40000,56.40500,8018,233500000000,0.470,28
8453,2021-05-28 12:57:00.0000000,56.40500,56.41000,56.38000,56.40560,79022,233521000000,0.470,28
8454,2021-05-28 12:58:00.0000000,56.38310,56.41500,56.38000,56.41000,42474,233430000000,0.470,28
8455,2021-05-28 12:59:00.0000000,56.39830,56.41000,56.38380,56.38380,32133,233493000000,0.470,28
8456,2021-05-28 13:00:00.0000000,56.40500,56.40500,56.39000,56.39580,16392,233521000000,0.470,28
8457,2021-05-28 13:01:00.0000000,56.39500,56.40000,56.39000,56.40000,16403,233479000000,0.470,28
8458,2021-05-28 13:02:00.0000000,56.38500,56.40000,56.38500,56.39500,11820,233438000000,0.470,28
8459,2021-05-28 13:03:00.0000000,56.37000,56.38990,56.37000,56.38500,52608,233376000000,0.470,28
8460,2021-05-28 13:04:00.0000000,56.36660,56.37000,56.36000,56.37000,15062,233362000000,0.470,28
8461,2021-05-28 13:05:00.0000000,56.37500,56.38000,56.36500,56.36500,14725,233396000000,0.470,28
8462,2021-05-28 13:06:00.0000000,56.37850,56.38000,56.37000,56.37000,11575,233411000000,0.470,28
8463,2021-05-28 13:07:00.0000000,56.37000,56.38000,56.36000,56.37500,24311,233376000000,0.470,28
8464,2021-05-28 13:08:00.0000000,56.36000,56.36500,56.35000,56.36500,28422,233334000000,0.470,28
8465,2021-05-28 13:09:00.0000000,56.34500,56.37000,56.34500,56.35930,24761,233272000000,0.470,28
8466,2021-05-28 13:10:00.0000000,56.37240,56.37500,56.34000,56.34500,29609,233386000000,0.470,28
8467,2021-05-28 13:11:00.0000000,56.35000,56.36000,56.35000,56.36000,25115,233293000000,0.470,28
8468,2021-05-28 13:12:00.0000000,56.36000,56.36000,56.34000,56.35000,16388,233334000000,0.470,28
8469,2021-05-28 13:13:00.0000000,56.35000,56.37000,56.35000,56.36000,19159,233293000000,0.470,28
8470,2021-05-28 13:14:00.0000000,56.35000,56.35500,56.34000,56.35000,17801,233293000000,0.470,28
8471,2021-05-28 13:15:00.0000000,56.34500,56.34580,56.33000,56.34580,33370,233272000000,0.470,28
8472,2021-05-28 13:16:00.0000000,56.35990,56.35990,56.34000,56.34500,68696,233334000000,0.470,28
8473,2021-05-28 13:17:00.0000000,56.35460,56.36000,56.35460,56.36000,8073,233312000000,0.470,28
8474,2021-05-28 13:18:00.0000000,56.35150,56.36000,56.34370,56.36000,23288,233299000000,0.470,28
8475,2021-05-28 13:19:00.0000000,56.37000,56.37000,56.35000,56.35000,32473,233376000000,0.470,28
8476,2021-05-28 13:20:00.0000000,56.36500,56.37500,56.36000,56.36000,25005,233355000000,0.470,28
8477,2021-05-28 13:21:00.0000000,56.38500,56.39000,56.36000,56.36500,28444,233438000000,0.470,28
8478,2021-05-28 13:22:00.0000000,56.37100,56.38560,56.36000,56.38000,70609,233380000000,0.470,28
8479,2021-05-28 13:23:00.0000000,56.36000,56.38000,56.35500,56.37680,11873,233334000000,0.470,28
8480,2021-05-28 13:24:00.0000000,56.36000,56.38000,56.36000,56.36000,9724,233334000000,0.470,28
8481,2021-05-28 13:25:00.0000000,56.36170,56.38000,56.36000,56.36000,18425,233341000000,0.470,28
8482,2021-05-28 13:26:00.0000000,56.36000,56.37000,56.36000,56.36380,18327,233334000000,0.470,28
8483,2021-05-28 13:27:00.0000000,56.35570,56.36660,56.35000,56.36500,16058,233316000000,0.470,28
8484,2021-05-28 13:28:00.0000000,56.36000,56.37000,56.35000,56.35500,14612,233334000000,0.470,28
8485,2021-05-28 13:29:00.0000000,56.36500,56.37000,56.35000,56.35000,9244,233355000000,0.470,28
8486,2021-05-28 13:30:00.0000000,56.35000,56.37000,56.34500,56.36000,36691,233293000000,0.470,28
8487,2021-05-28 13:31:00.0000000,56.35500,56.36000,56.34000,56.35600,30689,233314000000,0.470,28
8488,2021-05-28 13:32:00.0000000,56.36500,56.36500,56.35000,56.35770,14808,233355000000,0.470,28
8489,2021-05-28 13:33:00.0000000,56.36140,56.37000,56.36000,56.36000,12838,233340000000,0.470,28
8490,2021-05-28 13:34:00.0000000,56.35000,56.36500,56.35000,56.36000,11198,233293000000,0.470,28
8491,2021-05-28 13:35:00.0000000,56.36000,56.36000,56.35000,56.35500,4600,233334000000,0.470,28
8492,2021-05-28 13:36:00.0000000,56.36000,56.36550,56.35000,56.35500,18490,233334000000,0.470,28
8493,2021-05-28 13:37:00.0000000,56.37500,56.37500,56.35000,56.35500,18964,233396000000,0.470,28
8494,2021-05-28 13:38:00.0000000,56.38500,56.39000,56.37760,56.38000,36527,233438000000,0.470,28
8495,2021-05-28 13:39:00.0000000,56.39440,56.39600,56.37000,56.38000,27044,233477000000,0.470,28
8496,2021-05-28 13:40:00.0000000,56.39000,56.40000,56.38000,56.39500,23530,233458000000,0.470,28
8497,2021-05-28 13:41:00.0000000,56.40000,56.41000,56.39000,56.39000,39111,233500000000,0.470,28
8498,2021-05-28 13:42:00.0000000,56.38300,56.40000,56.38070,56.39990,16014,233429000000,0.470,28
8499,2021-05-28 13:43:00.0000000,56.38010,56.39000,56.38000,56.39000,9486,233417000000,0.470,28
8500,2021-05-28 13:44:00.0000000,56.38500,56.38500,56.38000,56.38000,8388,233438000000,0.470,28
8501,2021-05-28 13:45:00.0000000,56.38000,56.38000,56.37000,56.38000,15338,233417000000,0.470,28
8502,2021-05-28 13:46:00.0000000,56.38000,56.39000,56.37000,56.37000,14249,233417000000,0.470,28
8503,2021-05-28 13:47:00.0000000,56.37580,56.38990,56.37000,56.38500,13644,233400000000,0.470,28
8504,2021-05-28 13:48:00.0000000,56.39500,56.40000,56.38000,56.38000,14611,233479000000,0.470,28
8505,2021-05-28 13:49:00.0000000,56.38500,56.40000,56.38000,56.39450,35372,233438000000,0.470,28
8506,2021-05-28 13:50:00.0000000,56.36500,56.38000,56.36000,56.38000,12337,233355000000,0.470,28
8507,2021-05-28 13:51:00.0000000,56.37180,56.37180,56.36000,56.36500,26545,233383000000,0.470,28
8508,2021-05-28 13:52:00.0000000,56.38000,56.38500,56.37000,56.37010,14299,233417000000,0.470,28
8509,2021-05-28 13:53:00.0000000,56.37440,56.38000,56.37440,56.37900,5646,233394000000,0.470,28
8510,2021-05-28 13:54:00.0000000,56.38500,56.39000,56.37390,56.38000,21213,233438000000,0.470,28
8511,2021-05-28 13:55:00.0000000,56.37010,56.39000,56.37000,56.39000,14446,233376000000,0.470,28
8512,2021-05-28 13:56:00.0000000,56.37500,56.38000,56.37390,56.37500,8837,233396000000,0.470,28
8513,2021-05-28 13:57:00.0000000,56.37000,56.37550,56.36400,56.37500,25037,233376000000,0.470,28
8514,2021-05-28 13:58:00.0000000,56.37500,56.38000,56.37000,56.37000,5193,233396000000,0.470,28
8515,2021-05-28 13:59:00.0000000,56.37000,56.37600,56.37000,56.37500,5463,233376000000,0.470,28
8516,2021-05-28 14:00:00.0000000,56.37000,56.38500,56.37000,56.38000,33121,233376000000,0.470,28
8517,2021-05-28 14:01:00.0000000,56.37500,56.38000,56.37000,56.37500,37975,233396000000,0.470,28
8518,2021-05-28 14:02:00.0000000,56.37500,56.38000,56.36500,56.37500,26352,233396000000,0.470,28
8519,2021-05-28 14:03:00.0000000,56.38500,56.38500,56.37010,56.38000,12744,233438000000,0.470,28
8520,2021-05-28 14:04:00.0000000,56.40000,56.40000,56.38000,56.38390,12576,233500000000,0.470,28
8521,2021-05-28 14:05:00.0000000,56.39500,56.40000,56.39000,56.40000,22282,233479000000,0.470,28
8522,2021-05-28 14:06:00.0000000,56.39500,56.40560,56.39100,56.39500,26142,233479000000,0.470,28
8523,2021-05-28 14:07:00.0000000,56.40370,56.41000,56.39300,56.39500,12482,233515000000,0.470,28
8524,2021-05-28 14:08:00.0000000,56.39420,56.40500,56.39000,56.40500,13547,233476000000,0.470,28
8525,2021-05-28 14:09:00.0000000,56.38000,56.39630,56.38000,56.39500,14568,233417000000,0.470,28
8526,2021-05-28 14:10:00.0000000,56.38450,56.39500,56.38000,56.38000,16171,233436000000,0.470,28
8527,2021-05-28 14:11:00.0000000,56.38500,56.38580,56.38000,56.38470,6315,233438000000,0.470,28
8528,2021-05-28 14:12:00.0000000,56.38500,56.38500,56.38000,56.38000,11924,233438000000,0.470,28
8529,2021-05-28 14:13:00.0000000,56.38500,56.41000,56.38500,56.39000,44616,233438000000,0.470,28
8530,2021-05-28 14:14:00.0000000,56.38500,56.39000,56.38000,56.38630,7908,233438000000,0.470,28
8531,2021-05-28 14:15:00.0000000,56.38500,56.38680,56.38000,56.38580,10007,233438000000,0.470,28
8532,2021-05-28 14:16:00.0000000,56.38000,56.39000,56.38000,56.38300,5885,233417000000,0.470,28
8533,2021-05-28 14:17:00.0000000,56.38000,56.38620,56.37000,56.38620,21755,233417000000,0.470,28
8534,2021-05-28 14:18:00.0000000,56.38000,56.39000,56.37000,56.38000,23386,233417000000,0.470,28
8535,2021-05-28 14:19:00.0000000,56.38500,56.39000,56.38390,56.38500,6446,233438000000,0.470,28
8536,2021-05-28 14:20:00.0000000,56.38000,56.38640,56.38000,56.38500,11487,233417000000,0.470,28
8537,2021-05-28 14:21:00.0000000,56.38000,56.38560,56.37000,56.38450,17990,233417000000,0.470,28
8538,2021-05-28 14:22:00.0000000,56.38830,56.39000,56.38000,56.38500,27583,233451000000,0.470,28
8539,2021-05-28 14:23:00.0000000,56.40000,56.42000,56.39000,56.39000,24146,233500000000,0.470,28
8540,2021-05-28 14:24:00.0000000,56.40800,56.42000,56.39380,56.41000,17814,233533000000,0.470,28
8541,2021-05-28 14:25:00.0000000,56.41900,56.42000,56.41000,56.41000,12180,233578000000,0.470,28
8542,2021-05-28 14:26:00.0000000,56.41000,56.42000,56.41000,56.42000,6709,233541000000,0.470,28
8543,2021-05-28 14:27:00.0000000,56.42500,56.43000,56.41100,56.41500,21539,233603000000,0.470,28
8544,2021-05-28 14:28:00.0000000,56.42000,56.43000,56.41000,56.43000,28082,233583000000,0.470,28
8545,2021-05-28 14:29:00.0000000,56.43580,56.44000,56.42000,56.42000,11768,233648000000,0.470,28
8546,2021-05-28 14:30:00.0000000,56.44500,56.45000,56.43500,56.43500,20998,233686000000,0.470,28
8547,2021-05-28 14:31:00.0000000,56.43010,56.45000,56.43000,56.44500,18724,233624000000,0.470,28
8548,2021-05-28 14:32:00.0000000,56.46000,56.46000,56.43000,56.44000,21711,233748000000,0.470,28
8549,2021-05-28 14:33:00.0000000,56.45500,56.46000,56.45000,56.45500,23262,233728000000,0.470,28
8550,2021-05-28 14:34:00.0000000,56.45000,56.46500,56.45000,56.45500,27226,233707000000,0.470,28
8551,2021-05-28 14:35:00.0000000,56.45000,56.45500,56.43460,56.45500,28473,233707000000,0.470,28
8552,2021-05-28 14:36:00.0000000,56.44480,56.45800,56.44000,56.45000,25259,233685000000,0.470,28
8553,2021-05-28 14:37:00.0000000,56.44490,56.45540,56.44000,56.44270,14480,233686000000,0.470,28
8554,2021-05-28 14:38:00.0000000,56.44000,56.44500,56.43000,56.44500,17092,233665000000,0.470,28
8555,2021-05-28 14:39:00.0000000,56.45000,56.46000,56.44000,56.44500,21054,233707000000,0.470,28
8556,2021-05-28 14:40:00.0000000,56.45500,56.46000,56.45000,56.45010,4674,233728000000,0.470,28
8557,2021-05-28 14:41:00.0000000,56.46370,56.47000,56.45010,56.46000,15552,233764000000,0.470,28
8558,2021-05-28 14:42:00.0000000,56.48000,56.48000,56.46010,56.46570,16710,233831000000,0.470,28
8559,2021-05-28 14:43:00.0000000,56.46500,56.48000,56.46000,56.47170,28280,233769000000,0.470,28
8560,2021-05-28 14:44:00.0000000,56.47000,56.48000,56.46430,56.47000,21960,233790000000,0.470,28
8561,2021-05-28 14:45:00.0000000,56.46010,56.48000,56.46000,56.47320,17175,233749000000,0.470,28
8562,2021-05-28 14:46:00.0000000,56.46500,56.47000,56.46000,56.46000,17426,233769000000,0.470,28
8563,2021-05-28 14:47:00.0000000,56.46000,56.47000,56.45500,56.46500,16397,233748000000,0.470,28
8564,2021-05-28 14:48:00.0000000,56.46500,56.47000,56.46000,56.47000,7987,233769000000,0.470,28
8565,2021-05-28 14:49:00.0000000,56.48000,56.48500,56.46500,56.46500,35234,233831000000,0.470,28
8566,2021-05-28 14:50:00.0000000,56.47500,56.48000,56.47000,56.47000,12768,233810000000,0.470,28
8567,2021-05-28 14:51:00.0000000,56.49000,56.49000,56.47320,56.47500,19960,233872000000,0.470,28
8568,2021-05-28 14:52:00.0000000,56.48470,56.48540,56.48000,56.48500,7506,233850000000,0.470,28
8569,2021-05-28 14:53:00.0000000,56.48500,56.49500,56.48000,56.49000,18096,233852000000,0.470,28
8570,2021-05-28 14:54:00.0000000,56.48000,56.49000,56.48000,56.48420,9469,233831000000,0.470,28
8571,2021-05-28 14:55:00.0000000,56.48500,56.49500,56.48010,56.48500,26560,233852000000,0.470,28
8572,2021-05-28 14:56:00.0000000,56.50000,56.50590,56.48420,56.49000,33756,233914000000,0.470,28
8573,2021-05-28 14:57:00.0000000,56.48420,56.50500,56.48420,56.50500,19170,233848000000,0.470,28
8574,2021-05-28 14:58:00.0000000,56.49500,56.50000,56.48420,56.49000,16854,233893000000,0.470,28
8575,2021-05-28 14:59:00.0000000,56.49900,56.50000,56.49000,56.49000,14365,233910000000,0.470,28
8576,2021-05-28 15:00:00.0000000,56.49000,56.50000,56.48000,56.49500,24800,233872000000,0.470,28
8577,2021-05-28 09:30:00.0000000,53.32000,53.34190,53.15000,53.31000,95708,46089487816,0.470,29
8578,2021-05-28 09:31:00.0000000,53.28500,53.32000,53.19000,53.32000,13327,46059234158,0.470,29
8579,2021-05-28 09:32:00.0000000,53.26500,53.39000,53.23000,53.26540,9880,46041945882,0.470,29
8580,2021-05-28 09:33:00.0000000,53.40000,53.40000,53.19000,53.24000,12052,46158640919,0.470,29
8581,2021-05-28 09:34:00.0000000,53.61000,53.61000,53.38000,53.38000,23859,46340162868,0.470,29
8582,2021-05-28 09:35:00.0000000,53.56000,53.63000,53.56000,53.62000,15130,46296943827,0.470,29
8583,2021-05-28 09:36:00.0000000,53.44000,53.55000,53.44000,53.55000,11837,46193214173,0.470,29
8584,2021-05-28 09:37:00.0000000,53.49000,53.50000,53.43000,53.43000,8496,46236436511,0.470,29
8585,2021-05-28 09:38:00.0000000,53.47000,53.50000,53.46000,53.47000,9154,46219148235,0.470,29
8586,2021-05-28 09:39:00.0000000,53.48000,53.50000,53.48000,53.49000,19051,46227790724,0.470,29
8587,2021-05-28 09:40:00.0000000,53.49000,53.50000,53.40000,53.49000,13470,46236436511,0.470,29
8588,2021-05-28 09:41:00.0000000,53.67000,53.71000,53.47000,53.48500,56895,46392024397,0.470,29
8589,2021-05-28 09:42:00.0000000,53.61010,53.71000,53.61000,53.69000,27460,46340248600,0.470,29
8590,2021-05-28 09:43:00.0000000,53.55000,53.63000,53.52740,53.61000,13943,46288298041,0.470,29
8591,2021-05-28 09:44:00.0000000,53.40000,53.54000,53.39000,53.54000,31425,46158640919,0.470,29
8592,2021-05-28 09:45:00.0000000,53.42000,53.46000,53.37000,53.38000,4881,46175925897,0.470,29
8593,2021-05-28 09:46:00.0000000,53.42000,53.42000,53.34000,53.39000,7522,46175925897,0.470,29
8594,2021-05-28 09:47:00.0000000,53.42000,53.43000,53.37000,53.41000,5787,46175925897,0.470,29
8595,2021-05-28 09:48:00.0000000,53.35000,53.38000,53.35000,53.38000,7540,46115418581,0.470,29
8596,2021-05-28 09:49:00.0000000,53.32000,53.39000,53.32000,53.35000,19179,46089487816,0.470,29
8597,2021-05-28 09:50:00.0000000,53.28000,53.35000,53.28000,53.31000,14096,46054911265,0.470,29
8598,2021-05-28 09:51:00.0000000,53.25000,53.30000,53.24000,53.27010,11799,46028980500,0.470,29
8599,2021-05-28 09:52:00.0000000,53.28000,53.29000,53.24500,53.25000,12576,46054911265,0.470,29
8600,2021-05-28 09:53:00.0000000,53.33000,53.33000,53.29000,53.29000,7668,46098133603,0.470,29
8601,2021-05-28 09:54:00.0000000,53.35000,53.39000,53.33000,53.34000,9238,46115418581,0.470,29
8602,2021-05-28 09:55:00.0000000,53.32000,53.34000,53.31000,53.33000,10263,46089487816,0.470,29
8603,2021-05-28 09:56:00.0000000,53.37000,53.41000,53.33000,53.33000,14957,46132706857,0.470,29
8604,2021-05-28 09:57:00.0000000,53.40500,53.43000,53.38000,53.38000,12358,46162960515,0.470,29
8605,2021-05-28 09:58:00.0000000,53.28000,53.40000,53.25000,53.40000,14368,46054911265,0.470,29
8606,2021-05-28 09:59:00.0000000,53.38000,53.39000,53.28500,53.29620,6873,46141352643,0.470,29
8607,2021-05-28 10:00:00.0000000,53.32000,53.40000,53.32000,53.38000,7863,46089487816,0.470,29
8608,2021-05-28 10:01:00.0000000,53.26000,53.30000,53.25000,53.28000,7961,46037622989,0.470,29
8609,2021-05-28 10:02:00.0000000,53.30000,53.30000,53.24010,53.27000,20399,46072199541,0.470,29
8610,2021-05-28 10:03:00.0000000,53.28000,53.29000,53.25000,53.29000,8086,46054911265,0.470,29
8611,2021-05-28 10:04:00.0000000,53.24000,53.28000,53.21000,53.28000,6220,46020338011,0.470,29
8612,2021-05-28 10:05:00.0000000,53.19000,53.27500,53.19000,53.24000,6110,45977115673,0.470,29
8613,2021-05-28 10:06:00.0000000,53.14840,53.24000,53.14840,53.21000,10914,45941157510,0.470,29
8614,2021-05-28 10:07:00.0000000,53.15000,53.19360,53.15000,53.16000,7438,45942542419,0.470,29
8615,2021-05-28 10:08:00.0000000,53.11500,53.13000,53.10000,53.13000,8096,45912288761,0.470,29
8616,2021-05-28 10:09:00.0000000,53.07000,53.11000,53.07000,53.11000,5452,45873389316,0.470,29
8617,2021-05-28 10:10:00.0000000,53.14000,53.14000,53.06000,53.07000,18419,45933896632,0.470,29
8618,2021-05-28 10:11:00.0000000,53.07500,53.13000,53.07500,53.13000,3592,45877712209,0.470,29
8619,2021-05-28 10:12:00.0000000,53.06000,53.08500,53.04000,53.08000,8055,45864746827,0.470,29
8620,2021-05-28 10:13:00.0000000,53.04500,53.08000,53.02000,53.05000,19233,45851778147,0.470,29
8621,2021-05-28 10:14:00.0000000,53.06000,53.06560,53.03000,53.04000,3642,45864746827,0.470,29
8622,2021-05-28 10:15:00.0000000,53.02240,53.05000,53.02000,53.05000,4421,45832244341,0.470,29
8623,2021-05-28 10:16:00.0000000,53.03000,53.04500,53.01200,53.02000,12237,45838812765,0.470,29
8624,2021-05-28 10:17:00.0000000,52.98000,53.02000,52.97500,53.02000,6799,45795593724,0.470,29
8625,2021-05-28 10:18:00.0000000,52.96000,53.00000,52.96000,52.98000,7315,45778305449,0.470,29
8626,2021-05-28 10:19:00.0000000,52.92000,52.95990,52.90000,52.95990,12024,45743728897,0.470,29
8627,2021-05-28 10:20:00.0000000,52.93000,52.96000,52.92000,52.93000,3126,45752374684,0.470,29
8628,2021-05-28 10:21:00.0000000,52.87500,52.93000,52.86000,52.93000,20917,45704832750,0.470,29
8629,2021-05-28 10:22:00.0000000,52.87000,52.90000,52.85000,52.87000,16062,45700509857,0.470,29
8630,2021-05-28 10:23:00.0000000,52.89080,52.90000,52.86000,52.87000,8026,45718490587,0.470,29
8631,2021-05-28 10:24:00.0000000,52.88000,52.93340,52.88000,52.89000,12094,45709155643,0.470,29
8632,2021-05-28 10:25:00.0000000,52.91000,52.92000,52.89000,52.89000,9536,45735086408,0.470,29
8633,2021-05-28 10:26:00.0000000,52.96000,52.96000,52.91000,52.91000,6053,45778305449,0.470,29
8634,2021-05-28 10:27:00.0000000,53.00000,53.00000,52.95000,52.95880,8321,45812882000,0.470,29
8635,2021-05-28 10:28:00.0000000,52.98500,52.99420,52.96000,52.98000,5917,45799916618,0.470,29
8636,2021-05-28 10:29:00.0000000,52.98470,53.00000,52.97500,52.98000,5163,45799656123,0.470,29
8637,2021-05-28 10:30:00.0000000,52.98000,53.00000,52.97000,52.99000,6657,45795593724,0.470,29
8638,2021-05-28 10:31:00.0000000,53.03000,53.07000,52.98000,52.99000,28446,45838812765,0.470,29
8639,2021-05-28 10:32:00.0000000,53.07000,53.07000,53.03000,53.03000,10496,45873389316,0.470,29
8640,2021-05-28 10:33:00.0000000,53.08000,53.11000,53.07000,53.09000,4583,45882035103,0.470,29
8641,2021-05-28 10:34:00.0000000,53.09500,53.10000,53.08000,53.09000,5559,45895000485,0.470,29
8642,2021-05-28 10:35:00.0000000,53.06000,53.09000,53.05000,53.09000,8622,45864746827,0.470,29
8643,2021-05-28 10:36:00.0000000,53.06000,53.06000,53.03000,53.06000,6448,45864746827,0.470,29
8644,2021-05-28 10:37:00.0000000,53.07000,53.07000,53.04230,53.05000,3058,45873389316,0.470,29
8645,2021-05-28 10:38:00.0000000,53.03000,53.06000,53.02010,53.06000,8767,45838812765,0.470,29
8646,2021-05-28 10:39:00.0000000,53.00000,53.04000,52.99500,53.04000,7701,45812882000,0.470,29
8647,2021-05-28 10:40:00.0000000,53.02000,53.02000,52.99000,52.99500,13397,45830170276,0.470,29
8648,2021-05-28 10:41:00.0000000,52.98500,53.01500,52.97000,53.01500,12389,45799916618,0.470,29
8649,2021-05-28 10:42:00.0000000,53.00830,53.01000,52.98000,52.98000,10705,45820057146,0.470,29
8650,2021-05-28 10:43:00.0000000,53.08000,53.08000,53.01000,53.01000,8655,45882035103,0.470,29
8651,2021-05-28 10:44:00.0000000,53.08000,53.09500,53.06000,53.08500,6447,45882035103,0.470,29
8652,2021-05-28 10:45:00.0000000,53.07000,53.09500,53.06000,53.08500,6135,45873389316,0.470,29
8653,2021-05-28 10:46:00.0000000,53.06000,53.08000,53.06000,53.07000,4486,45864746827,0.470,29
8654,2021-05-28 10:47:00.0000000,53.03000,53.08000,53.03000,53.04500,5535,45838812765,0.470,29
8655,2021-05-28 10:48:00.0000000,53.05500,53.06000,53.03000,53.04000,6817,45860423934,0.470,29
8656,2021-05-28 10:49:00.0000000,53.02500,53.05000,53.01000,53.04500,10821,45834493169,0.470,29
8657,2021-05-28 10:50:00.0000000,53.02000,53.03000,52.99500,53.02500,3918,45830170276,0.470,29
8658,2021-05-28 10:51:00.0000000,53.02610,53.04000,53.01500,53.02500,3739,45835442821,0.470,29
8659,2021-05-28 10:52:00.0000000,53.00000,53.02000,53.00000,53.02000,3333,45812882000,0.470,29
8660,2021-05-28 10:53:00.0000000,53.00000,53.00000,52.97490,52.99500,3740,45812882000,0.470,29
8661,2021-05-28 10:54:00.0000000,53.00000,53.01000,53.00000,53.01000,1697,45812882000,0.470,29
8662,2021-05-28 10:55:00.0000000,52.98000,53.00000,52.98000,52.99000,5413,45795593724,0.470,29
8663,2021-05-28 10:56:00.0000000,52.96000,52.98000,52.94000,52.98000,8020,45778305449,0.470,29
8664,2021-05-28 10:57:00.0000000,52.98000,52.98750,52.96170,52.96500,5691,45795593724,0.470,29
8665,2021-05-28 10:58:00.0000000,52.98000,52.98000,52.94000,52.97000,4171,45795593724,0.470,29
8666,2021-05-28 10:59:00.0000000,52.95500,52.97500,52.94080,52.97500,5230,45773985853,0.470,29
8667,2021-05-28 11:00:00.0000000,52.95500,52.95500,52.93000,52.94000,5413,45773985853,0.470,29
8668,2021-05-28 11:01:00.0000000,52.97000,52.97000,52.95000,52.96000,5947,45786951235,0.470,29
8669,2021-05-28 11:02:00.0000000,52.96500,52.99000,52.96500,52.97500,10932,45782628342,0.470,29
8670,2021-05-28 11:03:00.0000000,52.97620,52.97620,52.96000,52.96500,5849,45792309512,0.470,29
8671,2021-05-28 11:04:00.0000000,52.99000,53.01000,52.96500,52.97000,6640,45804239511,0.470,29
8672,2021-05-28 11:05:00.0000000,53.01000,53.01000,52.99000,53.01000,3436,45821524489,0.470,29
8673,2021-05-28 11:06:00.0000000,53.00500,53.01000,53.00000,53.00500,4402,45817204893,0.470,29
8674,2021-05-28 11:07:00.0000000,52.97500,53.00000,52.97000,53.00000,6719,45791270831,0.470,29
8675,2021-05-28 11:08:00.0000000,52.98000,52.98000,52.95000,52.97500,8000,45795593724,0.470,29
8676,2021-05-28 11:09:00.0000000,52.96500,52.97500,52.96000,52.97000,3828,45782628342,0.470,29
8677,2021-05-28 11:10:00.0000000,52.97000,52.98500,52.96500,52.96500,3707,45786951235,0.470,29
8678,2021-05-28 11:11:00.0000000,52.99500,52.99500,52.96500,52.96500,4016,45808559107,0.470,29
8679,2021-05-28 11:12:00.0000000,52.99000,53.00500,52.98500,53.00000,4330,45804239511,0.470,29
8680,2021-05-28 11:13:00.0000000,53.01480,53.01500,52.98000,52.98000,3899,45825675918,0.470,29
8681,2021-05-28 11:14:00.0000000,53.01410,53.02000,52.99000,53.01500,7035,45825069196,0.470,29
8682,2021-05-28 11:15:00.0000000,53.03800,53.04000,53.01190,53.01190,2329,45845727416,0.470,29
8683,2021-05-28 11:16:00.0000000,53.05000,53.05500,53.01500,53.03790,5729,45856101041,0.470,29
8684,2021-05-28 11:17:00.0000000,53.04000,53.09000,53.04000,53.04000,10729,45847458551,0.470,29
8685,2021-05-28 11:18:00.0000000,53.04000,53.04000,53.03000,53.04000,4352,45847458551,0.470,29
8686,2021-05-28 11:19:00.0000000,53.07000,53.08000,53.05000,53.05000,5708,45873389316,0.470,29
8687,2021-05-28 11:20:00.0000000,53.06000,53.08000,53.05000,53.08000,3394,45864746827,0.470,29
8688,2021-05-28 11:21:00.0000000,53.06000,53.08000,53.05500,53.06000,6343,45864746827,0.470,29
8689,2021-05-28 11:22:00.0000000,53.05000,53.06500,53.04000,53.06000,4430,45856101041,0.470,29
8690,2021-05-28 11:23:00.0000000,53.05000,53.07000,53.04500,53.05000,2942,45856101041,0.470,29
8691,2021-05-28 11:24:00.0000000,53.07500,53.07500,53.05500,53.05500,3238,45877712209,0.470,29
8692,2021-05-28 11:25:00.0000000,53.07000,53.08000,53.06000,53.07000,3675,45873389316,0.470,29
8693,2021-05-28 11:26:00.0000000,53.06500,53.09000,53.06000,53.07000,17312,45869066423,0.470,29
8694,2021-05-28 11:27:00.0000000,53.08000,53.09000,53.06500,53.06500,5152,45882035103,0.470,29
8695,2021-05-28 11:28:00.0000000,53.07000,53.08500,53.07000,53.08000,5774,45873389316,0.470,29
8696,2021-05-28 11:29:00.0000000,53.07000,53.07000,53.06000,53.06000,2989,45873389316,0.470,29
8697,2021-05-28 11:30:00.0000000,53.07000,53.08500,53.05000,53.08000,7247,45873389316,0.470,29
8698,2021-05-28 11:31:00.0000000,53.05000,53.06000,53.03000,53.06000,6136,45856101041,0.470,29
8699,2021-05-28 11:32:00.0000000,53.07000,53.07000,53.06000,53.06000,2644,45873389316,0.470,29
8700,2021-05-28 11:33:00.0000000,53.08500,53.08500,53.07000,53.07000,2482,45886354699,0.470,29
8701,2021-05-28 11:34:00.0000000,53.06000,53.08000,53.06000,53.08000,3956,45864746827,0.470,29
8702,2021-05-28 11:35:00.0000000,53.08500,53.08500,53.06000,53.07000,2498,45886354699,0.470,29
8703,2021-05-28 11:36:00.0000000,53.09000,53.09000,53.08000,53.08500,4047,45890677592,0.470,29
8704,2021-05-28 11:37:00.0000000,53.07000,53.09000,53.07000,53.09000,3088,45873389316,0.470,29
8705,2021-05-28 11:38:00.0000000,53.06500,53.09000,53.05500,53.07500,6122,45869066423,0.470,29
8706,2021-05-28 11:39:00.0000000,53.07000,53.07000,53.06000,53.06000,1572,45873389316,0.470,29
8707,2021-05-28 11:40:00.0000000,53.09000,53.10000,53.08000,53.08000,18305,45890677592,0.470,29
8708,2021-05-28 11:41:00.0000000,53.12000,53.13500,53.09000,53.10000,12807,45916608357,0.470,29
8709,2021-05-28 11:42:00.0000000,53.13000,53.13000,53.12000,53.12000,961,45925254143,0.470,29
8710,2021-05-28 11:43:00.0000000,53.11000,53.12000,53.11000,53.12000,3806,45907965868,0.470,29
8711,2021-05-28 11:44:00.0000000,53.12570,53.13000,53.12000,53.12000,3139,45921537972,0.470,29
8712,2021-05-28 11:45:00.0000000,53.11000,53.12500,53.10500,53.12500,4644,45907965868,0.470,29
8713,2021-05-28 11:46:00.0000000,53.10000,53.13000,53.10000,53.11000,8665,45899320081,0.470,29
8714,2021-05-28 11:47:00.0000000,53.08000,53.11500,53.08000,53.11000,13822,45882035103,0.470,29
8715,2021-05-28 11:48:00.0000000,53.06000,53.09000,53.06000,53.09000,5962,45864746827,0.470,29
8716,2021-05-28 11:49:00.0000000,53.02010,53.05000,53.02000,53.05000,3662,45830256008,0.470,29
8717,2021-05-28 11:50:00.0000000,53.02000,53.04500,53.01500,53.02000,7156,45830170276,0.470,29
8718,2021-05-28 11:51:00.0000000,53.02000,53.03860,53.00500,53.02000,5783,45830170276,0.470,29
8719,2021-05-28 11:52:00.0000000,53.02000,53.02750,53.01000,53.02750,2765,45830170276,0.470,29
8720,2021-05-28 11:53:00.0000000,53.02500,53.03000,52.99000,53.02000,7852,45834493169,0.470,29
8721,2021-05-28 11:54:00.0000000,53.03000,53.05000,53.02000,53.02860,2996,45838812765,0.470,29
8722,2021-05-28 11:55:00.0000000,53.03000,53.05000,53.03000,53.03000,9896,45838812765,0.470,29
8723,2021-05-28 11:56:00.0000000,53.05000,53.05000,53.02000,53.02000,4902,45856101041,0.470,29
8724,2021-05-28 11:57:00.0000000,53.01000,53.04000,53.00000,53.04000,3109,45821524489,0.470,29
8725,2021-05-28 11:58:00.0000000,53.02000,53.03500,53.00500,53.01000,4340,45830170276,0.470,29
8726,2021-05-28 11:59:00.0000000,53.00500,53.02000,53.00000,53.02000,2800,45817204893,0.470,29
8727,2021-05-28 12:00:00.0000000,52.99000,52.99000,52.98000,52.99000,7725,45804239511,0.470,29
8728,2021-05-28 12:01:00.0000000,53.03000,53.03000,52.99000,52.99000,3417,45838812765,0.470,29
8729,2021-05-28 12:02:00.0000000,53.09000,53.09000,53.02500,53.02500,5252,45890677592,0.470,29
8730,2021-05-28 12:03:00.0000000,53.10500,53.10510,53.09300,53.09500,6168,45903642974,0.470,29
8731,2021-05-28 12:04:00.0000000,53.10000,53.10000,53.06000,53.09000,4895,45899320081,0.470,29
8732,2021-05-28 12:05:00.0000000,53.09000,53.10000,53.09000,53.10000,2224,45890677592,0.470,29
8733,2021-05-28 12:06:00.0000000,53.08000,53.09000,53.08000,53.08000,1717,45882035103,0.470,29
8734,2021-05-28 12:07:00.0000000,53.09000,53.09000,53.07500,53.08500,5721,45890677592,0.470,29
8735,2021-05-28 12:08:00.0000000,53.07000,53.11000,53.06500,53.08500,14171,45873389316,0.470,29
8736,2021-05-28 12:09:00.0000000,53.04500,53.06500,53.04000,53.06500,5110,45851778147,0.470,29
8737,2021-05-28 12:10:00.0000000,53.07000,53.08000,53.06000,53.06000,4550,45873389316,0.470,29
8738,2021-05-28 12:11:00.0000000,53.07000,53.08000,53.07000,53.08000,1031,45873389316,0.470,29
8739,2021-05-28 12:12:00.0000000,53.05330,53.07000,53.05000,53.07000,3820,45858953293,0.470,29
8740,2021-05-28 12:13:00.0000000,53.05050,53.05500,53.02500,53.05500,3921,45856533000,0.470,29
8741,2021-05-28 12:14:00.0000000,53.06010,53.06500,53.05000,53.05000,3090,45864832560,0.470,29
8742,2021-05-28 12:15:00.0000000,53.07000,53.07000,53.06420,53.07000,3207,45873389316,0.470,29
8743,2021-05-28 12:16:00.0000000,53.06000,53.08000,53.06000,53.07230,6660,45864746827,0.470,29
8744,2021-05-28 12:17:00.0000000,53.07990,53.07990,53.06000,53.07000,4825,45881946073,0.470,29
8745,2021-05-28 12:18:00.0000000,53.08310,53.11500,53.06400,53.07000,8954,45884712593,0.470,29
8746,2021-05-28 12:19:00.0000000,53.10000,53.10500,53.08000,53.08000,2867,45899320081,0.470,29
8747,2021-05-28 12:20:00.0000000,53.10000,53.11500,53.10000,53.11000,3483,45899320081,0.470,29
8748,2021-05-28 12:21:00.0000000,53.09000,53.09500,53.08000,53.08000,3292,45890677592,0.470,29
8749,2021-05-28 12:22:00.0000000,53.10000,53.10000,53.09250,53.09250,1612,45899320081,0.470,29
8750,2021-05-28 12:23:00.0000000,53.11000,53.11630,53.11000,53.11000,2083,45907965868,0.470,29
8751,2021-05-28 12:24:00.0000000,53.09000,53.11000,53.09000,53.11000,1667,45890677592,0.470,29
8752,2021-05-28 12:25:00.0000000,53.09500,53.10000,53.08500,53.08500,3928,45895000485,0.470,29
8753,2021-05-28 12:26:00.0000000,53.10000,53.11000,53.08500,53.08500,7751,45899320081,0.470,29
8754,2021-05-28 12:27:00.0000000,53.10000,53.11500,53.10000,53.10500,7929,45899320081,0.470,29
8755,2021-05-28 12:28:00.0000000,53.09000,53.12000,53.09000,53.10000,11164,45890677592,0.470,29
8756,2021-05-28 12:29:00.0000000,53.09000,53.10000,53.08000,53.09000,12910,45890677592,0.470,29
8757,2021-05-28 12:30:00.0000000,53.05000,53.08000,53.05000,53.08000,4659,45856101041,0.470,29
8758,2021-05-28 12:31:00.0000000,53.05000,53.06000,53.05000,53.06000,5438,45856101041,0.470,29
8759,2021-05-28 12:32:00.0000000,53.06000,53.06000,53.05500,53.05500,1829,45864746827,0.470,29
8760,2021-05-28 12:33:00.0000000,53.05500,53.06000,53.05000,53.05500,16718,45860423934,0.470,29
8761,2021-05-28 12:34:00.0000000,53.05000,53.06000,53.05000,53.06000,1815,45856101041,0.470,29
8762,2021-05-28 12:35:00.0000000,53.03500,53.07000,53.03500,53.05500,3467,45843135658,0.470,29
8763,2021-05-28 12:36:00.0000000,53.03000,53.03740,53.02500,53.03740,3234,45838812765,0.470,29
8764,2021-05-28 12:37:00.0000000,53.01500,53.03000,53.01500,53.03000,5313,45825847382,0.470,29
8765,2021-05-28 12:38:00.0000000,53.01000,53.03000,53.01000,53.02000,3724,45821524489,0.470,29
8766,2021-05-28 12:39:00.0000000,53.02000,53.02500,53.01000,53.01000,4160,45830170276,0.470,29
8767,2021-05-28 12:40:00.0000000,53.00000,53.02000,53.00000,53.02000,2663,45812882000,0.470,29
8768,2021-05-28 12:41:00.0000000,53.01500,53.01500,53.00500,53.00500,2478,45825847382,0.470,29
8769,2021-05-28 12:43:00.0000000,53.02000,53.02500,53.01000,53.01000,2082,45830170276,0.470,29
8770,2021-05-28 12:44:00.0000000,53.02990,53.02990,53.01500,53.02000,3131,45838727032,0.470,29
8771,2021-05-28 12:45:00.0000000,53.01500,53.02500,53.01000,53.02000,3365,45825847382,0.470,29
8772,2021-05-28 12:46:00.0000000,53.01500,53.03500,53.01500,53.02000,10173,45825847382,0.470,29
8773,2021-05-28 12:47:00.0000000,53.01000,53.01000,53.00500,53.01000,1512,45821524489,0.470,29
8774,2021-05-28 12:48:00.0000000,52.96000,53.01700,52.96000,53.01500,14397,45778305449,0.470,29
8775,2021-05-28 12:49:00.0000000,52.97000,52.97500,52.96000,52.96000,2323,45786951235,0.470,29
8776,2021-05-28 12:50:00.0000000,52.96000,52.97500,52.95500,52.96500,2451,45778305449,0.470,29
8777,2021-05-28 12:51:00.0000000,52.95000,52.96000,52.95000,52.96000,3718,45769662959,0.470,29
8778,2021-05-28 12:52:00.0000000,52.96510,52.96510,52.96000,52.96000,855,45782714074,0.470,29
8779,2021-05-28 12:53:00.0000000,52.97000,52.97000,52.96000,52.96500,3318,45786951235,0.470,29
8780,2021-05-28 12:54:00.0000000,52.96000,52.97000,52.95000,52.97000,2888,45778305449,0.470,29
8781,2021-05-28 12:55:00.0000000,52.94500,52.96000,52.94500,52.96000,3327,45765340066,0.470,29
8782,2021-05-28 12:56:00.0000000,52.93000,52.94500,52.93000,52.94500,5448,45752374684,0.470,29
8783,2021-05-28 12:57:00.0000000,52.90000,52.93000,52.89000,52.93000,29082,45726443919,0.470,29
8784,2021-05-28 12:58:00.0000000,52.95000,52.95000,52.89000,52.89500,7157,45769662959,0.470,29
8785,2021-05-28 12:59:00.0000000,52.95000,52.96000,52.94000,52.94000,2505,45769662959,0.470,29
8786,2021-05-28 13:00:00.0000000,52.98000,52.98000,52.96000,52.96000,6506,45795593724,0.470,29
8787,2021-05-28 13:01:00.0000000,52.95000,52.99000,52.95000,52.99000,7696,45769662959,0.470,29
8788,2021-05-28 13:02:00.0000000,52.95000,52.95180,52.95000,52.95180,1258,45769662959,0.470,29
8789,2021-05-28 13:03:00.0000000,52.94000,52.95000,52.94000,52.95000,3072,45761017173,0.470,29
8790,2021-05-28 13:04:00.0000000,52.93000,52.94000,52.93000,52.94000,2270,45752374684,0.470,29
8791,2021-05-28 13:05:00.0000000,52.95000,52.95000,52.93000,52.93000,4794,45769662959,0.470,29
8792,2021-05-28 13:06:00.0000000,52.92000,52.95500,52.92000,52.94000,4684,45743728897,0.470,29
8793,2021-05-28 13:07:00.0000000,52.92000,52.92000,52.91000,52.92000,933,45743728897,0.470,29
8794,2021-05-28 13:08:00.0000000,52.90500,52.92750,52.90000,52.92750,6085,45730763515,0.470,29
8795,2021-05-28 13:09:00.0000000,52.92000,52.92500,52.91000,52.91000,2422,45743728897,0.470,29
8796,2021-05-28 13:10:00.0000000,52.93500,52.94000,52.93000,52.93000,1973,45756697577,0.470,29
8797,2021-05-28 13:11:00.0000000,52.93000,52.93000,52.92500,52.92500,2840,45752374684,0.470,29
8798,2021-05-28 13:12:00.0000000,52.91500,52.93000,52.91500,52.93000,5084,45739409301,0.470,29
8799,2021-05-28 13:13:00.0000000,52.91500,52.91800,52.90500,52.90500,2438,45739409301,0.470,29
8800,2021-05-28 13:14:00.0000000,52.91500,52.91500,52.90500,52.91000,3404,45739409301,0.470,29
8801,2021-05-28 13:15:00.0000000,52.90500,52.91000,52.89000,52.91000,14469,45730763515,0.470,29
8802,2021-05-28 13:16:00.0000000,52.94000,52.94000,52.90000,52.90000,7846,45761017173,0.470,29
8803,2021-05-28 13:17:00.0000000,52.92000,52.93500,52.92000,52.93500,7843,45743728897,0.470,29
8804,2021-05-28 13:18:00.0000000,52.88000,52.91500,52.88000,52.91500,15942,45709155643,0.470,29
8805,2021-05-28 13:19:00.0000000,52.89000,52.90000,52.87990,52.87990,4346,45717798132,0.470,29
8806,2021-05-28 13:20:00.0000000,52.93000,52.93000,52.89190,52.89190,3743,45752374684,0.470,29
8807,2021-05-28 13:21:00.0000000,52.94500,52.96000,52.92000,52.92000,7214,45765340066,0.470,29
8808,2021-05-28 13:22:00.0000000,52.94660,52.94660,52.92000,52.93000,9044,45766724975,0.470,29
8809,2021-05-28 13:23:00.0000000,52.92000,52.94500,52.92000,52.94500,5167,45743728897,0.470,29
8810,2021-05-28 13:24:00.0000000,52.94000,52.94000,52.91000,52.91500,4786,45761017173,0.470,29
8811,2021-05-28 13:25:00.0000000,52.90000,52.93800,52.89000,52.93000,5924,45726443919,0.470,29
8812,2021-05-28 13:26:00.0000000,52.89500,52.89840,52.89000,52.89500,5481,45722121026,0.470,29
8813,2021-05-28 13:27:00.0000000,52.88500,52.89190,52.88000,52.89190,4550,45713475239,0.470,29
8814,2021-05-28 13:28:00.0000000,52.89000,52.89000,52.88000,52.89000,10902,45717798132,0.470,29
8815,2021-05-28 13:29:00.0000000,52.90000,52.90500,52.89500,52.90000,4521,45726443919,0.470,29
8816,2021-05-28 13:30:00.0000000,52.88000,52.90000,52.85500,52.90000,6495,45709155643,0.470,29
8817,2021-05-28 13:31:00.0000000,52.88400,52.89000,52.88260,52.88500,3167,45712611320,0.470,29
8818,2021-05-28 13:32:00.0000000,52.88500,52.89990,52.88130,52.88500,6420,45713475239,0.470,29
8819,2021-05-28 13:33:00.0000000,52.86000,52.88500,52.85700,52.88000,5943,45691867368,0.470,29
8820,2021-05-28 13:34:00.0000000,52.85000,52.86000,52.85000,52.86000,3490,45683221581,0.470,29
8821,2021-05-28 13:35:00.0000000,52.89000,52.89000,52.86000,52.86000,1822,45717798132,0.470,29
8822,2021-05-28 13:36:00.0000000,52.88000,52.89000,52.87000,52.88000,4367,45709155643,0.470,29
8823,2021-05-28 13:37:00.0000000,52.91000,52.91000,52.89000,52.89000,3241,45735086408,0.470,29
8824,2021-05-28 13:38:00.0000000,52.91010,52.91710,52.90030,52.90700,1991,45735172141,0.470,29
8825,2021-05-28 13:39:00.0000000,52.92000,52.92500,52.91000,52.91000,2451,45743728897,0.470,29
8826,2021-05-28 13:40:00.0000000,52.92000,52.92500,52.88000,52.92000,13442,45743728897,0.470,29
8827,2021-05-28 13:41:00.0000000,52.94000,52.94000,52.90500,52.92000,4509,45761017173,0.470,29
8828,2021-05-28 13:42:00.0000000,52.95500,52.96000,52.94000,52.94000,1465,45773985853,0.470,29
8829,2021-05-28 13:43:00.0000000,52.95000,52.96500,52.94500,52.95000,3949,45769662959,0.470,29
8830,2021-05-28 13:44:00.0000000,52.97000,52.98000,52.96000,52.96000,2887,45786951235,0.470,29
8831,2021-05-28 13:45:00.0000000,52.97000,52.98000,52.96000,52.98000,7656,45786951235,0.470,29
8832,2021-05-28 13:46:00.0000000,52.97000,52.97500,52.96500,52.97000,1594,45786951235,0.470,29
8833,2021-05-28 13:47:00.0000000,52.96000,52.98000,52.95500,52.96000,5095,45778305449,0.470,29
8834,2021-05-28 13:48:00.0000000,52.96000,52.96550,52.96000,52.96500,3293,45778305449,0.470,29
8835,2021-05-28 13:49:00.0000000,52.98000,52.98500,52.96500,52.96500,7273,45795593724,0.470,29
8836,2021-05-28 13:50:00.0000000,52.96000,52.97000,52.96000,52.97000,1410,45778305449,0.470,29
8837,2021-05-28 13:51:00.0000000,52.96000,52.96000,52.94500,52.96000,4549,45778305449,0.470,29
8838,2021-05-28 13:52:00.0000000,52.96000,52.98000,52.96000,52.96500,3761,45778305449,0.470,29
8839,2021-05-28 13:53:00.0000000,52.94500,52.96000,52.94000,52.96000,3955,45765340066,0.470,29
8840,2021-05-28 13:54:00.0000000,52.94000,52.94500,52.92000,52.94000,4566,45761017173,0.470,29
8841,2021-05-28 13:55:00.0000000,52.95500,52.95500,52.93440,52.93500,5555,45773985853,0.470,29
8842,2021-05-28 13:56:00.0000000,52.93180,52.95790,52.93180,52.95790,3338,45753931057,0.470,29
8843,2021-05-28 13:57:00.0000000,52.94000,52.94500,52.93000,52.93500,3205,45761017173,0.470,29
8844,2021-05-28 13:58:00.0000000,52.93500,52.95500,52.93500,52.94000,5579,45756697577,0.470,29
8845,2021-05-28 13:59:00.0000000,52.95500,52.95500,52.93000,52.93000,4076,45773985853,0.470,29
8846,2021-05-28 14:00:00.0000000,52.95000,52.96000,52.94000,52.96000,3622,45769662959,0.470,29
8847,2021-05-28 14:01:00.0000000,52.95000,52.95500,52.94000,52.95500,1099,45769662959,0.470,29
8848,2021-05-28 14:02:00.0000000,52.93000,52.94500,52.93000,52.94500,3525,45752374684,0.470,29
8849,2021-05-28 14:03:00.0000000,52.93000,52.94000,52.91500,52.94000,8329,45752374684,0.470,29
8850,2021-05-28 14:04:00.0000000,52.94000,52.94000,52.93000,52.93000,2644,45761017173,0.470,29
8851,2021-05-28 14:05:00.0000000,52.93500,52.94000,52.93500,52.94000,1299,45756697577,0.470,29
8852,2021-05-28 14:06:00.0000000,52.92000,52.94000,52.92000,52.94000,4529,45743728897,0.470,29
8853,2021-05-28 14:07:00.0000000,52.92000,52.92500,52.91500,52.92200,1884,45743728897,0.470,29
8854,2021-05-28 14:08:00.0000000,52.94500,52.95000,52.92000,52.93000,4877,45765340066,0.470,29
8855,2021-05-28 14:09:00.0000000,52.95000,52.96000,52.94500,52.94500,2165,45769662959,0.470,29
8856,2021-05-28 14:10:00.0000000,52.94000,52.96000,52.94000,52.95000,2922,45761017173,0.470,29
8857,2021-05-28 14:11:00.0000000,52.94250,52.96000,52.93500,52.94000,7394,45763180268,0.470,29
8858,2021-05-28 14:12:00.0000000,52.96000,52.96000,52.94500,52.94500,1889,45778305449,0.470,29
8859,2021-05-28 14:13:00.0000000,52.97000,52.97000,52.94500,52.95000,6379,45786951235,0.470,29
8860,2021-05-28 14:14:00.0000000,52.97000,52.97000,52.96000,52.96000,3042,45786951235,0.470,29
8861,2021-05-28 14:15:00.0000000,52.97500,52.98000,52.96040,52.97000,7495,45791270831,0.470,29
8862,2021-05-28 14:16:00.0000000,52.98000,52.99000,52.97000,52.98000,7378,45795593724,0.470,29
8863,2021-05-28 14:17:00.0000000,53.01000,53.02000,52.97500,52.98000,34106,45821524489,0.470,29
8864,2021-05-28 14:18:00.0000000,53.01000,53.01000,53.00000,53.01000,3006,45821524489,0.470,29
8865,2021-05-28 14:19:00.0000000,53.02500,53.03000,53.01000,53.02000,3376,45834493169,0.470,29
8866,2021-05-28 14:20:00.0000000,53.02000,53.03000,53.01630,53.03000,3895,45830170276,0.470,29
8867,2021-05-28 14:21:00.0000000,53.01150,53.01500,53.00000,53.01500,4404,45822823665,0.470,29
8868,2021-05-28 14:22:00.0000000,53.01000,53.03000,53.01000,53.01000,6061,45821524489,0.470,29
8869,2021-05-28 14:23:00.0000000,53.01000,53.02290,53.01000,53.01000,2136,45821524489,0.470,29
8870,2021-05-28 14:24:00.0000000,53.00000,53.01000,53.00000,53.00500,1931,45812882000,0.470,29
8871,2021-05-28 14:25:00.0000000,53.02000,53.02000,53.00000,53.00000,3994,45830170276,0.470,29
8872,2021-05-28 14:26:00.0000000,53.00000,53.02930,53.00000,53.02930,7972,45812882000,0.470,29
8873,2021-05-28 14:28:00.0000000,52.94000,53.01500,52.94000,53.01000,28626,45761017173,0.470,29
8874,2021-05-28 14:29:00.0000000,52.86000,52.94000,52.86000,52.93500,24022,45691867368,0.470,29
8875,2021-05-28 14:30:00.0000000,52.86000,52.87000,52.85500,52.86000,10198,45691867368,0.470,29
8876,2021-05-28 14:31:00.0000000,52.83000,52.86000,52.82000,52.86000,6778,45665936603,0.470,29
8877,2021-05-28 14:32:00.0000000,52.83650,52.83650,52.82500,52.83000,1617,45671552077,0.470,29
8878,2021-05-28 14:33:00.0000000,52.82500,52.83330,52.82000,52.83000,7225,45661613709,0.470,29
8879,2021-05-28 14:34:00.0000000,52.83000,52.83500,52.82000,52.82500,6010,45665936603,0.470,29
8880,2021-05-28 14:35:00.0000000,52.82500,52.82500,52.82000,52.82000,797,45661613709,0.470,29
8881,2021-05-28 14:36:00.0000000,52.79000,52.83000,52.77500,52.83000,22014,45631360051,0.470,29
8882,2021-05-28 14:37:00.0000000,52.79340,52.81000,52.79000,52.79810,5895,45634298036,0.470,29
8883,2021-05-28 14:38:00.0000000,52.81000,52.81000,52.80000,52.80000,4257,45648648327,0.470,29
8884,2021-05-28 14:39:00.0000000,52.79000,52.80500,52.78000,52.80500,3538,45631360051,0.470,29
8885,2021-05-28 14:40:00.0000000,52.79000,52.79500,52.78500,52.79000,1936,45631360051,0.470,29
8886,2021-05-28 14:41:00.0000000,52.78630,52.79000,52.78000,52.79000,6599,45628161572,0.470,29
8887,2021-05-28 14:42:00.0000000,52.79000,52.79500,52.78500,52.79000,2665,45631360051,0.470,29
8888,2021-05-28 14:43:00.0000000,52.75500,52.78500,52.74000,52.78230,15806,45601106393,0.470,29
8889,2021-05-28 14:44:00.0000000,52.75000,52.75500,52.74000,52.75000,4402,45596783500,0.470,29
8890,2021-05-28 14:45:00.0000000,52.74500,52.75000,52.74000,52.74000,2419,45592460607,0.470,29
8891,2021-05-28 14:46:00.0000000,52.73500,52.74000,52.73000,52.74000,3092,45583818118,0.470,29
8892,2021-05-28 14:47:00.0000000,52.71000,52.73500,52.71000,52.73500,15221,45562206949,0.470,29
8893,2021-05-28 14:48:00.0000000,52.67000,52.70000,52.67000,52.70000,16166,45527630397,0.470,29
8894,2021-05-28 14:49:00.0000000,52.66000,52.67610,52.66000,52.66000,7102,45518987908,0.470,29
8895,2021-05-28 14:50:00.0000000,52.64500,52.67500,52.64000,52.66170,10124,45506022526,0.470,29
8896,2021-05-28 14:51:00.0000000,52.65500,52.67000,52.64000,52.64000,11054,45514665015,0.470,29
8897,2021-05-28 14:52:00.0000000,52.67500,52.69000,52.65000,52.65000,9788,45531953291,0.470,29
8898,2021-05-28 14:53:00.0000000,52.70500,52.71000,52.67500,52.67500,5252,45557887353,0.470,29
8899,2021-05-28 14:54:00.0000000,52.71500,52.71500,52.69000,52.70000,9194,45566529842,0.470,29
8900,2021-05-28 14:55:00.0000000,52.70500,52.71780,52.69500,52.71500,7282,45557887353,0.470,29
8901,2021-05-28 14:56:00.0000000,52.68000,52.70690,52.67000,52.70260,17331,45536276184,0.470,29
8902,2021-05-28 14:57:00.0000000,52.68000,52.68500,52.66000,52.68000,5290,45536276184,0.470,29
8903,2021-05-28 14:58:00.0000000,52.70500,52.72070,52.69000,52.69000,6088,45557887353,0.470,29
8904,2021-05-28 14:59:00.0000000,52.69000,52.70500,52.66000,52.70500,26460,45544918673,0.470,29
8905,2021-05-28 15:00:00.0000000,52.71500,52.71500,52.68000,52.68000,6031,45566529842,0.470,29
8906,2021-05-28 09:30:00.0000000,141.96001,142.07001,141.71001,141.92999,130721,399402000000,0.460,30
8907,2021-05-28 09:31:00.0000000,142.19000,142.24001,141.94000,141.94000,82177,400049000000,0.460,30
8908,2021-05-28 09:32:00.0000000,142.16000,142.20000,142.01500,142.20000,27727,399965000000,0.460,30
8909,2021-05-28 09:33:00.0000000,142.06000,142.39999,142.06000,142.17999,103622,399683000000,0.460,30
8910,2021-05-28 09:34:00.0000000,141.91319,142.10001,141.78000,142.02000,19545,399270000000,0.460,30
8911,2021-05-28 09:35:00.0000000,141.78000,141.99500,141.64999,141.94000,32690,398895000000,0.460,30
8912,2021-05-28 09:36:00.0000000,141.83000,141.85001,141.67000,141.78999,30389,399036000000,0.460,30
8913,2021-05-28 09:37:00.0000000,141.69000,141.92000,141.64000,141.82001,19123,398642000000,0.460,30
8914,2021-05-28 09:38:00.0000000,141.74001,141.81030,141.67000,141.71001,10352,398783000000,0.460,30
8915,2021-05-28 09:39:00.0000000,141.84000,141.89999,141.78999,141.87939,26341,399064000000,0.460,30
8916,2021-05-28 09:40:00.0000000,141.89000,142.01849,141.83000,141.87000,25808,399205000000,0.460,30
8917,2021-05-28 09:41:00.0000000,141.99741,142.20000,141.88000,141.88850,23344,399507000000,0.460,30
8918,2021-05-28 09:42:00.0000000,142.06000,142.16000,142.00000,142.00000,12331,399683000000,0.460,30
8919,2021-05-28 09:43:00.0000000,142.10001,142.10001,141.94000,142.05499,11590,399796000000,0.460,30
8920,2021-05-28 09:44:00.0000000,142.12000,142.17999,142.03000,142.07001,14766,399852000000,0.460,30
8921,2021-05-28 09:45:00.0000000,142.13000,142.19000,142.04601,142.12500,14732,399880000000,0.460,30
8922,2021-05-28 09:46:00.0000000,142.08000,142.19000,142.08000,142.13499,11223,399740000000,0.460,30
8923,2021-05-28 09:47:00.0000000,142.20000,142.21001,142.06500,142.06500,28325,400077000000,0.460,30
8924,2021-05-28 09:48:00.0000000,141.97000,142.20000,141.97000,142.19000,13851,399430000000,0.460,30
8925,2021-05-28 09:49:00.0000000,142.08000,142.20000,141.96001,141.96001,22956,399740000000,0.460,30
8926,2021-05-28 09:50:00.0000000,141.89000,142.08000,141.85001,142.08000,26085,399205000000,0.460,30
8927,2021-05-28 09:51:00.0000000,142.08000,142.10001,141.89000,141.89000,29368,399740000000,0.460,30
8928,2021-05-28 09:52:00.0000000,142.12000,142.17000,142.03999,142.10001,24033,399852000000,0.460,30
8929,2021-05-28 09:53:00.0000000,142.22501,142.24001,142.11501,142.12000,13016,400147000000,0.460,30
8930,2021-05-28 09:54:00.0000000,142.11000,142.24001,142.10010,142.21001,18781,399824000000,0.460,30
8931,2021-05-28 09:55:00.0000000,142.13499,142.17000,142.08260,142.10001,99658,399894000000,0.460,30
8932,2021-05-28 09:56:00.0000000,142.00000,142.15500,142.00000,142.14999,17152,399514000000,0.460,30
8933,2021-05-28 09:57:00.0000000,142.06000,142.06000,141.95000,141.99500,8726,399683000000,0.460,30
8934,2021-05-28 09:58:00.0000000,142.08000,142.10001,142.00999,142.05000,21820,399740000000,0.460,30
8935,2021-05-28 09:59:00.0000000,141.97000,142.09000,141.97000,142.08000,15576,399430000000,0.460,30
8936,2021-05-28 10:00:00.0000000,141.85001,141.98000,141.85001,141.96001,14315,399092000000,0.460,30
8937,2021-05-28 10:01:00.0000000,141.77000,141.94000,141.77000,141.85001,20180,398867000000,0.460,30
8938,2021-05-28 10:02:00.0000000,141.84650,141.88000,141.77000,141.78999,44465,399083000000,0.460,30
8939,2021-05-28 10:03:00.0000000,141.77000,141.89999,141.75500,141.85001,17438,398867000000,0.460,30
8940,2021-05-28 10:04:00.0000000,141.89999,141.89999,141.75999,141.75999,23695,399233000000,0.460,30
8941,2021-05-28 10:05:00.0000000,141.95000,141.97000,141.88000,141.89999,30676,399374000000,0.460,30
8942,2021-05-28 10:06:00.0000000,141.91000,141.98000,141.86000,141.95000,27620,399261000000,0.460,30
8943,2021-05-28 10:07:00.0000000,142.03000,142.03000,141.91000,141.91000,15404,399599000000,0.460,30
8944,2021-05-28 10:08:00.0000000,142.16000,142.16000,142.02000,142.05000,20406,399965000000,0.460,30
8945,2021-05-28 10:09:00.0000000,141.94501,142.16000,141.94501,142.16000,17416,399360000000,0.460,30
8946,2021-05-28 10:10:00.0000000,141.84000,141.95000,141.83000,141.92999,20375,399064000000,0.460,30
8947,2021-05-28 10:11:00.0000000,141.83501,141.84000,141.77499,141.84000,7592,399050000000,0.460,30
8948,2021-05-28 10:12:00.0000000,141.89999,141.92000,141.77000,141.84000,25290,399233000000,0.460,30
8949,2021-05-28 10:13:00.0000000,141.95000,141.95000,141.89999,141.89999,20572,399374000000,0.460,30
8950,2021-05-28 10:14:00.0000000,141.90500,141.97000,141.87000,141.92999,19760,399247000000,0.460,30
8951,2021-05-28 10:15:00.0000000,141.96001,141.96001,141.87000,141.91000,15602,399402000000,0.460,30
8952,2021-05-28 10:16:00.0000000,141.91000,141.94000,141.85001,141.94000,15268,399261000000,0.460,30
8953,2021-05-28 10:17:00.0000000,141.91000,141.92999,141.88000,141.89999,18461,399261000000,0.460,30
8954,2021-05-28 10:18:00.0000000,142.00999,142.02499,141.91000,141.91000,20747,399543000000,0.460,30
8955,2021-05-28 10:19:00.0000000,142.03999,142.08000,142.00000,142.00999,16187,399627000000,0.460,30
8956,2021-05-28 10:20:00.0000000,141.92999,142.06000,141.92999,142.03000,23185,399317000000,0.460,30
8957,2021-05-28 10:21:00.0000000,141.96001,141.97990,141.87000,141.93990,18069,399402000000,0.460,30
8958,2021-05-28 10:22:00.0000000,141.99001,142.02000,141.95000,141.97000,19581,399486000000,0.460,30
8959,2021-05-28 10:23:00.0000000,142.00999,142.03000,141.95000,141.99001,11201,399543000000,0.460,30
8960,2021-05-28 10:24:00.0000000,141.95000,142.02000,141.91000,142.00999,36270,399374000000,0.460,30
8961,2021-05-28 10:25:00.0000000,141.92500,142.02000,141.88000,141.96001,31943,399303000000,0.460,30
8962,2021-05-28 10:26:00.0000000,142.11011,142.12000,141.92999,141.92999,36571,399824000000,0.460,30
8963,2021-05-28 10:27:00.0000000,142.11000,142.14999,142.06000,142.10001,34456,399824000000,0.460,30
8964,2021-05-28 10:28:00.0000000,142.13000,142.13000,142.06000,142.10500,20986,399880000000,0.460,30
8965,2021-05-28 10:29:00.0000000,142.20000,142.23000,142.12500,142.13000,49871,400077000000,0.460,30
8966,2021-05-28 10:30:00.0000000,142.17999,142.20000,142.10001,142.20000,20920,400021000000,0.460,30
8967,2021-05-28 10:31:00.0000000,142.14191,142.20000,142.13000,142.17000,9746,399914000000,0.460,30
8968,2021-05-28 10:32:00.0000000,142.09000,142.14999,142.09000,142.13499,12775,399768000000,0.460,30
8969,2021-05-28 10:33:00.0000000,142.14000,142.14999,142.07001,142.09000,9731,399908000000,0.460,30
8970,2021-05-28 10:34:00.0000000,142.14999,142.14999,142.09000,142.14110,17255,399936000000,0.460,30
8971,2021-05-28 10:35:00.0000000,142.17999,142.20000,142.14000,142.14999,29888,400021000000,0.460,30
8972,2021-05-28 10:36:00.0000000,142.20000,142.20000,142.17000,142.17500,13555,400077000000,0.460,30
8973,2021-05-28 10:37:00.0000000,142.18671,142.20000,142.17000,142.19000,27449,400040000000,0.460,30
8974,2021-05-28 10:38:00.0000000,142.24001,142.25000,142.19000,142.19000,31974,400190000000,0.460,30
8975,2021-05-28 10:39:00.0000000,142.19000,142.25000,142.19000,142.24001,28414,400049000000,0.460,30
8976,2021-05-28 10:40:00.0000000,142.14101,142.21001,142.14101,142.18500,7815,399911000000,0.460,30
8977,2021-05-28 10:41:00.0000000,142.17999,142.20000,142.12000,142.14999,15842,400021000000,0.460,30
8978,2021-05-28 10:42:00.0000000,142.16000,142.25000,142.16000,142.20000,14776,399965000000,0.460,30
8979,2021-05-28 10:43:00.0000000,142.17999,142.19000,142.14101,142.14999,12198,400021000000,0.460,30
8980,2021-05-28 10:44:00.0000000,142.20171,142.21001,142.14999,142.17999,9350,400082000000,0.460,30
8981,2021-05-28 10:45:00.0000000,142.10001,142.22501,142.10001,142.20000,11299,399796000000,0.460,30
8982,2021-05-28 10:46:00.0000000,142.13000,142.13000,142.09000,142.10500,17686,399880000000,0.460,30
8983,2021-05-28 10:47:00.0000000,142.23000,142.27000,142.12000,142.12000,23593,400162000000,0.460,30
8984,2021-05-28 10:48:00.0000000,142.22000,142.24001,142.15500,142.23000,14907,400133000000,0.460,30
8985,2021-05-28 10:49:00.0000000,142.16000,142.23000,142.13499,142.23000,15390,399965000000,0.460,30
8986,2021-05-28 10:50:00.0000000,142.18730,142.22000,142.16000,142.16431,11030,400041000000,0.460,30
8987,2021-05-28 10:51:00.0000000,142.20500,142.22000,142.17999,142.17999,9092,400091000000,0.460,30
8988,2021-05-28 10:52:00.0000000,142.22031,142.23500,142.19000,142.22501,7158,400134000000,0.460,30
8989,2021-05-28 10:53:00.0000000,142.20000,142.23000,142.16000,142.22501,20106,400077000000,0.460,30
8990,2021-05-28 10:54:00.0000000,142.21001,142.23000,142.20500,142.20500,8331,400105000000,0.460,30
8991,2021-05-28 10:55:00.0000000,142.23100,142.25000,142.21001,142.22000,13162,400164000000,0.460,30
8992,2021-05-28 10:56:00.0000000,142.23500,142.28000,142.22000,142.25000,12893,400176000000,0.460,30
8993,2021-05-28 10:57:00.0000000,142.18500,142.25000,142.17999,142.23500,11838,400035000000,0.460,30
8994,2021-05-28 10:58:00.0000000,142.20500,142.23000,142.18700,142.19000,12042,400091000000,0.460,30
8995,2021-05-28 10:59:00.0000000,142.19501,142.22009,142.16000,142.19501,16513,400063000000,0.460,30
8996,2021-05-28 11:00:00.0000000,142.19000,142.20000,142.15010,142.19501,20451,400049000000,0.460,30
8997,2021-05-28 11:01:00.0000000,142.20000,142.20000,142.17000,142.17999,16513,400077000000,0.460,30
8998,2021-05-28 11:02:00.0000000,142.17000,142.21001,142.17000,142.20000,10529,399993000000,0.460,30
8999,2021-05-28 11:03:00.0000000,142.16000,142.20000,142.16000,142.17000,15861,399965000000,0.460,30
9000,2021-05-28 11:04:00.0000000,142.21010,142.22000,142.16499,142.16499,10659,400106000000,0.460,30
9001,2021-05-28 11:05:00.0000000,142.23500,142.27000,142.22000,142.22000,13725,400176000000,0.460,30
9002,2021-05-28 11:06:00.0000000,142.28000,142.28000,142.23000,142.23140,7183,400302000000,0.460,30
9003,2021-05-28 11:07:00.0000000,142.32500,142.33000,142.26500,142.27200,18686,400429000000,0.460,30
9004,2021-05-28 11:08:00.0000000,142.36000,142.36000,142.33000,142.33000,10890,400527000000,0.460,30
9005,2021-05-28 11:09:00.0000000,142.37500,142.37500,142.35139,142.36000,13499,400569000000,0.460,30
9006,2021-05-28 11:10:00.0000000,142.36000,142.39000,142.36000,142.37500,9723,400527000000,0.460,30
9007,2021-05-28 11:11:00.0000000,142.30000,142.36000,142.28000,142.36000,14873,400358000000,0.460,30
9008,2021-05-28 11:12:00.0000000,142.22000,142.33000,142.21001,142.31000,21261,400133000000,0.460,30
9009,2021-05-28 11:13:00.0000000,142.33000,142.34000,142.21930,142.22000,55848,400443000000,0.460,30
9010,2021-05-28 11:14:00.0000000,142.31000,142.34000,142.28999,142.34000,9581,400387000000,0.460,30
9011,2021-05-28 11:15:00.0000000,142.29739,142.33000,142.25999,142.30000,13723,400351000000,0.460,30
9012,2021-05-28 11:16:00.0000000,142.32500,142.33000,142.29500,142.29500,7264,400429000000,0.460,30
9013,2021-05-28 11:17:00.0000000,142.28000,142.33569,142.28000,142.32500,18348,400302000000,0.460,30
9014,2021-05-28 11:18:00.0000000,142.31180,142.31500,142.25500,142.28000,11085,400392000000,0.460,30
9015,2021-05-28 11:19:00.0000000,142.33000,142.33501,142.31000,142.31500,11464,400443000000,0.460,30
9016,2021-05-28 11:20:00.0000000,142.31500,142.33000,142.28999,142.33000,13997,400401000000,0.460,30
9017,2021-05-28 11:21:00.0000000,142.28999,142.31500,142.28000,142.31500,17016,400330000000,0.460,30
9018,2021-05-28 11:22:00.0000000,142.30000,142.30499,142.27000,142.30000,13480,400358000000,0.460,30
9019,2021-05-28 11:23:00.0000000,142.34000,142.34000,142.30499,142.30499,12062,400471000000,0.460,30
9020,2021-05-28 11:24:00.0000000,142.23500,142.34000,142.23000,142.34000,11618,400176000000,0.460,30
9021,2021-05-28 11:25:00.0000000,142.22501,142.23000,142.20000,142.23000,13086,400147000000,0.460,30
9022,2021-05-28 11:26:00.0000000,142.28999,142.28999,142.23000,142.23000,13683,400330000000,0.460,30
9023,2021-05-28 11:27:00.0000000,142.31000,142.33000,142.27000,142.28999,16399,400387000000,0.460,30
9024,2021-05-28 11:28:00.0000000,142.27000,142.33501,142.27000,142.31000,12993,400274000000,0.460,30
9025,2021-05-28 11:29:00.0000000,142.26500,142.28000,142.23500,142.25999,6697,400260000000,0.460,30
9026,2021-05-28 11:30:00.0000000,142.21001,142.25999,142.19501,142.25999,12531,400105000000,0.460,30
9027,2021-05-28 11:31:00.0000000,142.21001,142.23000,142.17329,142.20500,7513,400105000000,0.460,30
9028,2021-05-28 11:32:00.0000000,142.21001,142.23500,142.21001,142.22000,13262,400105000000,0.460,30
9029,2021-05-28 11:33:00.0000000,142.27000,142.27000,142.20000,142.21001,11773,400274000000,0.460,30
9030,2021-05-28 11:34:00.0000000,142.27000,142.28000,142.25000,142.26500,13997,400274000000,0.460,30
9031,2021-05-28 11:35:00.0000000,142.33000,142.33000,142.27000,142.27000,15308,400443000000,0.460,30
9032,2021-05-28 11:36:00.0000000,142.36501,142.37000,142.32500,142.33501,35894,400541000000,0.460,30
9033,2021-05-28 11:37:00.0000000,142.33501,142.38000,142.33000,142.36000,16266,400457000000,0.460,30
9034,2021-05-28 11:38:00.0000000,142.39771,142.39999,142.34000,142.34000,23208,400633000000,0.460,30
9035,2021-05-28 11:39:00.0000000,142.39500,142.42000,142.39000,142.39000,11217,400626000000,0.460,30
9036,2021-05-28 11:40:00.0000000,142.41180,142.42500,142.39000,142.39999,11597,400673000000,0.460,30
9037,2021-05-28 11:41:00.0000000,142.42500,142.45000,142.41000,142.41000,19297,400710000000,0.460,30
9038,2021-05-28 11:42:00.0000000,142.40500,142.45000,142.39999,142.42999,15979,400654000000,0.460,30
9039,2021-05-28 11:43:00.0000000,142.39000,142.42999,142.38499,142.41000,18823,400612000000,0.460,30
9040,2021-05-28 11:44:00.0000000,142.41000,142.41000,142.39000,142.39500,10882,400668000000,0.460,30
9041,2021-05-28 11:45:00.0000000,142.38499,142.41000,142.38000,142.41000,14649,400598000000,0.460,30
9042,2021-05-28 11:46:00.0000000,142.27000,142.38499,142.24001,142.38499,27078,400274000000,0.460,30
9043,2021-05-28 11:47:00.0000000,142.29500,142.30000,142.27000,142.28000,14266,400344000000,0.460,30
9044,2021-05-28 11:48:00.0000000,142.28500,142.34000,142.28500,142.30000,15753,400316000000,0.460,30
9045,2021-05-28 11:49:00.0000000,142.32001,142.32500,142.26840,142.28999,7630,400415000000,0.460,30
9046,2021-05-28 11:50:00.0000000,142.33000,142.33800,142.31000,142.32001,8033,400443000000,0.460,30
9047,2021-05-28 11:51:00.0000000,142.33501,142.34500,142.32680,142.33501,10739,400457000000,0.460,30
9048,2021-05-28 11:52:00.0000000,142.30000,142.36000,142.30000,142.34000,12429,400358000000,0.460,30
9049,2021-05-28 11:53:00.0000000,142.32001,142.36000,142.28999,142.29010,9202,400415000000,0.460,30
9050,2021-05-28 11:54:00.0000000,142.30499,142.31500,142.30000,142.31500,3136,400373000000,0.460,30
9051,2021-05-28 11:55:00.0000000,142.27000,142.32001,142.27000,142.30000,12969,400274000000,0.460,30
9052,2021-05-28 11:56:00.0000000,142.29500,142.32001,142.25000,142.27000,6934,400344000000,0.460,30
9053,2021-05-28 11:57:00.0000000,142.31500,142.33000,142.28830,142.28999,8343,400401000000,0.460,30
9054,2021-05-28 11:58:00.0000000,142.34000,142.34000,142.31500,142.31500,8744,400471000000,0.460,30
9055,2021-05-28 11:59:00.0000000,142.30499,142.35001,142.28999,142.33000,14643,400373000000,0.460,30
9056,2021-05-28 12:00:00.0000000,142.27000,142.31000,142.27000,142.30000,10760,400274000000,0.460,30
9057,2021-05-28 12:01:00.0000000,142.21001,142.27000,142.21001,142.25999,7842,400105000000,0.460,30
9058,2021-05-28 12:02:00.0000000,142.23000,142.23000,142.19000,142.20500,11623,400162000000,0.460,30
9059,2021-05-28 12:03:00.0000000,142.27000,142.27000,142.22000,142.22501,8298,400274000000,0.460,30
9060,2021-05-28 12:04:00.0000000,142.25999,142.28000,142.25999,142.26500,13508,400246000000,0.460,30
9061,2021-05-28 12:05:00.0000000,142.28000,142.31000,142.27000,142.27000,11556,400302000000,0.460,30
9062,2021-05-28 12:06:00.0000000,142.25999,142.28000,142.25000,142.28000,12223,400246000000,0.460,30
9063,2021-05-28 12:07:00.0000000,142.25500,142.28000,142.25000,142.25999,13472,400232000000,0.460,30
9064,2021-05-28 12:08:00.0000000,142.24001,142.25999,142.22000,142.25500,12094,400190000000,0.460,30
9065,2021-05-28 12:09:00.0000000,142.24500,142.27000,142.24001,142.24500,12088,400204000000,0.460,30
9066,2021-05-28 12:10:00.0000000,142.21001,142.25500,142.21001,142.24001,14804,400105000000,0.460,30
9067,2021-05-28 12:11:00.0000000,142.23500,142.23500,142.20000,142.22000,11421,400176000000,0.460,30
9068,2021-05-28 12:12:00.0000000,142.21500,142.24001,142.21001,142.23000,9025,400119000000,0.460,30
9069,2021-05-28 12:13:00.0000000,142.23500,142.23590,142.21001,142.21500,5781,400176000000,0.460,30
9070,2021-05-28 12:14:00.0000000,142.26500,142.27000,142.22000,142.23500,16661,400260000000,0.460,30
9071,2021-05-28 12:15:00.0000000,142.27000,142.28000,142.25000,142.25999,16402,400274000000,0.460,30
9072,2021-05-28 12:16:00.0000000,142.24500,142.28000,142.24500,142.27499,11197,400204000000,0.460,30
9073,2021-05-28 12:17:00.0000000,142.22501,142.25999,142.22000,142.24001,12462,400147000000,0.460,30
9074,2021-05-28 12:18:00.0000000,142.23000,142.24899,142.22000,142.22540,7605,400162000000,0.460,30
9075,2021-05-28 12:19:00.0000000,142.22000,142.23000,142.20500,142.22000,9127,400133000000,0.460,30
9076,2021-05-28 12:20:00.0000000,142.24001,142.24001,142.22000,142.22000,8034,400190000000,0.460,30
9077,2021-05-28 12:21:00.0000000,142.24001,142.25000,142.23489,142.24001,11584,400190000000,0.460,30
9078,2021-05-28 12:22:00.0000000,142.25000,142.25000,142.23000,142.24001,6941,400218000000,0.460,30
9079,2021-05-28 12:23:00.0000000,142.26500,142.27000,142.25500,142.25500,3611,400260000000,0.460,30
9080,2021-05-28 12:24:00.0000000,142.30000,142.30991,142.26500,142.27000,12794,400358000000,0.460,30
9081,2021-05-28 12:25:00.0000000,142.28999,142.30000,142.28000,142.29010,8432,400330000000,0.460,30
9082,2021-05-28 12:26:00.0000000,142.33000,142.35001,142.28000,142.28500,18341,400443000000,0.460,30
9083,2021-05-28 12:27:00.0000000,142.27000,142.32001,142.27000,142.31010,9914,400274000000,0.460,30
9084,2021-05-28 12:28:00.0000000,142.30499,142.31000,142.27000,142.27499,5645,400373000000,0.460,30
9085,2021-05-28 12:29:00.0000000,142.27499,142.31000,142.26500,142.30800,7128,400288000000,0.460,30
9086,2021-05-28 12:30:00.0000000,142.24750,142.28000,142.24001,142.27499,14039,400211000000,0.460,30
9087,2021-05-28 12:31:00.0000000,142.25999,142.26720,142.24001,142.24181,6820,400246000000,0.460,30
9088,2021-05-28 12:32:00.0000000,142.27000,142.27000,142.25000,142.25999,8092,400274000000,0.460,30
9089,2021-05-28 12:33:00.0000000,142.27000,142.27000,142.24500,142.26500,5613,400274000000,0.460,30
9090,2021-05-28 12:34:00.0000000,142.29500,142.29500,142.26500,142.27000,3619,400344000000,0.460,30
9091,2021-05-28 12:35:00.0000000,142.28999,142.31000,142.28000,142.29500,14397,400330000000,0.460,30
9092,2021-05-28 12:36:00.0000000,142.30499,142.31000,142.28500,142.30000,8135,400373000000,0.460,30
9093,2021-05-28 12:37:00.0000000,142.30000,142.32001,142.28999,142.30000,8442,400358000000,0.460,30
9094,2021-05-28 12:38:00.0000000,142.33501,142.34000,142.30499,142.31000,21701,400457000000,0.460,30
9095,2021-05-28 12:39:00.0000000,142.30000,142.34000,142.30000,142.34000,9029,400358000000,0.460,30
9096,2021-05-28 12:40:00.0000000,142.31000,142.31500,142.29500,142.31000,8283,400387000000,0.460,30
9097,2021-05-28 12:41:00.0000000,142.27000,142.30000,142.24001,142.30000,13068,400274000000,0.460,30
9098,2021-05-28 12:42:00.0000000,142.25999,142.28000,142.25999,142.28000,7311,400246000000,0.460,30
9099,2021-05-28 12:43:00.0000000,142.26500,142.26500,142.25000,142.25500,4575,400260000000,0.460,30
9100,2021-05-28 12:44:00.0000000,142.25011,142.28000,142.25011,142.26500,15015,400218000000,0.460,30
9101,2021-05-28 12:45:00.0000000,142.21001,142.25999,142.21001,142.25999,16514,400105000000,0.460,30
9102,2021-05-28 12:46:00.0000000,142.24001,142.25999,142.21001,142.22000,13178,400190000000,0.460,30
9103,2021-05-28 12:47:00.0000000,142.25000,142.27000,142.24001,142.24001,6313,400218000000,0.460,30
9104,2021-05-28 12:48:00.0000000,142.19000,142.24001,142.14000,142.24001,19142,400049000000,0.460,30
9105,2021-05-28 12:49:00.0000000,142.20641,142.23000,142.20000,142.20000,4987,400095000000,0.460,30
9106,2021-05-28 12:50:00.0000000,142.22000,142.23000,142.20000,142.20000,5659,400133000000,0.460,30
9107,2021-05-28 12:51:00.0000000,142.17999,142.22501,142.17999,142.22000,6089,400021000000,0.460,30
9108,2021-05-28 12:52:00.0000000,142.17000,142.20000,142.16000,142.19000,9447,399993000000,0.460,30
9109,2021-05-28 12:53:00.0000000,142.20000,142.20000,142.17000,142.17000,4529,400077000000,0.460,30
9110,2021-05-28 12:54:00.0000000,142.22000,142.23000,142.20500,142.22000,7144,400133000000,0.460,30
9111,2021-05-28 12:55:00.0000000,142.21500,142.23000,142.21001,142.22000,5352,400119000000,0.460,30
9112,2021-05-28 12:56:00.0000000,142.21001,142.23000,142.20000,142.22000,9951,400105000000,0.460,30
9113,2021-05-28 12:57:00.0000000,142.23500,142.23500,142.17999,142.21500,17160,400176000000,0.460,30
9114,2021-05-28 12:58:00.0000000,142.24500,142.24500,142.22000,142.23000,5310,400204000000,0.460,30
9115,2021-05-28 12:59:00.0000000,142.25150,142.25999,142.24001,142.24500,6659,400222000000,0.460,30
9116,2021-05-28 13:00:00.0000000,142.22000,142.27499,142.21500,142.25500,9075,400133000000,0.460,30
9117,2021-05-28 13:01:00.0000000,142.21001,142.23000,142.20000,142.22000,5698,400105000000,0.460,30
9118,2021-05-28 13:02:00.0000000,142.20500,142.22501,142.20500,142.21500,4874,400091000000,0.460,30
9119,2021-05-28 13:03:00.0000000,142.24500,142.24500,142.20500,142.21500,5265,400204000000,0.460,30
9120,2021-05-28 13:04:00.0000000,142.23500,142.24500,142.21001,142.24500,8401,400176000000,0.460,30
9121,2021-05-28 13:05:00.0000000,142.24001,142.25000,142.22000,142.23000,7824,400190000000,0.460,30
9122,2021-05-28 13:06:00.0000000,142.25000,142.27000,142.25000,142.25000,9083,400218000000,0.460,30
9123,2021-05-28 13:07:00.0000000,142.22501,142.25500,142.21001,142.25000,8069,400147000000,0.460,30
9124,2021-05-28 13:08:00.0000000,142.20000,142.23000,142.19501,142.23000,7499,400077000000,0.460,30
9125,2021-05-28 13:09:00.0000000,142.19501,142.21001,142.19000,142.20000,6520,400063000000,0.460,30
9126,2021-05-28 13:10:00.0000000,142.22000,142.22000,142.19930,142.19930,3630,400133000000,0.460,30
9127,2021-05-28 13:11:00.0000000,142.20160,142.20160,142.20000,142.20000,9396,400082000000,0.460,30
9128,2021-05-28 13:12:00.0000000,142.21001,142.21001,142.20000,142.20000,7630,400105000000,0.460,30
9129,2021-05-28 13:13:00.0000000,142.19000,142.21500,142.16000,142.21500,10075,400049000000,0.460,30
9130,2021-05-28 13:14:00.0000000,142.19000,142.19000,142.17000,142.17999,7689,400049000000,0.460,30
9131,2021-05-28 13:15:00.0000000,142.19000,142.19000,142.17000,142.19000,8909,400049000000,0.460,30
9132,2021-05-28 13:16:00.0000000,142.13000,142.19501,142.11501,142.19000,17212,399880000000,0.460,30
9133,2021-05-28 13:17:00.0000000,142.13000,142.14999,142.11000,142.13000,7983,399880000000,0.460,30
9134,2021-05-28 13:18:00.0000000,142.14999,142.14999,142.13100,142.13100,4683,399936000000,0.460,30
9135,2021-05-28 13:19:00.0000000,142.17999,142.17999,142.16000,142.16000,8708,400021000000,0.460,30
9136,2021-05-28 13:20:00.0000000,142.20000,142.20000,142.17000,142.17999,6703,400077000000,0.460,30
9137,2021-05-28 13:21:00.0000000,142.17000,142.19000,142.16499,142.19000,8774,399993000000,0.460,30
9138,2021-05-28 13:22:00.0000000,142.17000,142.17000,142.14000,142.16000,13393,399993000000,0.460,30
9139,2021-05-28 13:23:00.0000000,142.13000,142.16000,142.12000,142.16000,6251,399880000000,0.460,30
9140,2021-05-28 13:24:00.0000000,142.12500,142.14000,142.11501,142.14000,16981,399866000000,0.460,30
9141,2021-05-28 13:25:00.0000000,142.11000,142.13000,142.11000,142.12000,11384,399824000000,0.460,30
9142,2021-05-28 13:26:00.0000000,142.13000,142.13000,142.10500,142.11000,5158,399880000000,0.460,30
9143,2021-05-28 13:27:00.0000000,142.13499,142.13499,142.12000,142.13000,9536,399894000000,0.460,30
9144,2021-05-28 13:28:00.0000000,142.17999,142.19000,142.14000,142.14000,6060,400021000000,0.460,30
9145,2021-05-28 13:29:00.0000000,142.20010,142.20500,142.17999,142.17999,9105,400077000000,0.460,30
9146,2021-05-28 13:30:00.0000000,142.17999,142.20500,142.14310,142.20000,11339,400021000000,0.460,30
9147,2021-05-28 13:31:00.0000000,142.23630,142.23630,142.19000,142.20000,5140,400179000000,0.460,30
9148,2021-05-28 13:32:00.0000000,142.23849,142.23849,142.22501,142.23000,2480,400185000000,0.460,30
9149,2021-05-28 13:33:00.0000000,142.25999,142.27000,142.23000,142.23000,12667,400246000000,0.460,30
9150,2021-05-28 13:34:00.0000000,142.25000,142.25999,142.23000,142.25999,18076,400218000000,0.460,30
9151,2021-05-28 13:35:00.0000000,142.25999,142.27000,142.25000,142.25000,15211,400246000000,0.460,30
9152,2021-05-28 13:36:00.0000000,142.23000,142.26500,142.22000,142.26500,21803,400162000000,0.460,30
9153,2021-05-28 13:37:00.0000000,142.25000,142.26500,142.23500,142.23500,10993,400218000000,0.460,30
9154,2021-05-28 13:38:00.0000000,142.23000,142.26981,142.22000,142.24001,10204,400162000000,0.460,30
9155,2021-05-28 13:39:00.0000000,142.23000,142.23500,142.22000,142.23500,10002,400162000000,0.460,30
9156,2021-05-28 13:40:00.0000000,142.23000,142.23500,142.22501,142.23000,5667,400162000000,0.460,30
9157,2021-05-28 13:41:00.0000000,142.24001,142.25999,142.23000,142.23000,9414,400190000000,0.460,30
9158,2021-05-28 13:42:00.0000000,142.28999,142.28999,142.25000,142.25000,12914,400330000000,0.460,30
9159,2021-05-28 13:43:00.0000000,142.28999,142.28999,142.27499,142.28999,8937,400330000000,0.460,30
9160,2021-05-28 13:44:00.0000000,142.28999,142.31000,142.28999,142.30000,13788,400330000000,0.460,30
9161,2021-05-28 13:45:00.0000000,142.26500,142.29500,142.25999,142.28999,12554,400260000000,0.460,30
9162,2021-05-28 13:46:00.0000000,142.26500,142.28000,142.25999,142.25999,13790,400260000000,0.460,30
9163,2021-05-28 13:47:00.0000000,142.21001,142.26801,142.21001,142.26801,9125,400105000000,0.460,30
9164,2021-05-28 13:48:00.0000000,142.19501,142.21500,142.17999,142.21001,5573,400063000000,0.460,30
9165,2021-05-28 13:49:00.0000000,142.18500,142.20000,142.18500,142.20000,4300,400035000000,0.460,30
9166,2021-05-28 13:50:00.0000000,142.19000,142.20000,142.17000,142.19000,13283,400049000000,0.460,30
9167,2021-05-28 13:51:00.0000000,142.24001,142.24001,142.20000,142.20000,12618,400190000000,0.460,30
9168,2021-05-28 13:52:00.0000000,142.20000,142.24001,142.20000,142.24001,10850,400077000000,0.460,30
9169,2021-05-28 13:53:00.0000000,142.20000,142.20500,142.19501,142.20000,3833,400077000000,0.460,30
9170,2021-05-28 13:54:00.0000000,142.21010,142.22000,142.20000,142.20500,13518,400106000000,0.460,30
9171,2021-05-28 13:55:00.0000000,142.19501,142.22000,142.19000,142.21500,6442,400063000000,0.460,30
9172,2021-05-28 13:56:00.0000000,142.21001,142.22000,142.19991,142.19991,17311,400105000000,0.460,30
9173,2021-05-28 13:57:00.0000000,142.25000,142.25000,142.20000,142.21001,19177,400218000000,0.460,30
9174,2021-05-28 13:58:00.0000000,142.21500,142.23000,142.17999,142.23000,7244,400119000000,0.460,30
9175,2021-05-28 13:59:00.0000000,142.21500,142.22501,142.19000,142.22000,9733,400119000000,0.460,30
9176,2021-05-28 14:00:00.0000000,142.21001,142.23759,142.20000,142.22000,12881,400105000000,0.460,30
9177,2021-05-28 14:01:00.0000000,142.21500,142.21500,142.19000,142.20000,7469,400119000000,0.460,30
9178,2021-05-28 14:02:00.0000000,142.24001,142.25000,142.22000,142.22000,12440,400190000000,0.460,30
9179,2021-05-28 14:03:00.0000000,142.30000,142.30000,142.25000,142.25000,9338,400358000000,0.460,30
9180,2021-05-28 14:04:00.0000000,142.31000,142.31000,142.28000,142.28999,12676,400387000000,0.460,30
9181,2021-05-28 14:05:00.0000000,142.24001,142.34000,142.24001,142.32001,21017,400190000000,0.460,30
9182,2021-05-28 14:06:00.0000000,142.27000,142.27499,142.24001,142.24001,9139,400274000000,0.460,30
9183,2021-05-28 14:07:00.0000000,142.25000,142.26500,142.23700,142.25999,6881,400218000000,0.460,30
9184,2021-05-28 14:08:00.0000000,142.23000,142.24570,142.21050,142.24570,8018,400162000000,0.460,30
9185,2021-05-28 14:09:00.0000000,142.21001,142.24001,142.20000,142.23000,3246,400105000000,0.460,30
9186,2021-05-28 14:10:00.0000000,142.22000,142.23500,142.20500,142.20500,7766,400133000000,0.460,30
9187,2021-05-28 14:11:00.0000000,142.21001,142.23000,142.20500,142.22000,6834,400105000000,0.460,30
9188,2021-05-28 14:12:00.0000000,142.25000,142.25000,142.21001,142.21500,9699,400218000000,0.460,30
9189,2021-05-28 14:13:00.0000000,142.28740,142.28740,142.25000,142.25000,6602,400323000000,0.460,30
9190,2021-05-28 14:14:00.0000000,142.26500,142.28999,142.25999,142.28999,5891,400260000000,0.460,30
9191,2021-05-28 14:15:00.0000000,142.25999,142.28000,142.25500,142.26500,10222,400246000000,0.460,30
9192,2021-05-28 14:16:00.0000000,142.25000,142.25999,142.24001,142.25999,11001,400218000000,0.460,30
9193,2021-05-28 14:17:00.0000000,142.21001,142.24001,142.19000,142.24001,7071,400105000000,0.460,30
9194,2021-05-28 14:18:00.0000000,142.24001,142.24001,142.19501,142.20500,8576,400190000000,0.460,30
9195,2021-05-28 14:19:00.0000000,142.25000,142.25990,142.23000,142.23000,11816,400218000000,0.460,30
9196,2021-05-28 14:20:00.0000000,142.22000,142.25000,142.21100,142.25000,8986,400133000000,0.460,30
9197,2021-05-28 14:21:00.0000000,142.22501,142.23000,142.20000,142.21500,6625,400147000000,0.460,30
9198,2021-05-28 14:22:00.0000000,142.21001,142.24001,142.21001,142.23000,6009,400105000000,0.460,30
9199,2021-05-28 14:23:00.0000000,142.19000,142.22501,142.17999,142.21820,8671,400049000000,0.460,30
9200,2021-05-28 14:24:00.0000000,142.17011,142.20000,142.17000,142.19501,5775,399993000000,0.460,30
9201,2021-05-28 14:25:00.0000000,142.22000,142.22000,142.19000,142.19000,5225,400133000000,0.460,30
9202,2021-05-28 14:26:00.0000000,142.23500,142.24001,142.21500,142.21970,6872,400176000000,0.460,30
9203,2021-05-28 14:27:00.0000000,142.23000,142.25000,142.23000,142.24001,9492,400162000000,0.460,30
9204,2021-05-28 14:28:00.0000000,142.23000,142.23000,142.20000,142.23000,7583,400162000000,0.460,30
9205,2021-05-28 14:29:00.0000000,142.22000,142.25000,142.21001,142.23000,8533,400133000000,0.460,30
9206,2021-05-28 14:30:00.0000000,142.21001,142.23000,142.19000,142.22420,8429,400105000000,0.460,30
9207,2021-05-28 14:31:00.0000000,142.20000,142.22501,142.19501,142.21500,7350,400077000000,0.460,30
9208,2021-05-28 14:32:00.0000000,142.23000,142.24001,142.21001,142.21001,7551,400162000000,0.460,30
9209,2021-05-28 14:33:00.0000000,142.24001,142.25500,142.23000,142.23000,16142,400190000000,0.460,30
9210,2021-05-28 14:34:00.0000000,142.23000,142.25000,142.23000,142.24001,6469,400162000000,0.460,30
9211,2021-05-28 14:35:00.0000000,142.24001,142.24001,142.22000,142.23500,9955,400190000000,0.460,30
9212,2021-05-28 14:36:00.0000000,142.24001,142.25999,142.24001,142.24370,7492,400190000000,0.460,30
9213,2021-05-28 14:37:00.0000000,142.24001,142.26500,142.23500,142.23500,7161,400190000000,0.460,30
9214,2021-05-28 14:38:00.0000000,142.24001,142.25500,142.23421,142.25000,7506,400190000000,0.460,30
9215,2021-05-28 14:39:00.0000000,142.25639,142.27000,142.23500,142.24001,6009,400236000000,0.460,30
9216,2021-05-28 14:40:00.0000000,142.23000,142.25000,142.23000,142.25000,7825,400162000000,0.460,30
9217,2021-05-28 14:41:00.0000000,142.23470,142.24001,142.21001,142.22501,5215,400175000000,0.460,30
9218,2021-05-28 14:42:00.0000000,142.22000,142.24001,142.22000,142.24001,6558,400133000000,0.460,30
9219,2021-05-28 14:43:00.0000000,142.19760,142.22820,142.19009,142.22820,7805,400070000000,0.460,30
9220,2021-05-28 14:44:00.0000000,142.21001,142.22000,142.20000,142.20000,9069,400105000000,0.460,30
9221,2021-05-28 14:45:00.0000000,142.19000,142.21001,142.17999,142.21001,8193,400049000000,0.460,30
9222,2021-05-28 14:46:00.0000000,142.20000,142.20500,142.18500,142.19501,7673,400077000000,0.460,30
9223,2021-05-28 14:47:00.0000000,142.21001,142.21001,142.19000,142.19501,5622,400105000000,0.460,30
9224,2021-05-28 14:48:00.0000000,142.16510,142.20000,142.16510,142.20000,4161,399979000000,0.460,30
9225,2021-05-28 14:49:00.0000000,142.21001,142.21001,142.17000,142.17999,6046,400105000000,0.460,30
9226,2021-05-28 14:50:00.0000000,142.17000,142.20580,142.14999,142.20580,9518,399993000000,0.460,30
9227,2021-05-28 14:51:00.0000000,142.20000,142.20000,142.16200,142.16200,2658,400077000000,0.460,30
9228,2021-05-28 14:52:00.0000000,142.13499,142.17999,142.13000,142.17999,17267,399894000000,0.460,30
9229,2021-05-28 14:53:00.0000000,142.12000,142.14000,142.12000,142.14000,13719,399852000000,0.460,30
9230,2021-05-28 14:54:00.0000000,142.14999,142.14999,142.11000,142.11000,7107,399936000000,0.460,30
9231,2021-05-28 14:55:00.0000000,142.16000,142.16000,142.14000,142.14999,12540,399965000000,0.460,30
9232,2021-05-28 14:56:00.0000000,142.20000,142.20000,142.17000,142.17000,7728,400077000000,0.460,30
9233,2021-05-28 14:57:00.0000000,142.19000,142.20000,142.16000,142.19000,12363,400049000000,0.460,30
9234,2021-05-28 14:58:00.0000000,142.19800,142.20000,142.18500,142.18500,1792,400072000000,0.460,30
9235,2021-05-28 14:59:00.0000000,142.22000,142.22000,142.20000,142.20000,8045,400133000000,0.460,30
9236,2021-05-28 15:00:00.0000000,142.21001,142.23000,142.19000,142.23000,18066,400105000000,0.460,30
9237,2021-05-28 09:30:00.0000000,241.35001,242.25999,241.33000,241.91000,45950,132208395793,0.930,5
9238,2021-05-28 09:31:00.0000000,240.67999,241.33000,240.50000,241.33000,10927,131841371148,0.930,5
9239,2021-05-28 09:32:00.0000000,240.70000,240.92000,240.25000,240.58000,6607,131852329228,0.930,5
9240,2021-05-28 09:33:00.0000000,241.08000,241.39000,240.19000,240.88000,18373,132060490963,0.930,5
9241,2021-05-28 09:34:00.0000000,241.52000,241.75000,241.37000,241.48000,9520,132301518580,0.930,5
9242,2021-05-28 09:35:00.0000000,241.06000,241.66000,241.00000,241.55000,5313,132049532883,0.930,5
9243,2021-05-28 09:36:00.0000000,240.00000,240.89999,239.96001,240.78000,18590,131468880000,0.930,5
9244,2021-05-28 09:37:00.0000000,239.64000,240.25999,239.61000,240.06960,10844,131271676346,0.930,5
9245,2021-05-28 09:38:00.0000000,239.80000,240.20000,239.50000,239.50000,5043,131359324272,0.930,5
9246,2021-05-28 09:39:00.0000000,240.06000,240.20000,239.91000,239.91000,4933,131501745883,0.930,5
9247,2021-05-28 09:40:00.0000000,239.87000,240.00000,239.77000,240.00000,9080,131397665015,0.930,5
9248,2021-05-28 09:41:00.0000000,239.16000,239.75000,239.09000,239.75000,9004,131008740926,0.930,5
9249,2021-05-28 09:42:00.0000000,239.14999,239.33000,239.14999,239.32001,3242,131003257707,0.930,5
9250,2021-05-28 09:43:00.0000000,239.44000,239.57001,239.24001,239.27000,3777,131162120617,0.930,5
9251,2021-05-28 09:44:00.0000000,239.51500,239.51500,239.30000,239.38499,2402,131203202971,0.930,5
9252,2021-05-28 09:45:00.0000000,239.39999,239.67000,239.35001,239.67000,6402,131140204457,0.930,5
9253,2021-05-28 09:46:00.0000000,239.99001,239.99001,239.38000,239.42000,11187,131463405139,0.930,5
9254,2021-05-28 09:47:00.0000000,239.41499,239.99001,239.39000,239.92999,9463,131148420927,0.930,5
9255,2021-05-28 09:48:00.0000000,240.14999,240.25000,239.41499,239.41499,18337,131551044707,0.930,5
9256,2021-05-28 09:49:00.0000000,240.31000,240.53999,240.19000,240.20610,6634,131638692633,0.930,5
9257,2021-05-28 09:50:00.0000000,240.23000,240.47501,240.09000,240.24500,9239,131594868670,0.930,5
9258,2021-05-28 09:51:00.0000000,239.87000,240.30000,239.87000,240.22000,6675,131397665015,0.930,5
9259,2021-05-28 09:52:00.0000000,240.03999,240.03999,239.81000,239.81000,3104,131490787802,0.930,5
9260,2021-05-28 09:53:00.0000000,240.13499,240.41000,240.13499,240.17500,2824,131542828236,0.930,5
9261,2021-05-28 09:54:00.0000000,240.35500,240.35500,240.19000,240.19501,4611,131663342045,0.930,5
9262,2021-05-28 09:55:00.0000000,240.54601,240.78999,240.32001,240.32001,7299,131767974577,0.930,5
9263,2021-05-28 09:56:00.0000000,240.50999,240.55000,240.25000,240.42120,7502,131748248361,0.930,5
9264,2021-05-28 09:57:00.0000000,240.63000,240.70750,240.44000,240.61000,2916,131813988485,0.930,5
9265,2021-05-28 09:58:00.0000000,240.60001,240.72000,240.42171,240.67999,3438,131797555543,0.930,5
9266,2021-05-28 09:59:00.0000000,240.34500,240.69000,240.34500,240.67000,9345,131657867184,0.930,5
9267,2021-05-28 10:00:00.0000000,240.35001,240.44000,240.32001,240.35001,5361,131660608793,0.930,5
9268,2021-05-28 10:01:00.0000000,240.59000,240.59000,240.09000,240.25000,2745,131792072324,0.930,5
9269,2021-05-28 10:02:00.0000000,240.50000,240.80389,240.50000,240.61000,3490,131742773500,0.930,5
9270,2021-05-28 10:03:00.0000000,240.48000,240.56000,240.48000,240.56000,6876,131731815420,0.930,5
9271,2021-05-28 10:04:00.0000000,240.27000,240.34000,240.14999,240.34000,3884,131616784830,0.930,5
9272,2021-05-28 10:05:00.0000000,239.96001,240.37000,239.95000,240.37000,4406,131446972198,0.930,5
9273,2021-05-28 10:06:00.0000000,239.71001,239.96001,239.69000,239.96001,4685,131310025448,0.930,5
9274,2021-05-28 10:07:00.0000000,239.44000,239.70000,239.37000,239.70000,3014,131162120617,0.930,5
9275,2021-05-28 10:08:00.0000000,239.14999,239.48000,239.14999,239.48000,11756,131003257707,0.930,5
9276,2021-05-28 10:09:00.0000000,239.06000,239.19000,238.95000,239.13000,21369,130953958883,0.930,5
9277,2021-05-28 10:10:00.0000000,238.94000,239.00500,238.84000,239.00500,15462,130888227117,0.930,5
9278,2021-05-28 10:11:00.0000000,238.93500,239.13000,238.87000,238.92000,7265,130885485508,0.930,5
9279,2021-05-28 10:12:00.0000000,238.85001,239.03000,238.85001,238.97000,5097,130838928293,0.930,5
9280,2021-05-28 10:13:00.0000000,239.19000,239.20000,238.78999,238.89000,6572,131025173867,0.930,5
9281,2021-05-28 10:14:00.0000000,238.90269,239.14999,238.89999,239.14999,4880,130867790423,0.930,5
9282,2021-05-28 10:15:00.0000000,238.98000,239.03500,238.86000,238.96001,1714,130910134920,0.930,5
9283,2021-05-28 10:16:00.0000000,239.27000,239.35001,239.07001,239.07001,6970,131068997830,0.930,5
9284,2021-05-28 10:17:00.0000000,239.23000,239.25000,239.09000,239.25000,2896,131047081670,0.930,5
9285,2021-05-28 10:18:00.0000000,239.19501,239.34000,239.08000,239.21001,7129,131027915477,0.930,5
9286,2021-05-28 10:19:00.0000000,239.16000,239.16000,238.98000,239.16000,8573,131008740926,0.930,5
9287,2021-05-28 10:20:00.0000000,239.16000,239.20000,239.06000,239.20000,5307,131008740926,0.930,5
9288,2021-05-28 10:21:00.0000000,239.06000,239.21899,239.03999,239.07001,1971,130953958883,0.930,5
9289,2021-05-28 10:22:00.0000000,239.08501,239.25000,239.03999,239.16000,7756,130967658573,0.930,5
9290,2021-05-28 10:23:00.0000000,239.05000,239.14000,239.00000,239.00000,3471,130948484022,0.930,5
9291,2021-05-28 10:24:00.0000000,238.94501,239.08000,238.91499,239.00999,3900,130890968727,0.930,5
9292,2021-05-28 10:25:00.0000000,238.99001,239.12000,238.91000,239.08000,4554,130915618139,0.930,5
9293,2021-05-28 10:26:00.0000000,238.97000,239.03000,238.89999,238.99001,4592,130904660059,0.930,5
9294,2021-05-28 10:27:00.0000000,239.30000,239.30000,238.97000,238.97000,3314,131085430772,0.930,5
9295,2021-05-28 10:28:00.0000000,239.42000,239.42000,239.21001,239.30000,3766,131151162537,0.930,5
9296,2021-05-28 10:29:00.0000000,239.52000,239.52000,239.44000,239.44000,3867,131205944580,0.930,5
9297,2021-05-28 10:30:00.0000000,239.78999,239.89000,239.51109,239.51109,8213,131353841052,0.930,5
9298,2021-05-28 10:31:00.0000000,239.88000,239.96001,239.72501,239.84000,4409,131403148235,0.930,5
9299,2021-05-28 10:32:00.0000000,239.86000,239.92999,239.84650,239.92999,4139,131392190154,0.930,5
9300,2021-05-28 10:33:00.0000000,239.86000,239.86000,239.72000,239.86000,7072,131392190154,0.930,5
9301,2021-05-28 10:34:00.0000000,239.71001,239.77000,239.71001,239.77000,749,131310025448,0.930,5
9302,2021-05-28 10:35:00.0000000,239.53500,239.75000,239.45000,239.73000,5872,131214161051,0.930,5
9303,2021-05-28 10:36:00.0000000,239.55499,239.67000,239.39999,239.53500,4526,131225110773,0.930,5
9304,2021-05-28 10:37:00.0000000,239.42000,239.47000,239.39999,239.41000,1921,131151162537,0.930,5
9305,2021-05-28 10:38:00.0000000,239.23000,239.37500,239.23000,239.37500,3019,131047081670,0.930,5
9306,2021-05-28 10:39:00.0000000,239.25000,239.32001,239.21001,239.22000,3329,131058039750,0.930,5
9307,2021-05-28 10:40:00.0000000,239.47000,239.47000,239.28999,239.28999,2076,131178553559,0.930,5
9308,2021-05-28 10:41:00.0000000,239.24001,239.42999,239.24001,239.42999,3341,131052564889,0.930,5
9309,2021-05-28 10:42:00.0000000,239.33000,239.35001,239.17999,239.19000,3390,131101863713,0.930,5
9310,2021-05-28 10:43:00.0000000,239.42000,239.42999,239.42000,239.42999,2216,131151162537,0.930,5
9311,2021-05-28 10:44:00.0000000,239.49001,239.50000,239.42000,239.47000,2202,131189511639,0.930,5
9312,2021-05-28 10:45:00.0000000,239.53000,239.58000,239.49500,239.58000,3730,131211419441,0.930,5
9313,2021-05-28 10:46:00.0000000,239.49500,239.54500,239.45000,239.53999,4547,131192244890,0.930,5
9314,2021-05-28 10:47:00.0000000,239.48990,239.53999,239.33501,239.33501,2780,131189453129,0.930,5
9315,2021-05-28 10:48:00.0000000,239.36000,239.39999,239.36000,239.39999,1438,131118296654,0.930,5
9316,2021-05-28 10:49:00.0000000,239.27499,239.31000,239.22000,239.31000,4548,131071731082,0.930,5
9317,2021-05-28 10:50:00.0000000,239.14000,239.31000,239.13000,239.28000,3908,130997782846,0.930,5
9318,2021-05-28 10:51:00.0000000,239.13000,239.19000,239.09000,239.13210,4373,130992307985,0.930,5
9319,2021-05-28 10:52:00.0000000,239.28000,239.30000,239.20610,239.29900,3274,131074472691,0.930,5
9320,2021-05-28 10:53:00.0000000,239.20000,239.24001,239.14999,239.22000,3273,131030648728,0.930,5
9321,2021-05-28 10:54:00.0000000,239.19000,239.25999,239.19000,239.24001,3227,131025173867,0.930,5
9322,2021-05-28 10:55:00.0000000,239.37000,239.37000,239.20000,239.20000,5596,131123771515,0.930,5
9323,2021-05-28 10:56:00.0000000,239.39999,239.50000,239.31000,239.36000,9180,131140204457,0.930,5
9324,2021-05-28 10:57:00.0000000,239.53999,239.61000,239.36000,239.37000,2965,131216894302,0.930,5
9325,2021-05-28 10:58:00.0000000,239.56000,239.63000,239.50000,239.61000,3280,131227852383,0.930,5
9326,2021-05-28 10:59:00.0000000,239.50999,239.63000,239.50999,239.55499,2639,131200461361,0.930,5
9327,2021-05-28 11:00:00.0000000,239.41969,239.54790,239.41969,239.50000,3819,131150995366,0.930,5
9328,2021-05-28 11:01:00.0000000,239.41000,239.42999,239.34000,239.41499,3792,131145687676,0.930,5
9329,2021-05-28 11:02:00.0000000,239.48500,239.49001,239.41000,239.42979,1520,131186770029,0.930,5
9330,2021-05-28 11:03:00.0000000,239.39999,239.54649,239.39999,239.52000,3806,131140204457,0.930,5
9331,2021-05-28 11:04:00.0000000,239.42999,239.45000,239.40750,239.42000,1574,131156637398,0.930,5
9332,2021-05-28 11:05:00.0000000,239.41000,239.52000,239.41000,239.45000,4189,131145687676,0.930,5
9333,2021-05-28 11:06:00.0000000,239.45000,239.50000,239.44000,239.45500,2589,131167595478,0.930,5
9334,2021-05-28 11:07:00.0000000,239.34000,239.47000,239.34000,239.47000,1760,131107338574,0.930,5
9335,2021-05-28 11:08:00.0000000,239.41000,239.42999,239.33000,239.34000,2977,131145687676,0.930,5
9336,2021-05-28 11:09:00.0000000,239.41000,239.42999,239.39000,239.42999,1291,131145687676,0.930,5
9337,2021-05-28 11:10:00.0000000,239.31000,239.42999,239.25999,239.39999,4019,131090905633,0.930,5
9338,2021-05-28 11:11:00.0000000,239.35001,239.36000,239.27499,239.31390,7317,131112821793,0.930,5
9339,2021-05-28 11:12:00.0000000,239.35001,239.39999,239.32500,239.33501,3770,131112821793,0.930,5
9340,2021-05-28 11:13:00.0000000,239.45000,239.50000,239.32001,239.32001,5002,131167595478,0.930,5
9341,2021-05-28 11:14:00.0000000,239.45000,239.47501,239.43250,239.47000,2026,131167595478,0.930,5
9342,2021-05-28 11:15:00.0000000,239.63000,239.70000,239.42999,239.45000,3699,131266201485,0.930,5
9343,2021-05-28 11:16:00.0000000,239.64000,239.64999,239.51080,239.64500,2404,131271676346,0.930,5
9344,2021-05-28 11:17:00.0000000,239.49001,239.69859,239.46500,239.64000,9250,131189511639,0.930,5
9345,2021-05-28 11:18:00.0000000,239.48000,239.56500,239.48000,239.49001,2632,131184028420,0.930,5
9346,2021-05-28 11:19:00.0000000,239.46001,239.53000,239.43500,239.43810,4387,131173078698,0.930,5
9347,2021-05-28 11:20:00.0000000,239.39999,239.49500,239.31500,239.49001,5668,131140204457,0.930,5
9348,2021-05-28 11:21:00.0000000,239.30000,239.39000,239.27000,239.37000,6654,131085430772,0.930,5
9349,2021-05-28 11:22:00.0000000,239.37000,239.42000,239.32001,239.34000,2039,131123771515,0.930,5
9350,2021-05-28 11:23:00.0000000,239.53000,239.53000,239.39000,239.39000,1864,131211419441,0.930,5
9351,2021-05-28 11:24:00.0000000,239.72501,239.78000,239.56000,239.56000,3186,131318241918,0.930,5
9352,2021-05-28 11:25:00.0000000,239.80000,239.80000,239.71001,239.71001,2659,131359324272,0.930,5
9353,2021-05-28 11:26:00.0000000,239.83000,239.83000,239.74001,239.78000,3701,131375757213,0.930,5
9354,2021-05-28 11:27:00.0000000,239.73000,239.89000,239.73000,239.89000,3168,131320975170,0.930,5
9355,2021-05-28 11:28:00.0000000,239.82001,239.82001,239.62000,239.64999,4188,131370282352,0.930,5
9356,2021-05-28 11:29:00.0000000,239.57001,239.81000,239.55499,239.81000,4497,131233335602,0.930,5
9357,2021-05-28 11:30:00.0000000,239.66000,239.66000,239.57001,239.57001,1681,131282634426,0.930,5
9358,2021-05-28 11:31:00.0000000,239.58000,239.70000,239.58000,239.70000,2934,131238810463,0.930,5
9359,2021-05-28 11:32:00.0000000,239.60040,239.61000,239.55000,239.61000,2004,131249985866,0.930,5
9360,2021-05-28 11:33:00.0000000,239.71001,239.73000,239.60001,239.61000,2009,131310025448,0.930,5
9361,2021-05-28 11:34:00.0000000,239.79559,239.86000,239.67999,239.73000,2226,131356908646,0.930,5
9362,2021-05-28 11:35:00.0000000,239.92999,239.92999,239.91000,239.92999,1305,131430530898,0.930,5
9363,2021-05-28 11:36:00.0000000,239.87500,240.03000,239.85001,239.91000,7343,131400406625,0.930,5
9364,2021-05-28 11:37:00.0000000,239.86990,239.87000,239.85001,239.87000,1385,131397614864,0.930,5
9365,2021-05-28 11:38:00.0000000,239.91000,239.92999,239.84000,239.85001,2942,131419581176,0.930,5
9366,2021-05-28 11:39:00.0000000,239.83000,239.92500,239.82001,239.92500,4085,131375757213,0.930,5
9367,2021-05-28 11:40:00.0000000,239.82001,239.87000,239.75000,239.87000,2557,131370282352,0.930,5
9368,2021-05-28 11:41:00.0000000,239.79289,239.82001,239.78000,239.81000,2491,131355429180,0.930,5
9369,2021-05-28 11:42:00.0000000,239.75999,239.83000,239.72000,239.81000,3272,131337408111,0.930,5
9370,2021-05-28 11:43:00.0000000,239.57001,239.72000,239.57001,239.72000,2671,131233335602,0.930,5
9371,2021-05-28 11:44:00.0000000,239.64270,239.67000,239.59000,239.59000,1376,131273155812,0.930,5
9372,2021-05-28 11:45:00.0000000,239.66000,239.66000,239.57001,239.60500,1420,131282634426,0.930,5
9373,2021-05-28 11:46:00.0000000,239.74500,239.85040,239.70000,239.70000,4522,131329191640,0.930,5
9374,2021-05-28 11:47:00.0000000,239.90601,239.95000,239.78000,239.78000,1565,131417391232,0.930,5
9375,2021-05-28 11:48:00.0000000,240.05000,240.05000,239.85001,239.85001,2038,131496271022,0.930,5
9376,2021-05-28 11:49:00.0000000,239.96001,240.03000,239.96001,240.02000,1706,131446972198,0.930,5
9377,2021-05-28 11:50:00.0000000,239.96001,240.03999,239.94501,239.97000,2637,131446972198,0.930,5
9378,2021-05-28 11:51:00.0000000,239.99001,240.03751,239.97000,239.97000,2379,131463405139,0.930,5
9379,2021-05-28 11:52:00.0000000,239.97000,239.98000,239.96500,239.96500,587,131452447059,0.930,5
9380,2021-05-28 11:53:00.0000000,239.99550,240.00000,239.96001,239.96001,1676,131466414223,0.930,5
9381,2021-05-28 11:54:00.0000000,240.03000,240.03000,239.98000,239.98000,1158,131485312941,0.930,5
9382,2021-05-28 11:55:00.0000000,240.14500,240.17999,240.08009,240.11000,2384,131548311455,0.930,5
9383,2021-05-28 11:56:00.0000000,240.15500,240.15500,240.09000,240.13000,2605,131553786316,0.930,5
9384,2021-05-28 11:57:00.0000000,240.17000,240.21001,240.16000,240.17999,1310,131562002787,0.930,5
9385,2021-05-28 11:58:00.0000000,240.03999,240.20000,240.03999,240.20000,4635,131490787802,0.930,5
9386,2021-05-28 11:59:00.0000000,240.05499,240.08051,240.02960,240.05499,1526,131499004273,0.930,5
9387,2021-05-28 12:00:00.0000000,239.86830,240.00000,239.86830,240.00000,3767,131396737214,0.930,5
9388,2021-05-28 12:01:00.0000000,239.97501,239.98000,239.91000,239.91000,1370,131455188668,0.930,5
9389,2021-05-28 12:02:00.0000000,240.12000,240.14000,239.96001,239.96001,3118,131534611765,0.930,5
9390,2021-05-28 12:03:00.0000000,240.16000,240.21500,240.16000,240.21500,793,131556527926,0.930,5
9391,2021-05-28 12:04:00.0000000,240.03999,240.10500,239.99001,240.10500,4121,131490787802,0.930,5
9392,2021-05-28 12:05:00.0000000,240.13000,240.17000,240.02000,240.04500,2383,131540094985,0.930,5
9393,2021-05-28 12:06:00.0000000,240.07001,240.20500,240.07001,240.14000,2298,131507229102,0.930,5
9394,2021-05-28 12:07:00.0000000,240.08000,240.08000,240.06500,240.06500,1491,131512703963,0.930,5
9395,2021-05-28 12:08:00.0000000,240.06500,240.07001,240.00999,240.07001,1343,131504487492,0.930,5
9396,2021-05-28 12:09:00.0000000,240.02000,240.06000,239.96500,240.03999,4669,131479838080,0.930,5
9397,2021-05-28 12:10:00.0000000,239.94000,240.00999,239.94000,240.00999,1101,131436014117,0.930,5
9398,2021-05-28 12:11:00.0000000,240.03500,240.03500,239.97000,239.97000,2050,131488054551,0.930,5
9399,2021-05-28 12:12:00.0000000,240.02499,240.07001,240.02499,240.03500,3842,131482571332,0.930,5
9400,2021-05-28 12:13:00.0000000,240.09000,240.09000,240.00999,240.03999,2190,131518178824,0.930,5
9401,2021-05-28 12:14:00.0000000,240.03999,240.06000,240.03999,240.05000,507,131490787802,0.930,5
9402,2021-05-28 12:15:00.0000000,239.91130,240.03999,239.91130,240.03999,1813,131420291654,0.930,5
9403,2021-05-28 12:16:00.0000000,239.82001,239.99001,239.80000,239.96001,11994,131370282352,0.930,5
9404,2021-05-28 12:17:00.0000000,239.77000,239.87500,239.77000,239.81000,7449,131342891330,0.930,5
9405,2021-05-28 12:18:00.0000000,239.75999,239.80000,239.75000,239.78500,3137,131337408111,0.930,5
9406,2021-05-28 12:19:00.0000000,239.84250,239.84250,239.77000,239.78000,4059,131382602879,0.930,5
9407,2021-05-28 12:20:00.0000000,239.86000,239.87500,239.82001,239.84000,1665,131392190154,0.930,5
9408,2021-05-28 12:21:00.0000000,239.88000,239.89999,239.84000,239.86000,2918,131403148235,0.930,5
9409,2021-05-28 12:22:00.0000000,239.89000,239.95000,239.86000,239.89000,4416,131408623096,0.930,5
9410,2021-05-28 12:23:00.0000000,239.92000,239.92000,239.85001,239.90500,3326,131425056037,0.930,5
9411,2021-05-28 12:24:00.0000000,239.89000,239.93750,239.89000,239.93750,1159,131408623096,0.930,5
9412,2021-05-28 12:25:00.0000000,239.70000,239.85001,239.70000,239.85001,4279,131304542228,0.930,5
9413,2021-05-28 12:26:00.0000000,239.74001,239.74001,239.73000,239.73000,1185,131326458389,0.930,5
9414,2021-05-28 12:27:00.0000000,239.77000,239.78000,239.64000,239.75000,3150,131342891330,0.930,5
9415,2021-05-28 12:28:00.0000000,239.76500,239.78999,239.73000,239.78000,2186,131340149721,0.930,5
9416,2021-05-28 12:29:00.0000000,239.69000,239.77499,239.67000,239.75000,2492,131299067367,0.930,5
9417,2021-05-28 12:30:00.0000000,239.66000,239.71001,239.63010,239.71001,5260,131282634426,0.930,5
9418,2021-05-28 12:31:00.0000000,239.85001,239.85001,239.73000,239.73000,1360,131386715293,0.930,5
9419,2021-05-28 12:32:00.0000000,240.01500,240.03000,239.89000,239.89000,4045,131477096471,0.930,5
9420,2021-05-28 12:33:00.0000000,239.99001,240.05000,239.99001,240.05000,1971,131463405139,0.930,5
9421,2021-05-28 12:34:00.0000000,239.93230,240.02499,239.92999,240.02499,4616,131431793041,0.930,5
9422,2021-05-28 12:35:00.0000000,239.89999,239.92999,239.84000,239.92999,4710,131414097957,0.930,5
9423,2021-05-28 12:36:00.0000000,239.72591,239.96500,239.72591,239.89000,5608,131318735074,0.930,5
9424,2021-05-28 12:37:00.0000000,239.82001,239.84000,239.77000,239.77000,2162,131370282352,0.930,5
9425,2021-05-28 12:38:00.0000000,239.88000,239.89999,239.83000,239.83000,1660,131403148235,0.930,5
9426,2021-05-28 12:39:00.0000000,239.89999,239.89999,239.86000,239.89999,2976,131414097957,0.930,5
9427,2021-05-28 12:40:00.0000000,239.98970,239.98970,239.89999,239.92999,4390,131463237968,0.930,5
9428,2021-05-28 12:41:00.0000000,239.96001,240.00000,239.92999,240.00000,1424,131446972198,0.930,5
9429,2021-05-28 12:42:00.0000000,239.95000,239.96960,239.92999,239.96960,2626,131441488978,0.930,5
9430,2021-05-28 12:43:00.0000000,239.92999,239.92999,239.91780,239.92000,394,131430530898,0.930,5
9431,2021-05-28 12:44:00.0000000,239.95000,239.99001,239.95000,239.97000,2885,131441488978,0.930,5
9432,2021-05-28 12:45:00.0000000,240.00000,240.00000,239.92000,239.92999,2190,131468880000,0.930,5
9433,2021-05-28 12:46:00.0000000,239.96001,240.03000,239.96001,239.99001,5131,131446972198,0.930,5
9434,2021-05-28 12:47:00.0000000,239.87500,239.89000,239.85001,239.89000,1085,131400406625,0.930,5
9435,2021-05-28 12:48:00.0000000,239.64000,239.82001,239.58009,239.82001,9828,131271676346,0.930,5
9436,2021-05-28 12:49:00.0000000,239.82001,239.82001,239.67999,239.67999,3382,131370282352,0.930,5
9437,2021-05-28 12:50:00.0000000,239.76500,239.77000,239.76500,239.77000,953,131340149721,0.930,5
9438,2021-05-28 12:51:00.0000000,239.75000,239.75000,239.72000,239.72000,877,131331933250,0.930,5
9439,2021-05-28 12:52:00.0000000,239.75999,239.75999,239.75011,239.75011,2811,131337408111,0.930,5
9440,2021-05-28 12:53:00.0000000,239.70000,239.75000,239.70000,239.75000,1391,131304542228,0.930,5
9441,2021-05-28 12:54:00.0000000,239.72000,239.73000,239.67999,239.72000,2537,131315500309,0.930,5
9442,2021-05-28 12:55:00.0000000,239.69000,239.69000,239.63000,239.69000,2747,131299067367,0.930,5
9443,2021-05-28 12:56:00.0000000,239.75999,239.78000,239.70000,239.77000,4610,131337408111,0.930,5
9444,2021-05-28 12:57:00.0000000,239.72000,239.72000,239.67500,239.67500,2563,131315500309,0.930,5
9445,2021-05-28 12:58:00.0000000,239.73000,239.73000,239.64000,239.64999,2406,131320975170,0.930,5
9446,2021-05-28 12:59:00.0000000,239.78999,239.78999,239.73500,239.75000,1245,131353841052,0.930,5
9447,2021-05-28 13:00:00.0000000,239.75999,239.83000,239.74001,239.82001,2891,131337408111,0.930,5
9448,2021-05-28 13:01:00.0000000,239.78000,239.78670,239.74130,239.74130,1066,131348366191,0.930,5
9449,2021-05-28 13:02:00.0000000,239.78999,239.78999,239.74001,239.78000,2210,131353841052,0.930,5
9450,2021-05-28 13:03:00.0000000,239.67500,239.75999,239.67500,239.75999,3030,131290850897,0.930,5
9451,2021-05-28 13:04:00.0000000,239.62080,239.66000,239.62000,239.66000,3008,131261161269,0.930,5
9452,2021-05-28 13:05:00.0000000,239.64000,239.64000,239.59000,239.62000,1464,131271676346,0.930,5
9453,2021-05-28 13:06:00.0000000,239.72000,239.72000,239.63000,239.63000,1758,131315500309,0.930,5
9454,2021-05-28 13:07:00.0000000,239.77000,239.77000,239.67000,239.70000,2573,131342891330,0.930,5
9455,2021-05-28 13:08:00.0000000,239.75999,239.78000,239.70000,239.77080,2809,131337408111,0.930,5
9456,2021-05-28 13:09:00.0000000,239.69501,239.73000,239.69501,239.73000,626,131301808977,0.930,5
9457,2021-05-28 13:10:00.0000000,239.69000,239.69000,239.67000,239.67999,1479,131299067367,0.930,5
9458,2021-05-28 13:11:00.0000000,239.64870,239.64870,239.64870,239.64870,2195,131276440728,0.930,5
9459,2021-05-28 13:12:00.0000000,239.66000,239.72000,239.64000,239.72000,3859,131282634426,0.930,5
9460,2021-05-28 13:13:00.0000000,239.62000,239.66000,239.58000,239.63000,5295,131260718265,0.930,5
9461,2021-05-28 13:14:00.0000000,239.45500,239.62000,239.45500,239.61861,5129,131170337088,0.930,5
9462,2021-05-28 13:15:00.0000000,239.58000,239.58000,239.36000,239.49001,6737,131238810463,0.930,5
9463,2021-05-28 13:16:00.0000000,239.78999,239.82001,239.58000,239.61501,3080,131353841052,0.930,5
9464,2021-05-28 13:17:00.0000000,239.78000,239.89999,239.78000,239.89999,2702,131348366191,0.930,5
9465,2021-05-28 13:18:00.0000000,239.84500,239.84500,239.82001,239.82001,1220,131383973684,0.930,5
9466,2021-05-28 13:19:00.0000000,239.89999,239.89999,239.85001,239.87000,1763,131414097957,0.930,5
9467,2021-05-28 13:20:00.0000000,239.81000,239.91000,239.81000,239.87000,4638,131364799133,0.930,5
9468,2021-05-28 13:21:00.0000000,239.91000,239.91000,239.78999,239.82500,4934,131419581176,0.930,5
9469,2021-05-28 13:22:00.0000000,239.82500,239.84000,239.75000,239.81000,5288,131373015603,0.930,5
9470,2021-05-28 13:23:00.0000000,239.82001,239.92999,239.78000,239.78000,1540,131370282352,0.930,5
9471,2021-05-28 13:24:00.0000000,239.99001,239.99001,239.88400,239.88400,1760,131463405139,0.930,5
9472,2021-05-28 13:25:00.0000000,240.05000,240.06000,239.99001,240.02000,4912,131496271022,0.930,5
9473,2021-05-28 13:26:00.0000000,240.03000,240.07001,240.03000,240.07001,1023,131485312941,0.930,5
9474,2021-05-28 13:27:00.0000000,240.16000,240.16000,240.09000,240.09000,847,131556527926,0.930,5
9475,2021-05-28 13:28:00.0000000,240.18410,240.19000,240.14000,240.14000,1991,131569726102,0.930,5
9476,2021-05-28 13:29:00.0000000,240.28999,240.28999,240.14999,240.17500,5092,131627734552,0.930,5
9477,2021-05-28 13:30:00.0000000,240.28000,240.33000,240.14999,240.31500,4455,131622259691,0.930,5
9478,2021-05-28 13:31:00.0000000,240.31000,240.36000,240.28999,240.31000,4487,131638692633,0.930,5
9479,2021-05-28 13:32:00.0000000,240.39999,240.39999,240.38000,240.38000,452,131687991457,0.930,5
9480,2021-05-28 13:33:00.0000000,240.39000,240.41000,240.34000,240.38000,3739,131682516596,0.930,5
9481,2021-05-28 13:34:00.0000000,240.34500,240.48759,240.34500,240.37000,5135,131657867184,0.930,5
9482,2021-05-28 13:35:00.0000000,240.39999,240.42999,240.32001,240.36000,3527,131687991457,0.930,5
9483,2021-05-28 13:36:00.0000000,240.30000,240.42500,240.25999,240.42500,5019,131633217772,0.930,5
9484,2021-05-28 13:37:00.0000000,240.42999,240.42999,240.34000,240.34000,2672,131704424398,0.930,5
9485,2021-05-28 13:38:00.0000000,240.45000,240.52440,240.39999,240.50000,4314,131715382478,0.930,5
9486,2021-05-28 13:39:00.0000000,240.52000,240.53999,240.44000,240.46001,5053,131753731580,0.930,5
9487,2021-05-28 13:40:00.0000000,240.44000,240.60001,240.44000,240.60001,1616,131709907617,0.930,5
9488,2021-05-28 13:41:00.0000000,240.50000,240.50000,240.44000,240.44000,1971,131742773500,0.930,5
9489,2021-05-28 13:42:00.0000000,240.58000,240.58000,240.50999,240.53999,3596,131786597463,0.930,5
9490,2021-05-28 13:43:00.0000000,240.53999,240.56000,240.50000,240.56000,2153,131764681302,0.930,5
9491,2021-05-28 13:44:00.0000000,240.88000,240.88000,240.53999,240.55000,8665,131950935235,0.930,5
9492,2021-05-28 13:45:00.0000000,240.84000,240.88000,240.78999,240.84000,4631,131929019074,0.930,5
9493,2021-05-28 13:46:00.0000000,240.89000,241.00000,240.84000,240.85001,5106,131956410096,0.930,5
9494,2021-05-28 13:47:00.0000000,240.89000,241.00999,240.88000,240.92000,4298,131956410096,0.930,5
9495,2021-05-28 13:48:00.0000000,241.08000,241.08000,240.92999,240.92999,2248,132060490963,0.930,5
9496,2021-05-28 13:49:00.0000000,241.07001,241.12000,241.03000,241.09000,3215,132055016102,0.930,5
9497,2021-05-28 13:50:00.0000000,240.92000,241.03000,240.86000,241.03000,3595,131972843037,0.930,5
9498,2021-05-28 13:51:00.0000000,240.97000,241.00000,240.92999,240.96001,2749,132000234059,0.930,5
9499,2021-05-28 13:52:00.0000000,240.92000,241.08000,240.92000,240.99001,5922,131972843037,0.930,5
9500,2021-05-28 13:53:00.0000000,240.92000,240.92000,240.85010,240.92000,1517,131972843037,0.930,5
9501,2021-05-28 13:54:00.0000000,240.85001,240.89000,240.85001,240.89000,1485,131934502293,0.930,5
9502,2021-05-28 13:55:00.0000000,240.89999,240.91000,240.78000,240.82001,2534,131961884957,0.930,5
9503,2021-05-28 13:56:00.0000000,240.95000,240.99001,240.86000,240.94000,3921,131989275978,0.930,5
9504,2021-05-28 13:57:00.0000000,240.87000,240.97000,240.87000,240.95000,4254,131945452015,0.930,5
9505,2021-05-28 13:58:00.0000000,240.98000,241.03000,240.91000,240.92000,4290,132005708920,0.930,5
9506,2021-05-28 13:59:00.0000000,241.02000,241.07001,240.99500,241.00500,2686,132027625080,0.930,5
9507,2021-05-28 14:00:00.0000000,241.10001,241.12000,241.00999,241.03000,5036,132071449043,0.930,5
9508,2021-05-28 14:01:00.0000000,241.14999,241.19000,241.12000,241.13000,3015,132098831707,0.930,5
9509,2021-05-28 14:02:00.0000000,241.12000,241.14000,241.05000,241.12000,2487,132082398765,0.930,5
9510,2021-05-28 14:03:00.0000000,241.10001,241.13499,241.05000,241.13499,1349,132071449043,0.930,5
9511,2021-05-28 14:04:00.0000000,240.85001,241.09000,240.85001,241.07001,7545,131934502293,0.930,5
9512,2021-05-28 14:05:00.0000000,240.87000,240.97000,240.77000,240.89000,8315,131945452015,0.930,5
9513,2021-05-28 14:06:00.0000000,240.77000,240.82500,240.70000,240.82500,3224,131890678330,0.930,5
9514,2021-05-28 14:07:00.0000000,240.69000,240.82001,240.53999,240.78000,15699,131846854367,0.930,5
9515,2021-05-28 14:08:00.0000000,240.72000,240.74500,240.52000,240.71001,10210,131863287309,0.930,5
9516,2021-05-28 14:09:00.0000000,240.61000,240.74001,240.61000,240.69000,3686,131803030404,0.930,5
9517,2021-05-28 14:10:00.0000000,240.63000,240.64000,240.60001,240.61000,3886,131813988485,0.930,5
9518,2021-05-28 14:11:00.0000000,240.59990,240.73000,240.53000,240.71001,6993,131797497033,0.930,5
9519,2021-05-28 14:12:00.0000000,240.66000,240.67999,240.57001,240.57001,4505,131830421426,0.930,5
9520,2021-05-28 14:13:00.0000000,240.57001,240.64000,240.57001,240.64000,2228,131781122602,0.930,5
9521,2021-05-28 14:14:00.0000000,240.59000,240.64999,240.57001,240.58000,4377,131792072324,0.930,5
9522,2021-05-28 14:15:00.0000000,240.53999,240.61000,240.47000,240.56000,8254,131764681302,0.930,5
9523,2021-05-28 14:16:00.0000000,240.66000,240.66000,240.61000,240.61990,2058,131830421426,0.930,5
9524,2021-05-28 14:17:00.0000000,240.64999,240.64999,240.55000,240.62000,3875,131824938207,0.930,5
9525,2021-05-28 14:18:00.0000000,240.74500,240.75000,240.62000,240.63000,1721,131876978640,0.930,5
9526,2021-05-28 14:19:00.0000000,240.85001,240.85001,240.78000,240.78000,2528,131934502293,0.930,5
9527,2021-05-28 14:20:00.0000000,240.80099,240.85001,240.78999,240.78999,2417,131907654579,0.930,5
9528,2021-05-28 14:21:00.0000000,240.86000,240.86000,240.78999,240.80000,2559,131939977154,0.930,5
9529,2021-05-28 14:22:00.0000000,240.81000,240.87000,240.77000,240.87000,3272,131912586133,0.930,5
9530,2021-05-28 14:23:00.0000000,240.67999,240.83000,240.67999,240.80000,15185,131841371148,0.930,5
9531,2021-05-28 14:24:00.0000000,240.78000,240.78690,240.70990,240.70990,4518,131896153191,0.930,5
9532,2021-05-28 14:25:00.0000000,240.82001,240.89000,240.78999,240.89000,3340,131918069352,0.930,5
9533,2021-05-28 14:26:00.0000000,240.75999,240.85001,240.73000,240.85001,4089,131885195111,0.930,5
9534,2021-05-28 14:27:00.0000000,240.77000,240.77000,240.67999,240.73000,6916,131890678330,0.930,5
9535,2021-05-28 14:28:00.0000000,240.78999,240.83000,240.73000,240.75999,4316,131901628052,0.930,5
9536,2021-05-28 14:29:00.0000000,240.77000,240.85001,240.77000,240.77890,2053,131890678330,0.930,5
9537,2021-05-28 14:30:00.0000000,240.75999,240.78000,240.72000,240.75999,1722,131885195111,0.930,5
9538,2021-05-28 14:31:00.0000000,240.75000,240.80000,240.73000,240.75000,2671,131879720250,0.930,5
9539,2021-05-28 14:32:00.0000000,240.74001,240.78000,240.71001,240.75999,1859,131874245389,0.930,5
9540,2021-05-28 14:33:00.0000000,240.75999,240.78999,240.67000,240.74001,3172,131885195111,0.930,5
9541,2021-05-28 14:34:00.0000000,240.78999,240.79500,240.72000,240.72000,3892,131901628052,0.930,5
9542,2021-05-28 14:35:00.0000000,240.75999,240.81000,240.75999,240.78000,2952,131885195111,0.930,5
9543,2021-05-28 14:36:00.0000000,240.83000,240.86000,240.80000,240.83000,1868,131923544213,0.930,5
9544,2021-05-28 14:37:00.0000000,240.95500,240.97000,240.84000,240.84000,4039,131992017588,0.930,5
9545,2021-05-28 14:38:00.0000000,240.96001,240.98000,240.86000,240.96001,11622,131994759198,0.930,5
9546,2021-05-28 14:39:00.0000000,240.88000,240.89999,240.82500,240.88000,2566,131950935235,0.930,5
9547,2021-05-28 14:40:00.0000000,240.86000,240.87000,240.75999,240.85001,5123,131939977154,0.930,5
9548,2021-05-28 14:41:00.0000000,240.85001,240.86000,240.78999,240.85001,3315,131934502293,0.930,5
9549,2021-05-28 14:42:00.0000000,240.86000,240.87000,240.78999,240.87000,3213,131939977154,0.930,5
9550,2021-05-28 14:43:00.0000000,240.84000,240.85001,240.80000,240.85001,938,131929019074,0.930,5
9551,2021-05-28 14:44:00.0000000,241.00000,241.00000,240.83000,240.84000,5314,132016667000,0.930,5
9552,2021-05-28 14:45:00.0000000,240.92000,240.92000,240.92000,240.92000,588,131972843037,0.930,5
9553,2021-05-28 14:46:00.0000000,240.95000,240.99001,240.89000,240.89000,2422,131989275978,0.930,5
9554,2021-05-28 14:47:00.0000000,240.98000,241.00000,240.92000,240.95000,2774,132005708920,0.930,5
9555,2021-05-28 14:48:00.0000000,240.92999,240.99001,240.92000,240.97000,3442,131978317898,0.930,5
9556,2021-05-28 14:49:00.0000000,240.89999,240.96001,240.89000,240.94000,2652,131961884957,0.930,5
9557,2021-05-28 14:50:00.0000000,240.81000,240.84000,240.80000,240.83000,1938,131912586133,0.930,5
9558,2021-05-28 14:51:00.0000000,240.84460,240.88000,240.77000,240.84000,12586,131931543361,0.930,5
9559,2021-05-28 14:52:00.0000000,240.87000,240.91000,240.77000,240.81000,9205,131945452015,0.930,5
9560,2021-05-28 14:53:00.0000000,240.87000,240.94000,240.86501,240.89999,5006,131945452015,0.930,5
9561,2021-05-28 14:54:00.0000000,240.89999,240.91000,240.85001,240.86000,4517,131961884957,0.930,5
9562,2021-05-28 14:55:00.0000000,241.06000,241.07001,240.89999,240.89999,3101,132049532883,0.930,5
9563,2021-05-28 14:56:00.0000000,241.24001,241.24001,241.12000,241.12000,5966,132148138889,0.930,5
9564,2021-05-28 14:57:00.0000000,241.02000,241.25000,241.00000,241.25000,13260,132027625080,0.930,5
9565,2021-05-28 14:58:00.0000000,241.03000,241.10001,241.00000,241.07001,7605,132033099941,0.930,5
9566,2021-05-28 14:59:00.0000000,241.03999,241.05000,240.99001,241.00999,4035,132038574802,0.930,5
9567,2021-05-28 15:00:00.0000000,241.13000,241.14999,241.03999,241.03999,7134,132087881985,0.930,5
9568,2021-05-28 09:30:00.0000000,240.89999,240.98000,238.99500,239.22000,1375411,223073394348,1.090,6
9569,2021-05-28 09:31:00.0000000,241.49001,241.82001,240.58000,240.73000,363343,223619745087,1.090,6
9570,2021-05-28 09:32:00.0000000,242.59000,242.88000,240.82001,241.49500,368067,224638336609,1.090,6
9571,2021-05-28 09:33:00.0000000,241.82001,243.50000,241.52000,242.66000,259513,223925326782,1.090,6
9572,2021-05-28 09:34:00.0000000,239.60001,241.92999,239.60001,241.92999,174087,221869605652,1.090,6
9573,2021-05-28 09:35:00.0000000,238.03000,239.84000,238.03000,239.65500,273446,220415778870,1.090,6
9574,2021-05-28 09:36:00.0000000,239.07001,239.14000,237.83000,238.09000,215731,221378826782,1.090,6
9575,2021-05-28 09:37:00.0000000,240.39999,240.46001,239.07001,239.18990,181912,222610394348,1.090,6
9576,2021-05-28 09:38:00.0000000,240.03000,240.66000,239.72000,240.42000,110629,222267778870,1.090,6
9577,2021-05-28 09:39:00.0000000,238.78999,239.03000,238.34010,239.03000,149812,221119533783,1.090,6
9578,2021-05-28 09:40:00.0000000,240.27000,240.42500,238.60001,238.78999,182141,222490023956,1.090,6
9579,2021-05-28 09:41:00.0000000,240.98000,241.25000,240.22000,240.39000,277972,223147476044,1.090,6
9580,2021-05-28 09:42:00.0000000,240.64670,241.39999,240.45000,241.03860,103164,222838842346,1.090,6
9581,2021-05-28 09:43:00.0000000,240.82001,241.39999,240.50999,240.58000,107111,222999326782,1.090,6
9582,2021-05-28 09:44:00.0000000,240.42000,240.87500,240.17500,240.87500,68246,222628918304,1.090,6
9583,2021-05-28 09:45:00.0000000,239.60001,240.39500,239.00000,240.39500,89325,221869605652,1.090,6
9584,2021-05-28 09:46:00.0000000,240.08000,240.29500,239.53999,239.59801,93229,222314081696,1.090,6
9585,2021-05-28 09:47:00.0000000,240.93500,240.96001,240.12000,240.12500,163570,223105807739,1.090,6
9586,2021-05-28 09:48:00.0000000,241.32001,241.47990,240.93590,240.96001,175672,223462326782,1.090,6
9587,2021-05-28 09:49:00.0000000,241.08000,241.75000,240.85001,241.33501,145118,223240081696,1.090,6
9588,2021-05-28 09:50:00.0000000,240.28999,241.16499,240.12000,241.00000,94412,222508533783,1.090,6
9589,2021-05-28 09:51:00.0000000,240.97501,240.97501,240.17999,240.30280,112937,223142855652,1.090,6
9590,2021-05-28 09:52:00.0000000,240.89000,241.22000,240.72000,240.99001,115156,223064139435,1.090,6
9591,2021-05-28 09:53:00.0000000,241.19000,241.33000,240.66000,240.89999,90784,223341942261,1.090,6
9592,2021-05-28 09:54:00.0000000,241.78000,241.89999,241.16000,241.16000,158505,223888278870,1.090,6
9593,2021-05-28 09:55:00.0000000,241.62500,242.13000,241.50000,241.80000,144726,223744750000,1.090,6
9594,2021-05-28 09:56:00.0000000,241.94000,242.25000,241.50011,241.61880,117532,224036442261,1.090,6
9595,2021-05-28 09:57:00.0000000,241.87000,242.39270,241.78000,241.91499,99760,223971615479,1.090,6
9596,2021-05-28 09:58:00.0000000,241.74001,242.13181,241.69000,241.89000,65276,223851245087,1.090,6
9597,2021-05-28 09:59:00.0000000,241.42500,241.77000,241.35001,241.75999,64982,223559552826,1.090,6
9598,2021-05-28 10:00:00.0000000,241.95000,242.06000,241.39000,241.42999,71431,224045697174,1.090,6
9599,2021-05-28 10:01:00.0000000,241.23000,241.96640,241.16000,241.91000,80950,223378976044,1.090,6
9600,2021-05-28 10:02:00.0000000,240.71001,241.21001,240.58000,241.21001,77090,222897466217,1.090,6
9601,2021-05-28 10:03:00.0000000,240.66499,240.87000,240.58000,240.70000,85740,222855783783,1.090,6
9602,2021-05-28 10:04:00.0000000,240.26060,240.71001,240.06000,240.66499,87208,222481320099,1.090,6
9603,2021-05-28 10:05:00.0000000,240.00000,240.35001,239.89999,240.28500,76715,222240000000,1.090,6
9604,2021-05-28 10:06:00.0000000,240.56010,240.80000,239.92000,239.96001,82294,222758656647,1.090,6
9605,2021-05-28 10:07:00.0000000,240.72000,240.78999,240.39999,240.60500,53471,222906721130,1.090,6
9606,2021-05-28 10:08:00.0000000,240.74500,241.13060,240.72000,240.73000,113214,222929865479,1.090,6
9607,2021-05-28 10:09:00.0000000,240.16000,240.92000,240.12000,240.67000,43378,222388163391,1.090,6
9608,2021-05-28 10:10:00.0000000,240.29970,240.45000,240.13000,240.15500,47179,222517520233,1.090,6
9609,2021-05-28 10:11:00.0000000,240.56000,240.56000,240.08501,240.25500,49360,222758557739,1.090,6
9610,2021-05-28 10:12:00.0000000,241.05499,241.34830,240.49001,240.52499,86721,223216923218,1.090,6
9611,2021-05-28 10:13:00.0000000,241.55000,241.70000,241.03000,241.07001,61498,223675302826,1.090,6
9612,2021-05-28 10:14:00.0000000,241.25011,241.58940,241.22000,241.55000,68235,223397598907,1.090,6
9613,2021-05-28 10:15:00.0000000,241.75000,241.78999,241.34000,241.35500,74449,223860500000,1.090,6
9614,2021-05-28 10:16:00.0000000,241.20000,241.83900,241.14000,241.75000,71810,223351197174,1.090,6
9615,2021-05-28 10:17:00.0000000,241.12500,241.37000,241.06000,241.24910,41468,223281750000,1.090,6
9616,2021-05-28 10:18:00.0000000,241.31000,241.57001,241.12500,241.12500,48133,223453057739,1.090,6
9617,2021-05-28 10:19:00.0000000,240.99001,241.45000,240.86000,241.31000,50040,223156745087,1.090,6
9618,2021-05-28 10:20:00.0000000,240.76500,241.10170,240.70160,241.03500,28583,222948389435,1.090,6
9619,2021-05-28 10:21:00.0000000,240.65849,240.87500,240.50999,240.76500,23220,222849764557,1.090,6
9620,2021-05-28 10:22:00.0000000,240.46001,240.70000,240.41000,240.64500,28657,222665966217,1.090,6
9621,2021-05-28 10:23:00.0000000,240.69000,240.74001,240.38300,240.42000,30803,222878942261,1.090,6
9622,2021-05-28 10:24:00.0000000,240.29500,240.89680,240.28000,240.69000,34637,222513168304,1.090,6
9623,2021-05-28 10:25:00.0000000,239.87000,240.39999,239.74001,240.26100,65770,222119615479,1.090,6
9624,2021-05-28 10:26:00.0000000,239.35500,239.87000,239.35500,239.87000,53038,221642726044,1.090,6
9625,2021-05-28 10:27:00.0000000,239.05499,239.45000,238.99001,239.35500,70224,221364923218,1.090,6
9626,2021-05-28 10:28:00.0000000,239.00000,239.13000,238.91550,239.03000,83698,221314000000,1.090,6
9627,2021-05-28 10:29:00.0000000,238.73000,239.00999,238.64000,238.96001,45186,221063976044,1.090,6
9628,2021-05-28 10:30:00.0000000,239.02000,239.05299,238.68500,238.68500,64814,221332523956,1.090,6
9629,2021-05-28 10:31:00.0000000,239.31000,239.41000,239.00000,239.02000,60791,221601057739,1.090,6
9630,2021-05-28 10:32:00.0000000,238.51500,239.34000,238.38000,239.31000,92913,220864889435,1.090,6
9631,2021-05-28 10:33:00.0000000,238.25999,238.65990,238.16051,238.51500,50369,220628754913,1.090,6
9632,2021-05-28 10:34:00.0000000,238.96500,239.02000,238.26500,238.30000,57096,221281586609,1.090,6
9633,2021-05-28 10:35:00.0000000,239.33990,239.50999,238.91000,238.94000,66713,221628751831,1.090,6
9634,2021-05-28 10:36:00.0000000,239.79550,239.79550,239.16000,239.34000,48139,222050634583,1.090,6
9635,2021-05-28 10:37:00.0000000,240.20000,240.22000,239.82001,239.82001,87317,222425197174,1.090,6
9636,2021-05-28 10:38:00.0000000,239.96010,240.38000,239.95000,240.20000,51257,222203050995,1.090,6
9637,2021-05-28 10:39:00.0000000,239.76990,240.13000,239.70000,240.05000,46776,222026925049,1.090,6
9638,2021-05-28 10:40:00.0000000,239.25000,239.75000,239.20100,239.70000,34999,221545500000,1.090,6
9639,2021-05-28 10:41:00.0000000,239.59000,239.64000,239.14999,239.25000,50762,221860336609,1.090,6
9640,2021-05-28 10:42:00.0000000,240.00000,240.28000,239.57001,239.60500,47806,222240000000,1.090,6
9641,2021-05-28 10:43:00.0000000,239.45000,240.00000,239.43730,239.99001,30977,221730697174,1.090,6
9642,2021-05-28 10:44:00.0000000,239.13870,239.71001,239.13870,239.48000,21648,221442438416,1.090,6
9643,2021-05-28 10:45:00.0000000,239.53500,239.58000,239.07001,239.19000,20490,221809413391,1.090,6
9644,2021-05-28 10:46:00.0000000,239.22000,239.55000,239.13000,239.55000,23338,221517721130,1.090,6
9645,2021-05-28 10:47:00.0000000,239.41000,239.53999,239.17000,239.22000,24698,221693663391,1.090,6
9646,2021-05-28 10:48:00.0000000,239.63000,239.75000,239.42999,239.45000,27441,221897384521,1.090,6
9647,2021-05-28 10:49:00.0000000,239.80000,239.82990,239.60001,239.63840,31499,222054802826,1.090,6
9648,2021-05-28 10:50:00.0000000,239.55000,239.97000,239.55000,239.81000,48148,221823302826,1.090,6
9649,2021-05-28 10:51:00.0000000,239.28000,239.63000,239.20000,239.59000,37388,221573278870,1.090,6
9650,2021-05-28 10:52:00.0000000,239.31000,239.42999,239.16260,239.32001,33216,221601057739,1.090,6
9651,2021-05-28 10:53:00.0000000,239.27000,239.39999,239.17000,239.25999,30994,221564023956,1.090,6
9652,2021-05-28 10:54:00.0000000,239.22501,239.28999,239.12000,239.28999,27463,221522355652,1.090,6
9653,2021-05-28 10:55:00.0000000,238.86000,239.28000,238.84000,239.25000,26552,221184360565,1.090,6
9654,2021-05-28 10:56:00.0000000,238.87550,239.02499,238.77000,238.78999,30766,221198716278,1.090,6
9655,2021-05-28 10:57:00.0000000,238.58000,238.93500,238.53999,238.89481,22308,220925081696,1.090,6
9656,2021-05-28 10:58:00.0000000,238.44000,238.61000,238.38000,238.57001,49635,220795442261,1.090,6
9657,2021-05-28 10:59:00.0000000,238.79370,238.87900,238.42999,238.42999,43245,221122967285,1.090,6
9658,2021-05-28 11:00:00.0000000,239.19000,239.25000,238.78999,238.86000,37260,221489942261,1.090,6
9659,2021-05-28 11:01:00.0000000,239.23000,239.38879,239.14999,239.14999,20424,221526976044,1.090,6
9660,2021-05-28 11:02:00.0000000,239.09000,239.28999,238.75999,239.22000,63083,221397336609,1.090,6
9661,2021-05-28 11:03:00.0000000,238.62869,239.05000,238.61000,239.05000,32052,220970169373,1.090,6
9662,2021-05-28 11:04:00.0000000,238.80499,239.00000,238.61000,238.61000,22006,221133423218,1.090,6
9663,2021-05-28 11:05:00.0000000,238.78999,238.89999,238.73000,238.83000,20385,221119533783,1.090,6
9664,2021-05-28 11:06:00.0000000,239.20000,239.20000,238.83000,238.83000,27071,221499197174,1.090,6
9665,2021-05-28 11:07:00.0000000,239.22990,239.27000,239.14909,239.23000,13784,221526891266,1.090,6
9666,2021-05-28 11:08:00.0000000,239.19000,239.28999,239.00000,239.22000,67452,221489942261,1.090,6
9667,2021-05-28 11:09:00.0000000,239.56000,239.57001,239.16000,239.19000,39306,221832557739,1.090,6
9668,2021-05-28 11:10:00.0000000,239.61000,239.70000,239.50999,239.56000,48479,221878860565,1.090,6
9669,2021-05-28 11:11:00.0000000,239.78999,239.82001,239.56010,239.60060,30444,222045533783,1.090,6
9670,2021-05-28 11:12:00.0000000,239.92999,240.07001,239.75000,239.85001,46847,222175173218,1.090,6
9671,2021-05-28 11:13:00.0000000,239.86501,240.03000,239.72000,239.96001,29068,222114995087,1.090,6
9672,2021-05-28 11:14:00.0000000,239.75999,239.94000,239.70000,239.86000,32649,222017754913,1.090,6
9673,2021-05-28 11:15:00.0000000,239.75500,239.87000,239.61000,239.75500,16806,222013134521,1.090,6
9674,2021-05-28 11:16:00.0000000,239.57001,239.75771,239.54010,239.75771,18363,221841826782,1.090,6
9675,2021-05-28 11:17:00.0000000,239.61000,239.66991,239.49001,239.53000,14322,221878860565,1.090,6
9676,2021-05-28 11:18:00.0000000,239.67999,239.75000,239.62000,239.62000,16154,221943673218,1.090,6
9677,2021-05-28 11:19:00.0000000,239.61000,239.69000,239.59000,239.69000,11520,221878860565,1.090,6
9678,2021-05-28 11:20:00.0000000,239.58000,239.64000,239.41870,239.61760,32432,221851081696,1.090,6
9679,2021-05-28 11:21:00.0000000,239.82001,239.94000,239.57001,239.58000,36737,222073326782,1.090,6
9680,2021-05-28 11:22:00.0000000,239.75999,239.86000,239.70000,239.86000,15624,222017754913,1.090,6
9681,2021-05-28 11:23:00.0000000,239.69501,239.78999,239.58000,239.74190,16500,221957576782,1.090,6
9682,2021-05-28 11:24:00.0000000,239.73000,239.77000,239.64999,239.71700,24938,221989976044,1.090,6
9683,2021-05-28 11:25:00.0000000,239.64999,239.75661,239.50011,239.74001,13696,221915894348,1.090,6
9684,2021-05-28 11:26:00.0000000,239.82001,239.88499,239.60001,239.63000,18647,222073326782,1.090,6
9685,2021-05-28 11:27:00.0000000,239.96001,240.00999,239.78999,239.84000,37859,222202966217,1.090,6
9686,2021-05-28 11:28:00.0000000,239.56000,239.99200,239.56000,239.98000,29853,221832557739,1.090,6
9687,2021-05-28 11:29:00.0000000,239.60001,239.83000,239.57500,239.57500,17081,221869605652,1.090,6
9688,2021-05-28 11:30:00.0000000,239.78999,239.81900,239.55350,239.60001,15053,222045533783,1.090,6
9689,2021-05-28 11:31:00.0000000,239.75500,239.96989,239.73000,239.78999,19680,222013134521,1.090,6
9690,2021-05-28 11:32:00.0000000,239.71001,239.86000,239.70000,239.75000,15067,221971466217,1.090,6
9691,2021-05-28 11:33:00.0000000,239.61000,239.78999,239.53999,239.74001,21829,221878860565,1.090,6
9692,2021-05-28 11:34:00.0000000,239.52350,239.68500,239.52350,239.61000,13668,221798759644,1.090,6
9693,2021-05-28 11:35:00.0000000,239.60001,239.67999,239.46091,239.54500,18138,221869605652,1.090,6
9694,2021-05-28 11:36:00.0000000,239.61000,239.69501,239.50999,239.61501,9505,221878860565,1.090,6
9695,2021-05-28 11:37:00.0000000,239.67500,239.78990,239.61000,239.64000,17281,221939052826,1.090,6
9696,2021-05-28 11:38:00.0000000,239.67090,239.74001,239.64999,239.65010,15992,221935251953,1.090,6
9697,2021-05-28 11:39:00.0000000,239.67000,239.70000,239.56689,239.64000,11186,221934418304,1.090,6
9698,2021-05-28 11:40:00.0000000,239.86000,239.87000,239.56010,239.68990,16608,222110360565,1.090,6
9699,2021-05-28 11:41:00.0000000,239.96001,240.00000,239.86000,239.88000,16751,222202966217,1.090,6
9700,2021-05-28 11:42:00.0000000,239.94000,239.99001,239.75999,239.97000,21968,222184442261,1.090,6
9701,2021-05-28 11:43:00.0000000,239.89000,240.05000,239.89000,239.96001,22719,222138139435,1.090,6
9702,2021-05-28 11:44:00.0000000,240.01500,240.03000,239.91499,239.92000,12704,222253889435,1.090,6
9703,2021-05-28 11:45:00.0000000,239.99001,240.03000,239.92000,240.00000,13640,222230745087,1.090,6
9704,2021-05-28 11:46:00.0000000,239.84500,239.96001,239.80000,239.92999,26380,222096471130,1.090,6
9705,2021-05-28 11:47:00.0000000,239.59000,239.87500,239.55890,239.83000,21037,221860336609,1.090,6
9706,2021-05-28 11:48:00.0000000,239.55000,239.64999,239.50999,239.60001,13283,221823302826,1.090,6
9707,2021-05-28 11:49:00.0000000,239.51500,239.57001,239.39999,239.57001,16753,221790889435,1.090,6
9708,2021-05-28 11:50:00.0000000,239.54500,239.54500,239.39999,239.50000,23482,221818668304,1.090,6
9709,2021-05-28 11:51:00.0000000,239.63989,239.68500,239.52000,239.56000,13584,221906540527,1.090,6
9710,2021-05-28 11:52:00.0000000,239.45911,239.64000,239.44000,239.63000,18972,221739132568,1.090,6
9711,2021-05-28 11:53:00.0000000,239.14000,239.46001,239.13000,239.46001,32101,221443639435,1.090,6
9712,2021-05-28 11:54:00.0000000,238.95129,239.24001,238.89999,239.14999,46448,221268898193,1.090,6
9713,2021-05-28 11:55:00.0000000,239.31000,239.31000,238.94000,238.94000,32869,221601057739,1.090,6
9714,2021-05-28 11:56:00.0000000,239.34000,239.50000,239.28000,239.28000,25783,221628836609,1.090,6
9715,2021-05-28 11:57:00.0000000,239.42000,239.48000,239.34000,239.36000,14946,221702918304,1.090,6
9716,2021-05-28 11:58:00.0000000,239.36000,239.42500,239.31000,239.39000,17420,221647360565,1.090,6
9717,2021-05-28 11:59:00.0000000,239.42999,239.50999,239.36000,239.39999,19238,221712173218,1.090,6
9718,2021-05-28 12:00:00.0000000,239.62000,239.67000,239.41000,239.48990,15321,221888115479,1.090,6
9719,2021-05-28 12:01:00.0000000,239.62930,239.71001,239.57001,239.62000,12245,221896734558,1.090,6
9720,2021-05-28 12:02:00.0000000,239.39999,239.62000,239.39999,239.62000,13221,221684394348,1.090,6
9721,2021-05-28 12:03:00.0000000,239.52000,239.53999,239.35001,239.39000,15912,221795523956,1.090,6
9722,2021-05-28 12:04:00.0000000,239.44501,239.55000,239.44000,239.54500,13668,221726076782,1.090,6
9723,2021-05-28 12:05:00.0000000,239.23000,239.48000,239.23000,239.46001,30574,221526976044,1.090,6
9724,2021-05-28 12:06:00.0000000,239.21001,239.33501,239.21001,239.27000,21152,221508466217,1.090,6
9725,2021-05-28 12:07:00.0000000,239.06500,239.31000,239.03000,239.25999,28420,221374192261,1.090,6
9726,2021-05-28 12:08:00.0000000,238.95000,239.19000,238.91010,239.03999,24064,221267697174,1.090,6
9727,2021-05-28 12:09:00.0000000,238.96001,239.05020,238.94009,238.95000,19398,221276966217,1.090,6
9728,2021-05-28 12:10:00.0000000,238.88000,238.97000,238.84000,238.94501,23951,221202884521,1.090,6
9729,2021-05-28 12:11:00.0000000,239.07500,239.07500,238.87801,238.89000,18806,221383447174,1.090,6
9730,2021-05-28 12:12:00.0000000,239.23000,239.23000,239.07001,239.07500,24411,221526976044,1.090,6
9731,2021-05-28 12:13:00.0000000,239.23000,239.31000,239.19501,239.21001,14116,221526976044,1.090,6
9732,2021-05-28 12:14:00.0000000,239.19000,239.25000,239.08000,239.21001,12437,221489942261,1.090,6
9733,2021-05-28 12:15:00.0000000,239.46001,239.49001,239.17999,239.21001,12412,221739966217,1.090,6
9734,2021-05-28 12:16:00.0000000,239.52000,239.60001,239.44000,239.46001,20270,221795523956,1.090,6
9735,2021-05-28 12:17:00.0000000,239.49120,239.58000,239.49120,239.55000,12475,221768847198,1.090,6
9736,2021-05-28 12:18:00.0000000,239.55499,239.60001,239.46001,239.50000,16794,221827923218,1.090,6
9737,2021-05-28 12:19:00.0000000,239.55000,239.67000,239.53000,239.53000,15889,221823302826,1.090,6
9738,2021-05-28 12:20:00.0000000,239.53999,239.61000,239.50000,239.53999,12147,221814033783,1.090,6
9739,2021-05-28 12:21:00.0000000,239.41000,239.53000,239.36000,239.53000,9885,221693663391,1.090,6
9740,2021-05-28 12:22:00.0000000,239.39000,239.41000,239.29671,239.38000,12109,221675139435,1.090,6
9741,2021-05-28 12:23:00.0000000,239.28999,239.42000,239.28999,239.42000,5014,221582533783,1.090,6
9742,2021-05-28 12:24:00.0000000,239.37000,239.37000,239.31000,239.32001,6157,221656615479,1.090,6
9743,2021-05-28 12:25:00.0000000,239.37000,239.39999,239.28999,239.32001,7008,221656615479,1.090,6
9744,2021-05-28 12:26:00.0000000,239.38000,239.45621,239.37000,239.37000,9000,221665884521,1.090,6
9745,2021-05-28 12:27:00.0000000,239.43500,239.46001,239.36000,239.41000,7002,221716807739,1.090,6
9746,2021-05-28 12:28:00.0000000,239.42999,239.50000,239.39999,239.41010,8276,221712173218,1.090,6
9747,2021-05-28 12:29:00.0000000,239.45500,239.48000,239.38570,239.47960,8425,221735331696,1.090,6
9748,2021-05-28 12:30:00.0000000,239.52499,239.57590,239.44000,239.44000,17293,221800144348,1.090,6
9749,2021-05-28 12:31:00.0000000,239.50999,239.56990,239.49001,239.55000,8541,221786254913,1.090,6
9750,2021-05-28 12:32:00.0000000,239.56500,239.56500,239.42999,239.49500,40199,221837192261,1.090,6
9751,2021-05-28 12:33:00.0000000,239.53000,239.64000,239.50999,239.60001,565691,221804778870,1.090,6
9752,2021-05-28 12:34:00.0000000,239.53000,239.60001,239.52499,239.53000,8086,221804778870,1.090,6
9753,2021-05-28 12:35:00.0000000,239.51500,239.57001,239.47000,239.53500,19091,221790889435,1.090,6
9754,2021-05-28 12:36:00.0000000,239.70000,239.75000,239.53000,239.53000,19416,221962197174,1.090,6
9755,2021-05-28 12:37:00.0000000,239.69000,239.77000,239.63499,239.66000,307512,221952942261,1.090,6
9756,2021-05-28 12:38:00.0000000,239.87000,239.95000,239.70000,239.75000,19097,222119615479,1.090,6
9757,2021-05-28 12:39:00.0000000,239.89000,239.91000,239.82001,239.87500,12231,222138139435,1.090,6
9758,2021-05-28 12:40:00.0000000,239.58000,239.87000,239.52000,239.87000,28229,221851081696,1.090,6
9759,2021-05-28 12:41:00.0000000,239.78000,239.78000,239.62000,239.62000,10078,222036278870,1.090,6
9760,2021-05-28 12:42:00.0000000,239.67999,239.84000,239.67999,239.80000,4538,221943673218,1.090,6
9761,2021-05-28 12:43:00.0000000,239.70000,239.75999,239.64000,239.67999,94297,221962197174,1.090,6
9762,2021-05-28 12:44:00.0000000,239.83000,239.83000,239.67000,239.67200,28912,222082581696,1.090,6
9763,2021-05-28 12:45:00.0000000,239.82001,239.91000,239.77000,239.86000,11734,222073326782,1.090,6
9764,2021-05-28 12:46:00.0000000,239.86000,239.89999,239.81000,239.82001,563483,222110360565,1.090,6
9765,2021-05-28 12:47:00.0000000,239.92000,239.92999,239.82001,239.85500,9919,222165918304,1.090,6
9766,2021-05-28 12:48:00.0000000,239.81500,239.99001,239.75999,239.95000,16840,222068692261,1.090,6
9767,2021-05-28 12:49:00.0000000,239.80000,239.80000,239.67011,239.75999,22725,222054802826,1.090,6
9768,2021-05-28 12:50:00.0000000,239.88000,239.92000,239.80000,239.80000,8632,222128884521,1.090,6
9769,2021-05-28 12:51:00.0000000,239.92000,239.96001,239.85001,239.92000,9328,222165918304,1.090,6
9770,2021-05-28 12:52:00.0000000,239.93500,240.03999,239.89999,239.92999,29721,222179807739,1.090,6
9771,2021-05-28 12:53:00.0000000,239.98000,240.01500,239.89999,239.92999,23140,222221476044,1.090,6
9772,2021-05-28 12:54:00.0000000,240.07001,240.09540,239.95810,239.97501,21128,222304826782,1.090,6
9773,2021-05-28 12:55:00.0000000,240.21001,240.44000,240.06000,240.06000,27283,222434466217,1.090,6
9774,2021-05-28 12:56:00.0000000,240.17999,240.37000,240.13499,240.21500,11975,222406673218,1.090,6
9775,2021-05-28 12:57:00.0000000,240.31830,240.36000,240.19150,240.21001,16740,222534744263,1.090,6
9776,2021-05-28 12:58:00.0000000,240.27000,240.34000,240.22729,240.34000,12604,222490023956,1.090,6
9777,2021-05-28 12:59:00.0000000,240.23000,240.32001,240.22000,240.25000,31748,222452976044,1.090,6
9778,2021-05-28 13:00:00.0000000,240.27000,240.31000,240.23000,240.23000,7770,222490023956,1.090,6
9779,2021-05-28 13:01:00.0000000,240.25999,240.33141,240.24001,240.25000,15007,222480754913,1.090,6
9780,2021-05-28 13:02:00.0000000,240.39999,240.42999,240.23000,240.27000,22174,222610394348,1.090,6
9781,2021-05-28 13:03:00.0000000,240.41000,240.50000,240.38000,240.42999,18642,222619663391,1.090,6
9782,2021-05-28 13:04:00.0000000,240.37000,240.48000,240.36501,240.41000,7787,222582615479,1.090,6
9783,2021-05-28 13:05:00.0000000,240.25000,240.37000,240.23000,240.34500,17178,222471500000,1.090,6
9784,2021-05-28 13:06:00.0000000,240.30930,240.33000,240.17011,240.23500,19809,222526407776,1.090,6
9785,2021-05-28 13:07:00.0000000,240.39000,240.42999,240.30000,240.30000,9182,222601139435,1.090,6
9786,2021-05-28 13:08:00.0000000,240.46010,240.50000,240.38000,240.39000,13469,222666050995,1.090,6
9787,2021-05-28 13:09:00.0000000,240.52000,240.55000,240.45000,240.46001,15365,222721523956,1.090,6
9788,2021-05-28 13:10:00.0000000,240.56000,240.59500,240.51970,240.56000,6622,222758557739,1.090,6
9789,2021-05-28 13:11:00.0000000,240.51170,240.53900,240.50000,240.52499,21298,222713837433,1.090,6
9790,2021-05-28 13:12:00.0000000,240.39000,240.55000,240.38000,240.50000,15220,222601139435,1.090,6
9791,2021-05-28 13:13:00.0000000,240.15010,240.39999,240.14999,240.39999,17283,222378993256,1.090,6
9792,2021-05-28 13:14:00.0000000,240.06030,240.18500,239.91000,240.17999,33528,222295840332,1.090,6
9793,2021-05-28 13:15:00.0000000,239.94000,240.11000,239.94000,240.03000,12088,222184442261,1.090,6
9794,2021-05-28 13:16:00.0000000,239.64500,239.95770,239.59030,239.95770,27731,221911273956,1.090,6
9795,2021-05-28 13:17:00.0000000,239.75000,239.82990,239.62000,239.64500,26158,222008500000,1.090,6
9796,2021-05-28 13:18:00.0000000,239.75999,239.82001,239.72000,239.72900,8070,222017754913,1.090,6
9797,2021-05-28 13:19:00.0000000,239.75500,239.78999,239.59000,239.72881,16856,222013134521,1.090,6
9798,2021-05-28 13:20:00.0000000,239.71001,239.82001,239.67000,239.78999,18790,221971466217,1.090,6
9799,2021-05-28 13:21:00.0000000,239.61000,239.69000,239.50000,239.69000,19021,221878860565,1.090,6
9800,2021-05-28 13:22:00.0000000,239.52000,239.69000,239.50999,239.61000,12034,221795523956,1.090,6
9801,2021-05-28 13:23:00.0000000,239.53999,239.57001,239.50000,239.53999,12623,221814033783,1.090,6
9802,2021-05-28 13:24:00.0000000,239.52000,239.56000,239.50000,239.53999,15273,221795523956,1.090,6
9803,2021-05-28 13:25:00.0000000,239.50000,239.59000,239.42999,239.52000,20740,221777000000,1.090,6
9804,2021-05-28 13:26:00.0000000,239.56000,239.60001,239.45000,239.48000,11145,221832557739,1.090,6
9805,2021-05-28 13:27:00.0000000,239.59500,239.66000,239.56000,239.57001,9269,221864971130,1.090,6
9806,2021-05-28 13:28:00.0000000,239.57500,239.67000,239.55000,239.60001,26918,221846447174,1.090,6
9807,2021-05-28 13:29:00.0000000,239.46001,239.57001,239.45000,239.54500,13828,221739966217,1.090,6
9808,2021-05-28 13:30:00.0000000,239.63499,239.64500,239.33000,239.48000,21567,221902004913,1.090,6
9809,2021-05-28 13:31:00.0000000,239.57001,239.64410,239.54500,239.62140,7151,221841826782,1.090,6
9810,2021-05-28 13:32:00.0000000,239.67000,239.67000,239.56000,239.57001,18616,221934418304,1.090,6
9811,2021-05-28 13:33:00.0000000,239.71500,239.77000,239.62860,239.66901,14170,221976086609,1.090,6
9812,2021-05-28 13:34:00.0000000,239.89999,239.91000,239.75000,239.75000,10930,222147394348,1.090,6
9813,2021-05-28 13:35:00.0000000,239.73000,239.86000,239.71001,239.86000,15216,221989976044,1.090,6
9814,2021-05-28 13:36:00.0000000,239.49001,239.72000,239.46001,239.72000,30530,221767745087,1.090,6
9815,2021-05-28 13:37:00.0000000,239.46001,239.59000,239.46001,239.49001,9149,221739966217,1.090,6
9816,2021-05-28 13:38:00.0000000,239.63950,239.64000,239.45000,239.49001,10417,221906173157,1.090,6
9817,2021-05-28 13:39:00.0000000,239.48000,239.63000,239.48000,239.58000,11921,221758476044,1.090,6
9818,2021-05-28 13:40:00.0000000,239.53999,239.57001,239.48500,239.50999,12402,221814033783,1.090,6
9819,2021-05-28 13:41:00.0000000,239.52000,239.53000,239.46001,239.50999,13174,221795523956,1.090,6
9820,2021-05-28 13:42:00.0000000,239.47000,239.52000,239.45000,239.50000,17043,221749221130,1.090,6
9821,2021-05-28 13:43:00.0000000,239.49001,239.50000,239.43190,239.49001,14169,221767745087,1.090,6
9822,2021-05-28 13:44:00.0000000,239.42999,239.50000,239.39999,239.50000,10558,221712173218,1.090,6
9823,2021-05-28 13:45:00.0000000,239.28000,239.47000,239.26961,239.45000,18217,221573278870,1.090,6
9824,2021-05-28 13:46:00.0000000,239.19000,239.28000,239.12000,239.26100,18596,221489942261,1.090,6
9825,2021-05-28 13:47:00.0000000,239.28000,239.33501,239.21001,239.22000,12936,221573278870,1.090,6
9826,2021-05-28 13:48:00.0000000,239.37000,239.42000,239.20500,239.25000,15483,221656615479,1.090,6
9827,2021-05-28 13:49:00.0000000,239.39500,239.48000,239.38000,239.39999,21117,221679773956,1.090,6
9828,2021-05-28 13:50:00.0000000,239.25270,239.42000,239.25270,239.39500,13575,221548000946,1.090,6
9829,2021-05-28 13:51:00.0000000,239.19000,239.27000,239.16000,239.25999,11598,221489942261,1.090,6
9830,2021-05-28 13:52:00.0000000,239.21001,239.25999,239.14000,239.14999,26002,221508466217,1.090,6
9831,2021-05-28 13:53:00.0000000,239.31441,239.32001,239.22301,239.22301,19961,221605141205,1.090,6
9832,2021-05-28 13:54:00.0000000,239.51500,239.51500,239.31500,239.31500,15641,221790889435,1.090,6
9833,2021-05-28 13:55:00.0000000,239.48000,239.53000,239.44000,239.50999,6938,221758476044,1.090,6
9834,2021-05-28 13:56:00.0000000,239.45000,239.50819,239.42000,239.49500,6253,221730697174,1.090,6
9835,2021-05-28 13:57:00.0000000,239.39951,239.49500,239.39951,239.46001,11291,221683942200,1.090,6
9836,2021-05-28 13:58:00.0000000,239.09801,239.39000,239.07980,239.39000,14889,221404754669,1.090,6
9837,2021-05-28 13:59:00.0000000,239.11000,239.13989,239.05000,239.07010,14623,221415860565,1.090,6
9838,2021-05-28 14:00:00.0000000,239.16499,239.23000,239.09500,239.13000,15979,221466783783,1.090,6
9839,2021-05-28 14:01:00.0000000,239.36000,239.38499,239.17250,239.17250,10483,221647360565,1.090,6
9840,2021-05-28 14:02:00.0000000,239.28999,239.41000,239.28000,239.38000,12073,221582533783,1.090,6
9841,2021-05-28 14:03:00.0000000,239.45000,239.47000,239.30000,239.30000,8231,221730697174,1.090,6
9842,2021-05-28 14:04:00.0000000,239.44501,239.52000,239.39999,239.45000,12414,221726076782,1.090,6
9843,2021-05-28 14:05:00.0000000,239.44740,239.50000,239.42000,239.44501,9996,221728295135,1.090,6
9844,2021-05-28 14:06:00.0000000,239.53999,239.56000,239.42000,239.44000,10371,221814033783,1.090,6
9845,2021-05-28 14:07:00.0000000,239.56500,239.59000,239.49001,239.53999,7984,221837192261,1.090,6
9846,2021-05-28 14:08:00.0000000,239.43750,239.61700,239.38000,239.57001,14591,221719125000,1.090,6
9847,2021-05-28 14:09:00.0000000,239.36000,239.47000,239.23000,239.44000,19471,221647360565,1.090,6
9848,2021-05-28 14:10:00.0000000,239.38000,239.46001,239.36000,239.36000,11609,221665884521,1.090,6
9849,2021-05-28 14:11:00.0000000,239.42000,239.42000,239.30000,239.37500,17103,221702918304,1.090,6
9850,2021-05-28 14:12:00.0000000,239.42000,239.44000,239.24001,239.41499,19271,221702918304,1.090,6
9851,2021-05-28 14:13:00.0000000,239.39500,239.46001,239.35001,239.43500,9940,221679773956,1.090,6
9852,2021-05-28 14:14:00.0000000,239.42999,239.49001,239.36000,239.36000,7713,221712173218,1.090,6
9853,2021-05-28 14:15:00.0000000,239.40500,239.50999,239.32001,239.39999,10982,221689028870,1.090,6
9854,2021-05-28 14:16:00.0000000,239.58000,239.58000,239.42000,239.42000,5970,221851081696,1.090,6
9855,2021-05-28 14:17:00.0000000,239.47000,239.60001,239.47000,239.57001,11183,221749221130,1.090,6
9856,2021-05-28 14:18:00.0000000,239.53999,239.55000,239.47000,239.47000,17503,221814033783,1.090,6
9857,2021-05-28 14:19:00.0000000,239.38000,239.53999,239.38000,239.52730,12007,221665884521,1.090,6
9858,2021-05-28 14:20:00.0000000,239.27280,239.39000,239.27280,239.31000,6560,221566609680,1.090,6
9859,2021-05-28 14:21:00.0000000,239.33000,239.33000,239.22000,239.26500,10484,221619581696,1.090,6
9860,2021-05-28 14:22:00.0000000,239.32001,239.39999,239.32001,239.36819,6830,221610326782,1.090,6
9861,2021-05-28 14:23:00.0000000,239.28000,239.33000,239.20000,239.30000,12927,221573278870,1.090,6
9862,2021-05-28 14:24:00.0000000,239.32739,239.35001,239.28000,239.31000,9996,221617165527,1.090,6
9863,2021-05-28 14:25:00.0000000,239.22000,239.42000,239.21001,239.33501,18104,221517721130,1.090,6
9864,2021-05-28 14:26:00.0000000,239.34500,239.34500,239.23500,239.24001,4984,221633471130,1.090,6
9865,2021-05-28 14:27:00.0000000,239.35001,239.38000,239.28000,239.34500,8689,221638105652,1.090,6
9866,2021-05-28 14:28:00.0000000,239.37000,239.41499,239.30000,239.30000,8909,221656615479,1.090,6
9867,2021-05-28 14:29:00.0000000,239.46899,239.47301,239.39000,239.39999,8585,221748288574,1.090,6
9868,2021-05-28 14:30:00.0000000,239.37000,239.44000,239.31000,239.40401,10467,221656615479,1.090,6
9869,2021-05-28 14:31:00.0000000,239.25000,239.36000,239.25000,239.35001,7441,221545500000,1.090,6
9870,2021-05-28 14:32:00.0000000,239.10001,239.25000,239.10001,239.24001,18054,221406605652,1.090,6
9871,2021-05-28 14:33:00.0000000,239.01500,239.14999,239.00999,239.07001,18340,221327889435,1.090,6
9872,2021-05-28 14:34:00.0000000,239.22510,239.22510,238.97000,239.01500,15851,221522440430,1.090,6
9873,2021-05-28 14:35:00.0000000,239.17000,239.22260,239.10001,239.19000,8218,221471418304,1.090,6
9874,2021-05-28 14:36:00.0000000,239.17000,239.21111,239.13000,239.19000,11046,221471418304,1.090,6
9875,2021-05-28 14:37:00.0000000,239.16000,239.17000,239.11501,239.17000,8217,221462163391,1.090,6
9876,2021-05-28 14:38:00.0000000,239.03920,239.14500,239.01010,239.14500,11792,221350299042,1.090,6
9877,2021-05-28 14:39:00.0000000,239.13000,239.14000,239.06500,239.06500,12319,221434384521,1.090,6
9878,2021-05-28 14:40:00.0000000,239.17999,239.17999,239.00999,239.11000,9612,221480673218,1.090,6
9879,2021-05-28 14:41:00.0000000,239.20000,239.28000,239.13000,239.13000,15522,221499197174,1.090,6
9880,2021-05-28 14:42:00.0000000,239.30000,239.33000,239.17999,239.20000,16044,221591802826,1.090,6
9881,2021-05-28 14:43:00.0000000,239.28999,239.37000,239.22000,239.29500,15418,221582533783,1.090,6
9882,2021-05-28 14:44:00.0000000,239.28999,239.36000,239.23000,239.30000,16574,221582533783,1.090,6
9883,2021-05-28 14:45:00.0000000,239.30499,239.35001,239.22000,239.25999,20726,221596423218,1.090,6
9884,2021-05-28 14:46:00.0000000,239.27000,239.36000,239.21001,239.34000,16752,221564023956,1.090,6
9885,2021-05-28 14:47:00.0000000,239.22000,239.42999,239.22000,239.28000,19430,221517721130,1.090,6
9886,2021-05-28 14:48:00.0000000,239.27000,239.33000,239.16000,239.22310,15086,221564023956,1.090,6
9887,2021-05-28 14:49:00.0000000,239.25999,239.32001,239.21001,239.25999,8530,221554754913,1.090,6
9888,2021-05-28 14:50:00.0000000,239.24001,239.30000,239.20000,239.30000,8046,221536245087,1.090,6
9889,2021-05-28 14:51:00.0000000,239.17999,239.28000,239.14999,239.21500,17051,221480673218,1.090,6
9890,2021-05-28 14:52:00.0000000,239.24001,239.27000,239.07001,239.14999,13126,221536245087,1.090,6
9891,2021-05-28 14:53:00.0000000,239.23000,239.32001,239.23000,239.23000,21540,221526976044,1.090,6
9892,2021-05-28 14:54:00.0000000,239.28000,239.32001,239.20000,239.23000,11811,221573278870,1.090,6
9893,2021-05-28 14:55:00.0000000,239.05499,239.28500,239.02000,239.24001,15847,221364923218,1.090,6
9894,2021-05-28 14:56:00.0000000,239.16000,239.17999,239.06000,239.06500,10877,221462163391,1.090,6
9895,2021-05-28 14:57:00.0000000,238.99500,239.14000,238.94000,239.14000,25770,221309365479,1.090,6
9896,2021-05-28 14:58:00.0000000,239.10600,239.19000,238.98000,239.02000,21226,221412158600,1.090,6
9897,2021-05-28 14:59:00.0000000,239.09000,239.14999,239.08000,239.13000,7728,221397336609,1.090,6
9898,2021-05-28 15:00:00.0000000,238.74500,239.09000,238.70000,239.09000,38794,221077865479,1.090,6
